n_hidden_layers,alpha,learning_rate_init,activation,hidden_layer_n_neurons,features,feature combo ningxiang score,Train r2,Val r2,Test r2,Train RMSE,Val RMSE,Test RMSE,Train MAPE,Val MAPE,Test MAPE,Time,random_state,max_iter,learning_rate,batch_size,Train Brownlow Metric,Val Brownlow Metric,Test Brownlow Metric
1.0,1e-08,0.0001,logistic,1.0,"['AFLCA_votes', 'Disposals', 'Contested Possessions']",0.7562403677250018,0.477514,0.502903,0.502903,0.562433,0.548398,0.548398,629618142012632.0,633518041351816.9,633518041351816.9,28.71,19260817.0,1000.0,adaptive,auto,0.506576,0.568134,0.568134
1.0,1e-08,0.0001,logistic,1.0,"['AFLCA_votes', 'Disposals', 'Contested Possessions', 'Goals', 'Centre Clearances', 'Intercepts', 'Clearances', 'Marks Inside 50', 'Hitouts', 'Handballs', 'Behinds', 'Contested Marks', 'Bounces', 'Ineffective Disposals', 'Stoppage Clearances', 'Tackles Inside 50', 'Rebound 50s', 'One Percenters', 'Goal Assists', 'Uncontested Possessions', 'Frees Agains', 'Inside 50s', 'Frees For', 'Metres Gained', 'Score Involvements', 'Behind Assists', 'Tackles Outside 50', 'Tackles', 'Clangers', 'Uncontested Marks', 'Marks Outside 50', 'Kicks', 'Turnovers', 'Marks', 'Time On Ground %', 'Effective Disposals', 'HomeAway', 'Winloss']",0.9999999999999998,0.486254,0.5111,0.5111,0.557709,0.543858,0.543858,707287491028717.4,716491007461758.8,716491007461758.8,33.65,19260817.0,1000.0,adaptive,auto,0.521542,0.567086,0.567086
1.0,1e-08,0.0001,logistic,60.0,"['AFLCA_votes', 'Disposals', 'Contested Possessions']",0.7562403677250018,0.494203,0.523009,0.523009,0.553378,0.537193,0.537193,640830232897647.8,646122219083388.5,646122219083388.5,27.83,19260817.0,1000.0,adaptive,auto,0.506576,0.568134,0.568134
1.0,1e-08,0.0001,logistic,60.0,"['AFLCA_votes', 'Disposals', 'Contested Possessions', 'Goals', 'Centre Clearances', 'Intercepts', 'Clearances', 'Marks Inside 50', 'Hitouts', 'Handballs', 'Behinds', 'Contested Marks', 'Bounces', 'Ineffective Disposals', 'Stoppage Clearances', 'Tackles Inside 50', 'Rebound 50s', 'One Percenters', 'Goal Assists', 'Uncontested Possessions', 'Frees Agains', 'Inside 50s', 'Frees For', 'Metres Gained', 'Score Involvements', 'Behind Assists', 'Tackles Outside 50', 'Tackles', 'Clangers', 'Uncontested Marks', 'Marks Outside 50', 'Kicks', 'Turnovers', 'Marks', 'Time On Ground %', 'Effective Disposals', 'HomeAway', 'Winloss']",0.9999999999999998,0.59908,0.541981,0.541981,0.492677,0.526401,0.526401,614557501595392.6,690425389576899.2,690425389576899.2,217.02,19260817.0,1000.0,adaptive,auto,0.590023,0.582809,0.582809
1.0,1e-08,0.0001,relu,1.0,"['AFLCA_votes', 'Disposals', 'Contested Possessions']",0.7562403677250018,0.497401,0.526614,0.526614,0.551625,0.535159,0.535159,628233758538102.5,633434897262957.4,633434897262957.4,17.65,19260817.0,1000.0,adaptive,auto,0.506576,0.572327,0.572327
1.0,1e-08,0.0001,relu,1.0,"['AFLCA_votes', 'Disposals', 'Contested Possessions', 'Goals', 'Centre Clearances', 'Intercepts', 'Clearances', 'Marks Inside 50', 'Hitouts', 'Handballs', 'Behinds', 'Contested Marks', 'Bounces', 'Ineffective Disposals', 'Stoppage Clearances', 'Tackles Inside 50', 'Rebound 50s', 'One Percenters', 'Goal Assists', 'Uncontested Possessions', 'Frees Agains', 'Inside 50s', 'Frees For', 'Metres Gained', 'Score Involvements', 'Behind Assists', 'Tackles Outside 50', 'Tackles', 'Clangers', 'Uncontested Marks', 'Marks Outside 50', 'Kicks', 'Turnovers', 'Marks', 'Time On Ground %', 'Effective Disposals', 'HomeAway', 'Winloss']",0.9999999999999998,0.507381,0.536347,0.536347,0.546121,0.529629,0.529629,691263397552393.6,701963842328404.9,701963842328404.9,22.01,19260817.0,1000.0,adaptive,auto,0.526304,0.563941,0.563941
1.0,1e-08,0.0001,relu,60.0,"['AFLCA_votes', 'Disposals', 'Contested Possessions']",0.7562403677250018,0.527866,0.562241,0.562241,0.534646,0.514628,0.514628,439556241893578.4,449331467675015.44,449331467675015.44,28.53,19260817.0,1000.0,adaptive,auto,0.514512,0.580713,0.580713
1.0,1e-08,0.0001,relu,60.0,"['AFLCA_votes', 'Disposals', 'Contested Possessions', 'Goals', 'Centre Clearances', 'Intercepts', 'Clearances', 'Marks Inside 50', 'Hitouts', 'Handballs', 'Behinds', 'Contested Marks', 'Bounces', 'Ineffective Disposals', 'Stoppage Clearances', 'Tackles Inside 50', 'Rebound 50s', 'One Percenters', 'Goal Assists', 'Uncontested Possessions', 'Frees Agains', 'Inside 50s', 'Frees For', 'Metres Gained', 'Score Involvements', 'Behind Assists', 'Tackles Outside 50', 'Tackles', 'Clangers', 'Uncontested Marks', 'Marks Outside 50', 'Kicks', 'Turnovers', 'Marks', 'Time On Ground %', 'Effective Disposals', 'HomeAway', 'Winloss']",0.9999999999999998,0.609578,0.543491,0.543491,0.486184,0.525533,0.525533,560922840781130.8,646648558200693.2,646648558200693.2,208.52,19260817.0,1000.0,adaptive,auto,0.577098,0.568134,0.568134
1.0,1e-08,0.1,logistic,1.0,"['AFLCA_votes', 'Disposals', 'Contested Possessions']",0.7562403677250018,0.442204,0.463497,0.463497,0.581127,0.56972,0.56972,845520392493574.9,846013803288188.4,846013803288188.4,6.32,19260817.0,1000.0,adaptive,auto,0.505215,0.557652,0.557652
1.0,1e-08,0.1,logistic,1.0,"['AFLCA_votes', 'Disposals', 'Contested Possessions', 'Goals', 'Centre Clearances', 'Intercepts', 'Clearances', 'Marks Inside 50', 'Hitouts', 'Handballs', 'Behinds', 'Contested Marks', 'Bounces', 'Ineffective Disposals', 'Stoppage Clearances', 'Tackles Inside 50', 'Rebound 50s', 'One Percenters', 'Goal Assists', 'Uncontested Possessions', 'Frees Agains', 'Inside 50s', 'Frees For', 'Metres Gained', 'Score Involvements', 'Behind Assists', 'Tackles Outside 50', 'Tackles', 'Clangers', 'Uncontested Marks', 'Marks Outside 50', 'Kicks', 'Turnovers', 'Marks', 'Time On Ground %', 'Effective Disposals', 'HomeAway', 'Winloss']",0.9999999999999998,0.354842,0.372256,0.372256,0.62498,0.616264,0.616264,1030600059442587.8,1028789592967566.4,1028789592967566.4,17.02,19260817.0,1000.0,adaptive,auto,0.481633,0.554507,0.554507
1.0,1e-08,0.1,logistic,60.0,"['AFLCA_votes', 'Disposals', 'Contested Possessions']",0.7562403677250018,0.507301,0.540183,0.540183,0.546165,0.527434,0.527434,508501249390691.8,512999775557375.2,512999775557375.2,28.31,19260817.0,1000.0,adaptive,auto,0.513379,0.573375,0.573375
1.0,1e-08,0.1,logistic,60.0,"['AFLCA_votes', 'Disposals', 'Contested Possessions', 'Goals', 'Centre Clearances', 'Intercepts', 'Clearances', 'Marks Inside 50', 'Hitouts', 'Handballs', 'Behinds', 'Contested Marks', 'Bounces', 'Ineffective Disposals', 'Stoppage Clearances', 'Tackles Inside 50', 'Rebound 50s', 'One Percenters', 'Goal Assists', 'Uncontested Possessions', 'Frees Agains', 'Inside 50s', 'Frees For', 'Metres Gained', 'Score Involvements', 'Behind Assists', 'Tackles Outside 50', 'Tackles', 'Clangers', 'Uncontested Marks', 'Marks Outside 50', 'Kicks', 'Turnovers', 'Marks', 'Time On Ground %', 'Effective Disposals', 'HomeAway', 'Winloss']",0.9999999999999998,0.524447,0.515816,0.515816,0.536578,0.541228,0.541228,477569166692007.44,519125673372989.06,519125673372989.06,79.25,19260817.0,1000.0,adaptive,auto,0.533107,0.57652,0.57652
1.0,1e-08,0.1,relu,1.0,"['AFLCA_votes', 'Disposals', 'Contested Possessions']",0.7562403677250018,0.457521,0.486808,0.486808,0.573093,0.557205,0.557205,853913614562351.2,858756359685191.9,858756359685191.9,11.74,19260817.0,1000.0,adaptive,auto,0.505669,0.551363,0.551363
1.0,1e-08,0.1,relu,1.0,"['AFLCA_votes', 'Disposals', 'Contested Possessions', 'Goals', 'Centre Clearances', 'Intercepts', 'Clearances', 'Marks Inside 50', 'Hitouts', 'Handballs', 'Behinds', 'Contested Marks', 'Bounces', 'Ineffective Disposals', 'Stoppage Clearances', 'Tackles Inside 50', 'Rebound 50s', 'One Percenters', 'Goal Assists', 'Uncontested Possessions', 'Frees Agains', 'Inside 50s', 'Frees For', 'Metres Gained', 'Score Involvements', 'Behind Assists', 'Tackles Outside 50', 'Tackles', 'Clangers', 'Uncontested Marks', 'Marks Outside 50', 'Kicks', 'Turnovers', 'Marks', 'Time On Ground %', 'Effective Disposals', 'HomeAway', 'Winloss']",0.9999999999999998,0.321329,0.342986,0.342986,0.641007,0.630467,0.630467,1313918614606755.8,1318292405327865.2,1318292405327865.2,12.78,19260817.0,1000.0,adaptive,auto,0.527211,0.551363,0.551363
1.0,1e-08,0.1,relu,60.0,"['AFLCA_votes', 'Disposals', 'Contested Possessions']",0.7562403677250018,0.489946,0.525387,0.525387,0.555701,0.535852,0.535852,580440323529864.4,595600915151553.5,595600915151553.5,21.97,19260817.0,1000.0,adaptive,auto,0.526531,0.540881,0.540881
1.0,1e-08,0.1,relu,60.0,"['AFLCA_votes', 'Disposals', 'Contested Possessions', 'Goals', 'Centre Clearances', 'Intercepts', 'Clearances', 'Marks Inside 50', 'Hitouts', 'Handballs', 'Behinds', 'Contested Marks', 'Bounces', 'Ineffective Disposals', 'Stoppage Clearances', 'Tackles Inside 50', 'Rebound 50s', 'One Percenters', 'Goal Assists', 'Uncontested Possessions', 'Frees Agains', 'Inside 50s', 'Frees For', 'Metres Gained', 'Score Involvements', 'Behind Assists', 'Tackles Outside 50', 'Tackles', 'Clangers', 'Uncontested Marks', 'Marks Outside 50', 'Kicks', 'Turnovers', 'Marks', 'Time On Ground %', 'Effective Disposals', 'HomeAway', 'Winloss']",0.9999999999999998,0.474516,0.508415,0.508415,0.564044,0.545349,0.545349,272905911418726.03,294542838491733.44,294542838491733.44,35.54,19260817.0,1000.0,adaptive,auto,0.518141,0.528302,0.528302
1.0,0.1,0.0001,logistic,1.0,"['AFLCA_votes', 'Disposals', 'Contested Possessions']",0.7562403677250018,0.470568,0.494622,0.494622,0.566159,0.552947,0.552947,626324189339000.5,630085880772304.4,630085880772304.4,22.99,19260817.0,1000.0,adaptive,auto,0.507937,0.572327,0.572327
1.0,0.1,0.0001,logistic,1.0,"['AFLCA_votes', 'Disposals', 'Contested Possessions', 'Goals', 'Centre Clearances', 'Intercepts', 'Clearances', 'Marks Inside 50', 'Hitouts', 'Handballs', 'Behinds', 'Contested Marks', 'Bounces', 'Ineffective Disposals', 'Stoppage Clearances', 'Tackles Inside 50', 'Rebound 50s', 'One Percenters', 'Goal Assists', 'Uncontested Possessions', 'Frees Agains', 'Inside 50s', 'Frees For', 'Metres Gained', 'Score Involvements', 'Behind Assists', 'Tackles Outside 50', 'Tackles', 'Clangers', 'Uncontested Marks', 'Marks Outside 50', 'Kicks', 'Turnovers', 'Marks', 'Time On Ground %', 'Effective Disposals', 'HomeAway', 'Winloss']",0.9999999999999998,0.479268,0.503146,0.503146,0.561488,0.548264,0.548264,676572209453593.1,683990087933151.9,683990087933151.9,28.06,19260817.0,1000.0,adaptive,auto,0.522449,0.560797,0.560797
1.0,0.1,0.0001,logistic,60.0,"['AFLCA_votes', 'Disposals', 'Contested Possessions']",0.7562403677250018,0.493902,0.522688,0.522688,0.553542,0.537373,0.537373,641457382661865.5,646739728676052.5,646739728676052.5,27.14,19260817.0,1000.0,adaptive,auto,0.506576,0.568134,0.568134
1.0,0.1,0.0001,logistic,60.0,"['AFLCA_votes', 'Disposals', 'Contested Possessions', 'Goals', 'Centre Clearances', 'Intercepts', 'Clearances', 'Marks Inside 50', 'Hitouts', 'Handballs', 'Behinds', 'Contested Marks', 'Bounces', 'Ineffective Disposals', 'Stoppage Clearances', 'Tackles Inside 50', 'Rebound 50s', 'One Percenters', 'Goal Assists', 'Uncontested Possessions', 'Frees Agains', 'Inside 50s', 'Frees For', 'Metres Gained', 'Score Involvements', 'Behind Assists', 'Tackles Outside 50', 'Tackles', 'Clangers', 'Uncontested Marks', 'Marks Outside 50', 'Kicks', 'Turnovers', 'Marks', 'Time On Ground %', 'Effective Disposals', 'HomeAway', 'Winloss']",0.9999999999999998,0.520713,0.54048,0.54048,0.538681,0.527263,0.527263,634430340029175.1,654438696438037.4,654438696438037.4,48.5,19260817.0,1000.0,adaptive,auto,0.527664,0.5587,0.5587
1.0,0.1,0.0001,relu,1.0,"['AFLCA_votes', 'Disposals', 'Contested Possessions']",0.7562403677250018,0.49737,0.526536,0.526536,0.551642,0.535203,0.535203,627937786040831.1,633142218438686.1,633142218438686.1,17.26,19260817.0,1000.0,adaptive,auto,0.506576,0.572327,0.572327
1.0,0.1,0.0001,relu,1.0,"['AFLCA_votes', 'Disposals', 'Contested Possessions', 'Goals', 'Centre Clearances', 'Intercepts', 'Clearances', 'Marks Inside 50', 'Hitouts', 'Handballs', 'Behinds', 'Contested Marks', 'Bounces', 'Ineffective Disposals', 'Stoppage Clearances', 'Tackles Inside 50', 'Rebound 50s', 'One Percenters', 'Goal Assists', 'Uncontested Possessions', 'Frees Agains', 'Inside 50s', 'Frees For', 'Metres Gained', 'Score Involvements', 'Behind Assists', 'Tackles Outside 50', 'Tackles', 'Clangers', 'Uncontested Marks', 'Marks Outside 50', 'Kicks', 'Turnovers', 'Marks', 'Time On Ground %', 'Effective Disposals', 'HomeAway', 'Winloss']",0.9999999999999998,0.507345,0.536197,0.536197,0.546141,0.529714,0.529714,691189873668516.4,701925231504038.2,701925231504038.2,21.87,19260817.0,1000.0,adaptive,auto,0.526984,0.563941,0.563941
1.0,0.1,0.0001,relu,60.0,"['AFLCA_votes', 'Disposals', 'Contested Possessions']",0.7562403677250018,0.527285,0.562595,0.562595,0.534975,0.514419,0.514419,439260990705203.5,448145659066365.3,448145659066365.3,28.22,19260817.0,1000.0,adaptive,auto,0.514739,0.580713,0.580713
1.0,0.1,0.0001,relu,60.0,"['AFLCA_votes', 'Disposals', 'Contested Possessions', 'Goals', 'Centre Clearances', 'Intercepts', 'Clearances', 'Marks Inside 50', 'Hitouts', 'Handballs', 'Behinds', 'Contested Marks', 'Bounces', 'Ineffective Disposals', 'Stoppage Clearances', 'Tackles Inside 50', 'Rebound 50s', 'One Percenters', 'Goal Assists', 'Uncontested Possessions', 'Frees Agains', 'Inside 50s', 'Frees For', 'Metres Gained', 'Score Involvements', 'Behind Assists', 'Tackles Outside 50', 'Tackles', 'Clangers', 'Uncontested Marks', 'Marks Outside 50', 'Kicks', 'Turnovers', 'Marks', 'Time On Ground %', 'Effective Disposals', 'HomeAway', 'Winloss']",0.9999999999999998,0.599218,0.566293,0.566293,0.492592,0.51224,0.51224,516525033000842.4,583733697592264.9,583733697592264.9,125.63,19260817.0,1000.0,adaptive,auto,0.578458,0.587002,0.587002
1.0,0.1,0.1,logistic,1.0,"['AFLCA_votes', 'Disposals', 'Contested Possessions']",0.7562403677250018,0.436294,0.458339,0.458339,0.584197,0.572452,0.572452,908988053222684.6,910261272313365.8,910261272313365.8,5.79,19260817.0,1000.0,adaptive,auto,0.505215,0.557652,0.557652
1.0,0.1,0.1,logistic,1.0,"['AFLCA_votes', 'Disposals', 'Contested Possessions', 'Goals', 'Centre Clearances', 'Intercepts', 'Clearances', 'Marks Inside 50', 'Hitouts', 'Handballs', 'Behinds', 'Contested Marks', 'Bounces', 'Ineffective Disposals', 'Stoppage Clearances', 'Tackles Inside 50', 'Rebound 50s', 'One Percenters', 'Goal Assists', 'Uncontested Possessions', 'Frees Agains', 'Inside 50s', 'Frees For', 'Metres Gained', 'Score Involvements', 'Behind Assists', 'Tackles Outside 50', 'Tackles', 'Clangers', 'Uncontested Marks', 'Marks Outside 50', 'Kicks', 'Turnovers', 'Marks', 'Time On Ground %', 'Effective Disposals', 'HomeAway', 'Winloss']",0.9999999999999998,0.359321,0.375497,0.375497,0.622807,0.614671,0.614671,1012294167916264.1,1012074623062695.8,1012074623062695.8,17.63,19260817.0,1000.0,adaptive,auto,0.487075,0.567086,0.567086
1.0,0.1,0.1,logistic,60.0,"['AFLCA_votes', 'Disposals', 'Contested Possessions']",0.7562403677250018,0.508023,0.54276,0.54276,0.545765,0.525953,0.525953,599193251904765.0,610208916907310.9,610208916907310.9,25.61,19260817.0,1000.0,adaptive,auto,0.528118,0.580713,0.580713
1.0,0.1,0.1,logistic,60.0,"['AFLCA_votes', 'Disposals', 'Contested Possessions', 'Goals', 'Centre Clearances', 'Intercepts', 'Clearances', 'Marks Inside 50', 'Hitouts', 'Handballs', 'Behinds', 'Contested Marks', 'Bounces', 'Ineffective Disposals', 'Stoppage Clearances', 'Tackles Inside 50', 'Rebound 50s', 'One Percenters', 'Goal Assists', 'Uncontested Possessions', 'Frees Agains', 'Inside 50s', 'Frees For', 'Metres Gained', 'Score Involvements', 'Behind Assists', 'Tackles Outside 50', 'Tackles', 'Clangers', 'Uncontested Marks', 'Marks Outside 50', 'Kicks', 'Turnovers', 'Marks', 'Time On Ground %', 'Effective Disposals', 'HomeAway', 'Winloss']",0.9999999999999998,0.456331,0.481231,0.481231,0.573721,0.560225,0.560225,388446773416312.56,405082777855665.1,405082777855665.1,26.75,19260817.0,1000.0,adaptive,auto,0.546712,0.590147,0.590147
1.0,0.1,0.1,relu,1.0,"['AFLCA_votes', 'Disposals', 'Contested Possessions']",0.7562403677250018,0.457966,0.487208,0.487208,0.572857,0.556988,0.556988,851079631195257.2,855704343613478.8,855704343613478.8,11.66,19260817.0,1000.0,adaptive,auto,0.505669,0.554507,0.554507
1.0,0.1,0.1,relu,1.0,"['AFLCA_votes', 'Disposals', 'Contested Possessions', 'Goals', 'Centre Clearances', 'Intercepts', 'Clearances', 'Marks Inside 50', 'Hitouts', 'Handballs', 'Behinds', 'Contested Marks', 'Bounces', 'Ineffective Disposals', 'Stoppage Clearances', 'Tackles Inside 50', 'Rebound 50s', 'One Percenters', 'Goal Assists', 'Uncontested Possessions', 'Frees Agains', 'Inside 50s', 'Frees For', 'Metres Gained', 'Score Involvements', 'Behind Assists', 'Tackles Outside 50', 'Tackles', 'Clangers', 'Uncontested Marks', 'Marks Outside 50', 'Kicks', 'Turnovers', 'Marks', 'Time On Ground %', 'Effective Disposals', 'HomeAway', 'Winloss']",0.9999999999999998,0.347207,0.369094,0.369094,0.628667,0.617814,0.617814,1245538862348509.0,1250452750030147.0,1250452750030147.0,12.79,19260817.0,1000.0,adaptive,auto,0.523583,0.549266,0.549266
1.0,0.1,0.1,relu,60.0,"['AFLCA_votes', 'Disposals', 'Contested Possessions']",0.7562403677250018,0.476062,0.506103,0.506103,0.563214,0.54663,0.54663,892439322016604.5,903913775422121.2,903913775422121.2,20.7,19260817.0,1000.0,adaptive,auto,0.523129,0.567086,0.567086
1.0,0.1,0.1,relu,60.0,"['AFLCA_votes', 'Disposals', 'Contested Possessions', 'Goals', 'Centre Clearances', 'Intercepts', 'Clearances', 'Marks Inside 50', 'Hitouts', 'Handballs', 'Behinds', 'Contested Marks', 'Bounces', 'Ineffective Disposals', 'Stoppage Clearances', 'Tackles Inside 50', 'Rebound 50s', 'One Percenters', 'Goal Assists', 'Uncontested Possessions', 'Frees Agains', 'Inside 50s', 'Frees For', 'Metres Gained', 'Score Involvements', 'Behind Assists', 'Tackles Outside 50', 'Tackles', 'Clangers', 'Uncontested Marks', 'Marks Outside 50', 'Kicks', 'Turnovers', 'Marks', 'Time On Ground %', 'Effective Disposals', 'HomeAway', 'Winloss']",0.9999999999999998,0.440128,0.461647,0.461647,0.582207,0.570701,0.570701,655981910622150.6,681479260102737.0,681479260102737.0,21.45,19260817.0,1000.0,adaptive,auto,0.531066,0.550314,0.550314
5.0,1e-08,0.0001,logistic,1.0,"['AFLCA_votes', 'Disposals', 'Contested Possessions']",0.7562403677250018,0.473419,0.497757,0.497757,0.564632,0.551229,0.551229,615216072667119.8,618997436936863.8,618997436936863.8,95.12,19260817.0,1000.0,adaptive,auto,0.506576,0.575472,0.575472
5.0,1e-08,0.0001,logistic,1.0,"['AFLCA_votes', 'Disposals', 'Contested Possessions', 'Goals', 'Centre Clearances', 'Intercepts', 'Clearances', 'Marks Inside 50', 'Hitouts', 'Handballs', 'Behinds', 'Contested Marks', 'Bounces', 'Ineffective Disposals', 'Stoppage Clearances', 'Tackles Inside 50', 'Rebound 50s', 'One Percenters', 'Goal Assists', 'Uncontested Possessions', 'Frees Agains', 'Inside 50s', 'Frees For', 'Metres Gained', 'Score Involvements', 'Behind Assists', 'Tackles Outside 50', 'Tackles', 'Clangers', 'Uncontested Marks', 'Marks Outside 50', 'Kicks', 'Turnovers', 'Marks', 'Time On Ground %', 'Effective Disposals', 'HomeAway', 'Winloss']",0.9999999999999998,0.483342,0.508454,0.508454,0.559287,0.545327,0.545327,654377460774116.9,661200844318267.8,661200844318267.8,111.2,19260817.0,1000.0,adaptive,auto,0.515873,0.584906,0.584906
5.0,1e-08,0.0001,logistic,60.0,"['AFLCA_votes', 'Disposals', 'Contested Possessions']",0.7562403677250018,0.521297,0.55724,0.55724,0.538352,0.517558,0.517558,424872282414619.44,434847964312971.4,434847964312971.4,189.64,19260817.0,1000.0,adaptive,auto,0.521088,0.567086,0.567086
5.0,1e-08,0.0001,logistic,60.0,"['AFLCA_votes', 'Disposals', 'Contested Possessions', 'Goals', 'Centre Clearances', 'Intercepts', 'Clearances', 'Marks Inside 50', 'Hitouts', 'Handballs', 'Behinds', 'Contested Marks', 'Bounces', 'Ineffective Disposals', 'Stoppage Clearances', 'Tackles Inside 50', 'Rebound 50s', 'One Percenters', 'Goal Assists', 'Uncontested Possessions', 'Frees Agains', 'Inside 50s', 'Frees For', 'Metres Gained', 'Score Involvements', 'Behind Assists', 'Tackles Outside 50', 'Tackles', 'Clangers', 'Uncontested Marks', 'Marks Outside 50', 'Kicks', 'Turnovers', 'Marks', 'Time On Ground %', 'Effective Disposals', 'HomeAway', 'Winloss']",0.9999999999999998,0.624073,0.525113,0.525113,0.477073,0.536007,0.536007,645591160934550.2,748020506211797.6,748020506211797.6,1430.65,19260817.0,1000.0,adaptive,auto,0.596825,0.533543,0.533543
5.0,1e-08,0.0001,relu,1.0,"['AFLCA_votes', 'Disposals', 'Contested Possessions']",0.7562403677250018,-0.0,-0.0,-0.0,0.778096,0.777813,0.777813,2106019640302.8958,2106255407349.694,2106255407349.694,18.74,19260817.0,1000.0,adaptive,auto,0.235374,0.21174,0.21174
5.0,1e-08,0.0001,relu,1.0,"['AFLCA_votes', 'Disposals', 'Contested Possessions', 'Goals', 'Centre Clearances', 'Intercepts', 'Clearances', 'Marks Inside 50', 'Hitouts', 'Handballs', 'Behinds', 'Contested Marks', 'Bounces', 'Ineffective Disposals', 'Stoppage Clearances', 'Tackles Inside 50', 'Rebound 50s', 'One Percenters', 'Goal Assists', 'Uncontested Possessions', 'Frees Agains', 'Inside 50s', 'Frees For', 'Metres Gained', 'Score Involvements', 'Behind Assists', 'Tackles Outside 50', 'Tackles', 'Clangers', 'Uncontested Marks', 'Marks Outside 50', 'Kicks', 'Turnovers', 'Marks', 'Time On Ground %', 'Effective Disposals', 'HomeAway', 'Winloss']",0.9999999999999998,-5e-06,-5e-06,-5e-06,0.778098,0.777815,0.777815,6912536406875.713,6913310259247.904,6913310259247.904,17.5,19260817.0,1000.0,adaptive,auto,0.235374,0.21174,0.21174
5.0,1e-08,0.0001,relu,60.0,"['AFLCA_votes', 'Disposals', 'Contested Possessions']",0.7562403677250018,0.535746,0.560817,0.560817,0.530165,0.515464,0.515464,429238741378381.25,437766951534281.6,437766951534281.6,228.94,19260817.0,1000.0,adaptive,auto,0.529478,0.572327,0.572327
5.0,1e-08,0.0001,relu,60.0,"['AFLCA_votes', 'Disposals', 'Contested Possessions', 'Goals', 'Centre Clearances', 'Intercepts', 'Clearances', 'Marks Inside 50', 'Hitouts', 'Handballs', 'Behinds', 'Contested Marks', 'Bounces', 'Ineffective Disposals', 'Stoppage Clearances', 'Tackles Inside 50', 'Rebound 50s', 'One Percenters', 'Goal Assists', 'Uncontested Possessions', 'Frees Agains', 'Inside 50s', 'Frees For', 'Metres Gained', 'Score Involvements', 'Behind Assists', 'Tackles Outside 50', 'Tackles', 'Clangers', 'Uncontested Marks', 'Marks Outside 50', 'Kicks', 'Turnovers', 'Marks', 'Time On Ground %', 'Effective Disposals', 'HomeAway', 'Winloss']",0.9999999999999998,0.785839,0.420386,0.420386,0.360084,0.592168,0.592168,253239634087207.28,480332122040192.7,480332122040192.7,1524.56,19260817.0,1000.0,adaptive,auto,0.702494,0.560797,0.560797
5.0,1e-08,0.1,logistic,1.0,"['AFLCA_votes', 'Disposals', 'Contested Possessions']",0.7562403677250018,0.402217,0.416121,0.416121,0.601596,0.594342,0.594342,833278381459691.1,829980059244125.4,829980059244125.4,25.4,19260817.0,1000.0,adaptive,auto,0.495918,0.54717,0.54717
5.0,1e-08,0.1,logistic,1.0,"['AFLCA_votes', 'Disposals', 'Contested Possessions', 'Goals', 'Centre Clearances', 'Intercepts', 'Clearances', 'Marks Inside 50', 'Hitouts', 'Handballs', 'Behinds', 'Contested Marks', 'Bounces', 'Ineffective Disposals', 'Stoppage Clearances', 'Tackles Inside 50', 'Rebound 50s', 'One Percenters', 'Goal Assists', 'Uncontested Possessions', 'Frees Agains', 'Inside 50s', 'Frees For', 'Metres Gained', 'Score Involvements', 'Behind Assists', 'Tackles Outside 50', 'Tackles', 'Clangers', 'Uncontested Marks', 'Marks Outside 50', 'Kicks', 'Turnovers', 'Marks', 'Time On Ground %', 'Effective Disposals', 'HomeAway', 'Winloss']",0.9999999999999998,0.192839,0.20104,0.20104,0.699058,0.695245,0.695245,810774098377035.5,837762791316740.6,837762791316740.6,16.65,19260817.0,1000.0,adaptive,auto,0.51746,0.505241,0.505241
5.0,1e-08,0.1,logistic,60.0,"['AFLCA_votes', 'Disposals', 'Contested Possessions']",0.7562403677250018,-0.023495,-0.023512,-0.023512,0.787184,0.786904,0.786904,466502104171307.56,466554328670532.8,466554328670532.8,87.09,19260817.0,1000.0,adaptive,auto,0.235374,0.21174,0.21174
5.0,1e-08,0.1,logistic,60.0,"['AFLCA_votes', 'Disposals', 'Contested Possessions', 'Goals', 'Centre Clearances', 'Intercepts', 'Clearances', 'Marks Inside 50', 'Hitouts', 'Handballs', 'Behinds', 'Contested Marks', 'Bounces', 'Ineffective Disposals', 'Stoppage Clearances', 'Tackles Inside 50', 'Rebound 50s', 'One Percenters', 'Goal Assists', 'Uncontested Possessions', 'Frees Agains', 'Inside 50s', 'Frees For', 'Metres Gained', 'Score Involvements', 'Behind Assists', 'Tackles Outside 50', 'Tackles', 'Clangers', 'Uncontested Marks', 'Marks Outside 50', 'Kicks', 'Turnovers', 'Marks', 'Time On Ground %', 'Effective Disposals', 'HomeAway', 'Winloss']",0.9999999999999998,-0.00911,-0.009116,-0.009116,0.781632,0.78135,0.78135,290477631666691.4,290510150382124.1,290510150382124.1,115.95,19260817.0,1000.0,adaptive,auto,0.235374,0.21174,0.21174
5.0,1e-08,0.1,relu,1.0,"['AFLCA_votes', 'Disposals', 'Contested Possessions']",0.7562403677250018,-0.008608,-0.008614,-0.008614,0.781438,0.781156,0.781156,282359408218656.6,282391018106113.1,282391018106113.1,13.15,19260817.0,1000.0,adaptive,auto,0.235374,0.21174,0.21174
5.0,1e-08,0.1,relu,1.0,"['AFLCA_votes', 'Disposals', 'Contested Possessions', 'Goals', 'Centre Clearances', 'Intercepts', 'Clearances', 'Marks Inside 50', 'Hitouts', 'Handballs', 'Behinds', 'Contested Marks', 'Bounces', 'Ineffective Disposals', 'Stoppage Clearances', 'Tackles Inside 50', 'Rebound 50s', 'One Percenters', 'Goal Assists', 'Uncontested Possessions', 'Frees Agains', 'Inside 50s', 'Frees For', 'Metres Gained', 'Score Involvements', 'Behind Assists', 'Tackles Outside 50', 'Tackles', 'Clangers', 'Uncontested Marks', 'Marks Outside 50', 'Kicks', 'Turnovers', 'Marks', 'Time On Ground %', 'Effective Disposals', 'HomeAway', 'Winloss']",0.9999999999999998,-0.007256,-0.007261,-0.007261,0.780914,0.780632,0.780632,259241729476319.38,259270751359969.22,259270751359969.22,14.55,19260817.0,1000.0,adaptive,auto,0.235374,0.21174,0.21174
5.0,1e-08,0.1,relu,60.0,"['AFLCA_votes', 'Disposals', 'Contested Possessions']",0.7562403677250018,-0.011642,-0.011651,-0.011651,0.782612,0.782331,0.782331,328381748527535.94,328418510575520.1,328418510575520.1,79.18,19260817.0,1000.0,adaptive,auto,0.235374,0.21174,0.21174
5.0,1e-08,0.1,relu,60.0,"['AFLCA_votes', 'Disposals', 'Contested Possessions', 'Goals', 'Centre Clearances', 'Intercepts', 'Clearances', 'Marks Inside 50', 'Hitouts', 'Handballs', 'Behinds', 'Contested Marks', 'Bounces', 'Ineffective Disposals', 'Stoppage Clearances', 'Tackles Inside 50', 'Rebound 50s', 'One Percenters', 'Goal Assists', 'Uncontested Possessions', 'Frees Agains', 'Inside 50s', 'Frees For', 'Metres Gained', 'Score Involvements', 'Behind Assists', 'Tackles Outside 50', 'Tackles', 'Clangers', 'Uncontested Marks', 'Marks Outside 50', 'Kicks', 'Turnovers', 'Marks', 'Time On Ground %', 'Effective Disposals', 'HomeAway', 'Winloss']",0.9999999999999998,-0.003052,-0.003054,-0.003054,0.779283,0.779,0.779,168124393460088.72,168143214838095.94,168143214838095.94,80.82,19260817.0,1000.0,adaptive,auto,0.235374,0.21174,0.21174
5.0,0.1,0.0001,logistic,1.0,"['AFLCA_votes', 'Disposals', 'Contested Possessions']",0.7562403677250018,-1e-06,-1e-06,-1e-06,0.778097,0.777813,0.777813,2662088701220.121,2662386719709.3086,2662386719709.3086,14.09,19260817.0,1000.0,adaptive,auto,0.235374,0.21174,0.21174
5.0,0.1,0.0001,logistic,1.0,"['AFLCA_votes', 'Disposals', 'Contested Possessions', 'Goals', 'Centre Clearances', 'Intercepts', 'Clearances', 'Marks Inside 50', 'Hitouts', 'Handballs', 'Behinds', 'Contested Marks', 'Bounces', 'Ineffective Disposals', 'Stoppage Clearances', 'Tackles Inside 50', 'Rebound 50s', 'One Percenters', 'Goal Assists', 'Uncontested Possessions', 'Frees Agains', 'Inside 50s', 'Frees For', 'Metres Gained', 'Score Involvements', 'Behind Assists', 'Tackles Outside 50', 'Tackles', 'Clangers', 'Uncontested Marks', 'Marks Outside 50', 'Kicks', 'Turnovers', 'Marks', 'Time On Ground %', 'Effective Disposals', 'HomeAway', 'Winloss']",0.9999999999999998,-0.0,-0.0,-0.0,0.778096,0.777813,0.777813,1233096483025.2483,1233234527092.1965,1233234527092.1965,15.54,19260817.0,1000.0,adaptive,auto,0.235374,0.21174,0.21174
5.0,0.1,0.0001,logistic,60.0,"['AFLCA_votes', 'Disposals', 'Contested Possessions']",0.7562403677250018,-0.001926,-0.001928,-0.001928,0.778845,0.778562,0.778562,133572041364441.2,133586994637015.0,133586994637015.0,129.92,19260817.0,1000.0,adaptive,auto,0.235374,0.21174,0.21174
5.0,0.1,0.0001,logistic,60.0,"['AFLCA_votes', 'Disposals', 'Contested Possessions', 'Goals', 'Centre Clearances', 'Intercepts', 'Clearances', 'Marks Inside 50', 'Hitouts', 'Handballs', 'Behinds', 'Contested Marks', 'Bounces', 'Ineffective Disposals', 'Stoppage Clearances', 'Tackles Inside 50', 'Rebound 50s', 'One Percenters', 'Goal Assists', 'Uncontested Possessions', 'Frees Agains', 'Inside 50s', 'Frees For', 'Metres Gained', 'Score Involvements', 'Behind Assists', 'Tackles Outside 50', 'Tackles', 'Clangers', 'Uncontested Marks', 'Marks Outside 50', 'Kicks', 'Turnovers', 'Marks', 'Time On Ground %', 'Effective Disposals', 'HomeAway', 'Winloss']",0.9999999999999998,-0.0,-0.0,-0.0,0.778096,0.777813,0.777813,1156661602126.5422,1156791089375.7864,1156791089375.7864,143.58,19260817.0,1000.0,adaptive,auto,0.235374,0.21174,0.21174
5.0,0.1,0.0001,relu,1.0,"['AFLCA_votes', 'Disposals', 'Contested Possessions']",0.7562403677250018,-0.0,-0.0,-0.0,0.778096,0.777813,0.777813,2106019640302.8958,2106255407349.694,2106255407349.694,18.94,19260817.0,1000.0,adaptive,auto,0.235374,0.21174,0.21174
5.0,0.1,0.0001,relu,1.0,"['AFLCA_votes', 'Disposals', 'Contested Possessions', 'Goals', 'Centre Clearances', 'Intercepts', 'Clearances', 'Marks Inside 50', 'Hitouts', 'Handballs', 'Behinds', 'Contested Marks', 'Bounces', 'Ineffective Disposals', 'Stoppage Clearances', 'Tackles Inside 50', 'Rebound 50s', 'One Percenters', 'Goal Assists', 'Uncontested Possessions', 'Frees Agains', 'Inside 50s', 'Frees For', 'Metres Gained', 'Score Involvements', 'Behind Assists', 'Tackles Outside 50', 'Tackles', 'Clangers', 'Uncontested Marks', 'Marks Outside 50', 'Kicks', 'Turnovers', 'Marks', 'Time On Ground %', 'Effective Disposals', 'HomeAway', 'Winloss']",0.9999999999999998,-6e-06,-6e-06,-6e-06,0.778098,0.777815,0.777815,7188047750551.768,7188852446176.615,7188852446176.615,17.7,19260817.0,1000.0,adaptive,auto,0.235374,0.21174,0.21174
5.0,0.1,0.0001,relu,60.0,"['AFLCA_votes', 'Disposals', 'Contested Possessions']",0.7562403677250018,0.52897,0.563469,0.563469,0.53402,0.513905,0.513905,438533755674213.44,447202809283515.8,447202809283515.8,298.06,19260817.0,1000.0,adaptive,auto,0.513379,0.585954,0.585954
5.0,0.1,0.0001,relu,60.0,"['AFLCA_votes', 'Disposals', 'Contested Possessions', 'Goals', 'Centre Clearances', 'Intercepts', 'Clearances', 'Marks Inside 50', 'Hitouts', 'Handballs', 'Behinds', 'Contested Marks', 'Bounces', 'Ineffective Disposals', 'Stoppage Clearances', 'Tackles Inside 50', 'Rebound 50s', 'One Percenters', 'Goal Assists', 'Uncontested Possessions', 'Frees Agains', 'Inside 50s', 'Frees For', 'Metres Gained', 'Score Involvements', 'Behind Assists', 'Tackles Outside 50', 'Tackles', 'Clangers', 'Uncontested Marks', 'Marks Outside 50', 'Kicks', 'Turnovers', 'Marks', 'Time On Ground %', 'Effective Disposals', 'HomeAway', 'Winloss']",0.9999999999999998,0.743408,0.438273,0.438273,0.394144,0.582959,0.582959,314880993496760.9,543575181777584.2,543575181777584.2,1459.86,19260817.0,1000.0,adaptive,auto,0.634921,0.541929,0.541929
5.0,0.1,0.1,logistic,1.0,"['AFLCA_votes', 'Disposals', 'Contested Possessions']",0.7562403677250018,-0.008602,-0.008609,-0.008609,0.781436,0.781154,0.781154,282272526429552.44,282304126590669.06,282304126590669.06,13.34,19260817.0,1000.0,adaptive,auto,0.235374,0.21174,0.21174
5.0,0.1,0.1,logistic,1.0,"['AFLCA_votes', 'Disposals', 'Contested Possessions', 'Goals', 'Centre Clearances', 'Intercepts', 'Clearances', 'Marks Inside 50', 'Hitouts', 'Handballs', 'Behinds', 'Contested Marks', 'Bounces', 'Ineffective Disposals', 'Stoppage Clearances', 'Tackles Inside 50', 'Rebound 50s', 'One Percenters', 'Goal Assists', 'Uncontested Possessions', 'Frees Agains', 'Inside 50s', 'Frees For', 'Metres Gained', 'Score Involvements', 'Behind Assists', 'Tackles Outside 50', 'Tackles', 'Clangers', 'Uncontested Marks', 'Marks Outside 50', 'Kicks', 'Turnovers', 'Marks', 'Time On Ground %', 'Effective Disposals', 'HomeAway', 'Winloss']",0.9999999999999998,-0.007254,-0.007259,-0.007259,0.780913,0.780631,0.780631,259211768625424.4,259240787154983.53,259240787154983.53,14.77,19260817.0,1000.0,adaptive,auto,0.235374,0.21174,0.21174
5.0,0.1,0.1,logistic,60.0,"['AFLCA_votes', 'Disposals', 'Contested Possessions']",0.7562403677250018,-8e-06,-8e-06,-8e-06,0.778099,0.777816,0.777816,8337997835872.405,8338931267398.134,8338931267398.134,87.41,19260817.0,1000.0,adaptive,auto,0.235374,0.21174,0.21174
5.0,0.1,0.1,logistic,60.0,"['AFLCA_votes', 'Disposals', 'Contested Possessions', 'Goals', 'Centre Clearances', 'Intercepts', 'Clearances', 'Marks Inside 50', 'Hitouts', 'Handballs', 'Behinds', 'Contested Marks', 'Bounces', 'Ineffective Disposals', 'Stoppage Clearances', 'Tackles Inside 50', 'Rebound 50s', 'One Percenters', 'Goal Assists', 'Uncontested Possessions', 'Frees Agains', 'Inside 50s', 'Frees For', 'Metres Gained', 'Score Involvements', 'Behind Assists', 'Tackles Outside 50', 'Tackles', 'Clangers', 'Uncontested Marks', 'Marks Outside 50', 'Kicks', 'Turnovers', 'Marks', 'Time On Ground %', 'Effective Disposals', 'HomeAway', 'Winloss']",0.9999999999999998,-0.008679,-0.008686,-0.008686,0.781466,0.781184,0.781184,283533772868831.2,283565514225380.25,283565514225380.25,114.73,19260817.0,1000.0,adaptive,auto,0.235374,0.21174,0.21174
5.0,0.1,0.1,relu,1.0,"['AFLCA_votes', 'Disposals', 'Contested Possessions']",0.7562403677250018,-0.008608,-0.008614,-0.008614,0.781438,0.781156,0.781156,282359408218656.6,282391018106113.1,282391018106113.1,13.24,19260817.0,1000.0,adaptive,auto,0.235374,0.21174,0.21174
5.0,0.1,0.1,relu,1.0,"['AFLCA_votes', 'Disposals', 'Contested Possessions', 'Goals', 'Centre Clearances', 'Intercepts', 'Clearances', 'Marks Inside 50', 'Hitouts', 'Handballs', 'Behinds', 'Contested Marks', 'Bounces', 'Ineffective Disposals', 'Stoppage Clearances', 'Tackles Inside 50', 'Rebound 50s', 'One Percenters', 'Goal Assists', 'Uncontested Possessions', 'Frees Agains', 'Inside 50s', 'Frees For', 'Metres Gained', 'Score Involvements', 'Behind Assists', 'Tackles Outside 50', 'Tackles', 'Clangers', 'Uncontested Marks', 'Marks Outside 50', 'Kicks', 'Turnovers', 'Marks', 'Time On Ground %', 'Effective Disposals', 'HomeAway', 'Winloss']",0.9999999999999998,-0.007256,-0.007261,-0.007261,0.780914,0.780632,0.780632,259241729476319.38,259270751359969.22,259270751359969.22,14.54,19260817.0,1000.0,adaptive,auto,0.235374,0.21174,0.21174
5.0,0.1,0.1,relu,60.0,"['AFLCA_votes', 'Disposals', 'Contested Possessions']",0.7562403677250018,-8.1e-05,-8.1e-05,-8.1e-05,0.778128,0.777845,0.777845,27402918694465.027,27405986427116.035,27405986427116.035,90.17,19260817.0,1000.0,adaptive,auto,0.235374,0.21174,0.21174
5.0,0.1,0.1,relu,60.0,"['AFLCA_votes', 'Disposals', 'Contested Possessions', 'Goals', 'Centre Clearances', 'Intercepts', 'Clearances', 'Marks Inside 50', 'Hitouts', 'Handballs', 'Behinds', 'Contested Marks', 'Bounces', 'Ineffective Disposals', 'Stoppage Clearances', 'Tackles Inside 50', 'Rebound 50s', 'One Percenters', 'Goal Assists', 'Uncontested Possessions', 'Frees Agains', 'Inside 50s', 'Frees For', 'Metres Gained', 'Score Involvements', 'Behind Assists', 'Tackles Outside 50', 'Tackles', 'Clangers', 'Uncontested Marks', 'Marks Outside 50', 'Kicks', 'Turnovers', 'Marks', 'Time On Ground %', 'Effective Disposals', 'HomeAway', 'Winloss']",0.9999999999999998,-0.000364,-0.000364,-0.000364,0.778238,0.777955,0.777955,58036957176239.21,58043454362560.16,58043454362560.16,106.64,19260817.0,1000.0,adaptive,auto,0.235374,0.21174,0.21174
3.0,3.1622776601683795e-05,0.0031622776601683794,logistic,31.0,"['AFLCA_votes', 'Disposals', 'Contested Possessions', 'Goals', 'Centre Clearances', 'Intercepts', 'Clearances', 'Marks Inside 50', 'Hitouts', 'Handballs', 'Behinds', 'Contested Marks', 'Bounces', 'Ineffective Disposals', 'Stoppage Clearances', 'Tackles Inside 50', 'Rebound 50s', 'One Percenters', 'Goal Assists', 'Uncontested Possessions', 'Frees Agains']",0.9362167668092989,0.643587,0.500906,0.500906,0.464526,0.549498,0.549498,343696701400449.06,453874597637411.9,453874597637411.9,179.37,19260817.0,1000.0,adaptive,auto,0.551474,0.595388,0.595388
3.0,3.1622776601683795e-05,0.0031622776601683794,relu,31.0,"['AFLCA_votes', 'Disposals', 'Contested Possessions', 'Goals', 'Centre Clearances', 'Intercepts', 'Clearances', 'Marks Inside 50', 'Hitouts', 'Handballs', 'Behinds', 'Contested Marks', 'Bounces', 'Ineffective Disposals', 'Stoppage Clearances', 'Tackles Inside 50', 'Rebound 50s', 'One Percenters', 'Goal Assists', 'Uncontested Possessions', 'Frees Agains']",0.9362167668092989,0.643872,0.466281,0.466281,0.464341,0.56824,0.56824,349550067634100.56,469714880474383.56,469714880474383.56,217.29,19260817.0,1000.0,adaptive,auto,0.582086,0.550314,0.550314
1.0,1e-08,0.0001,logistic,1.0,"['AFLCA_votes', 'Disposals', 'Contested Possessions', 'Goals', 'Centre Clearances', 'Intercepts', 'Clearances', 'Marks Inside 50', 'Hitouts', 'Handballs', 'Behinds', 'Contested Marks', 'Bounces', 'Ineffective Disposals', 'Stoppage Clearances', 'Tackles Inside 50', 'Rebound 50s', 'One Percenters', 'Goal Assists', 'Uncontested Possessions', 'Frees Agains']",0.9362167668092989,0.485936,0.511498,0.511498,0.557882,0.543637,0.543637,687875784951963.0,698480602372498.1,698480602372498.1,32.45,19260817.0,1000.0,adaptive,auto,0.519048,0.563941,0.563941
1.0,1e-08,0.0001,logistic,31.0,"['AFLCA_votes', 'Disposals', 'Contested Possessions']",0.7562403677250018,0.493324,0.521717,0.521717,0.553858,0.53792,0.53792,626370523209261.8,631321870345390.1,631321870345390.1,15.0,19260817.0,1000.0,adaptive,auto,0.506576,0.575472,0.575472
1.0,1e-08,0.0001,logistic,31.0,"['AFLCA_votes', 'Disposals', 'Contested Possessions', 'Goals', 'Centre Clearances', 'Intercepts', 'Clearances', 'Marks Inside 50', 'Hitouts', 'Handballs', 'Behinds', 'Contested Marks', 'Bounces', 'Ineffective Disposals', 'Stoppage Clearances', 'Tackles Inside 50', 'Rebound 50s', 'One Percenters', 'Goal Assists', 'Uncontested Possessions', 'Frees Agains']",0.9362167668092989,0.528321,0.539203,0.539203,0.534388,0.527995,0.527995,626927873973499.9,653693938726829.4,653693938726829.4,36.69,19260817.0,1000.0,adaptive,auto,0.533333,0.572327,0.572327
1.0,1e-08,0.0031622776601683794,logistic,1.0,"['AFLCA_votes', 'Disposals', 'Contested Possessions']",0.7562403677250018,0.490382,0.518516,0.518516,0.555464,0.539717,0.539717,704314409703784.6,712645859348514.6,712645859348514.6,12.67,19260817.0,1000.0,adaptive,auto,0.514512,0.574423,0.574423
1.0,1e-08,0.0031622776601683794,logistic,1.0,"['AFLCA_votes', 'Disposals', 'Contested Possessions', 'Goals', 'Centre Clearances', 'Intercepts', 'Clearances', 'Marks Inside 50', 'Hitouts', 'Handballs', 'Behinds', 'Contested Marks', 'Bounces', 'Ineffective Disposals', 'Stoppage Clearances', 'Tackles Inside 50', 'Rebound 50s', 'One Percenters', 'Goal Assists', 'Uncontested Possessions', 'Frees Agains']",0.9362167668092989,0.497117,0.525768,0.525768,0.551781,0.535637,0.535637,717733031257250.6,734291730998660.2,734291730998660.2,16.55,19260817.0,1000.0,adaptive,auto,0.519728,0.568134,0.568134
1.0,1e-08,0.0031622776601683794,logistic,31.0,"['AFLCA_votes', 'Disposals', 'Contested Possessions']",0.7562403677250018,0.529289,0.561767,0.561767,0.533839,0.514906,0.514906,460152385011306.44,470059205679376.9,470059205679376.9,40.77,19260817.0,1000.0,adaptive,auto,0.519274,0.575472,0.575472
1.0,1e-08,0.0031622776601683794,logistic,31.0,"['AFLCA_votes', 'Disposals', 'Contested Possessions', 'Goals', 'Centre Clearances', 'Intercepts', 'Clearances', 'Marks Inside 50', 'Hitouts', 'Handballs', 'Behinds', 'Contested Marks', 'Bounces', 'Ineffective Disposals', 'Stoppage Clearances', 'Tackles Inside 50', 'Rebound 50s', 'One Percenters', 'Goal Assists', 'Uncontested Possessions', 'Frees Agains']",0.9362167668092989,0.580407,0.553534,0.553534,0.50402,0.51972,0.51972,602952170886549.8,660376800959968.9,660376800959968.9,45.82,19260817.0,1000.0,adaptive,auto,0.566893,0.542977,0.542977
1.0,3.1622776601683795e-05,0.0001,logistic,1.0,"['AFLCA_votes', 'Disposals', 'Contested Possessions']",0.7562403677250018,0.477513,0.502901,0.502901,0.562433,0.548399,0.548399,629616822337759.6,633516653795472.1,633516653795472.1,28.53,19260817.0,1000.0,adaptive,auto,0.506576,0.568134,0.568134
1.0,3.1622776601683795e-05,0.0001,logistic,1.0,"['AFLCA_votes', 'Disposals', 'Contested Possessions', 'Goals', 'Centre Clearances', 'Intercepts', 'Clearances', 'Marks Inside 50', 'Hitouts', 'Handballs', 'Behinds', 'Contested Marks', 'Bounces', 'Ineffective Disposals', 'Stoppage Clearances', 'Tackles Inside 50', 'Rebound 50s', 'One Percenters', 'Goal Assists', 'Uncontested Possessions', 'Frees Agains']",0.9362167668092989,0.485934,0.511496,0.511496,0.557882,0.543638,0.543638,687874144191808.2,698478781473705.8,698478781473705.8,33.38,19260817.0,1000.0,adaptive,auto,0.519048,0.563941,0.563941
1.0,3.1622776601683795e-05,0.0001,logistic,31.0,"['AFLCA_votes', 'Disposals', 'Contested Possessions']",0.7562403677250018,0.493324,0.521717,0.521717,0.553858,0.53792,0.53792,626374014350871.8,631325330717136.8,631325330717136.8,14.93,19260817.0,1000.0,adaptive,auto,0.506576,0.575472,0.575472
1.0,3.1622776601683795e-05,0.0001,logistic,31.0,"['AFLCA_votes', 'Disposals', 'Contested Possessions', 'Goals', 'Centre Clearances', 'Intercepts', 'Clearances', 'Marks Inside 50', 'Hitouts', 'Handballs', 'Behinds', 'Contested Marks', 'Bounces', 'Ineffective Disposals', 'Stoppage Clearances', 'Tackles Inside 50', 'Rebound 50s', 'One Percenters', 'Goal Assists', 'Uncontested Possessions', 'Frees Agains']",0.9362167668092989,0.528315,0.539206,0.539206,0.534391,0.527994,0.527994,626914145480441.0,653677819177724.2,653677819177724.2,37.55,19260817.0,1000.0,adaptive,auto,0.533333,0.572327,0.572327
1.0,3.1622776601683795e-05,0.0031622776601683794,logistic,1.0,"['AFLCA_votes', 'Disposals', 'Contested Possessions']",0.7562403677250018,0.490376,0.518509,0.518509,0.555467,0.539721,0.539721,704310758697011.4,712642456356128.5,712642456356128.5,12.77,19260817.0,1000.0,adaptive,auto,0.514512,0.574423,0.574423
1.0,3.1622776601683795e-05,0.0031622776601683794,logistic,1.0,"['AFLCA_votes', 'Disposals', 'Contested Possessions', 'Goals', 'Centre Clearances', 'Intercepts', 'Clearances', 'Marks Inside 50', 'Hitouts', 'Handballs', 'Behinds', 'Contested Marks', 'Bounces', 'Ineffective Disposals', 'Stoppage Clearances', 'Tackles Inside 50', 'Rebound 50s', 'One Percenters', 'Goal Assists', 'Uncontested Possessions', 'Frees Agains']",0.9362167668092989,0.497112,0.525763,0.525763,0.551784,0.53564,0.53564,717660556163940.9,734211529900785.9,734211529900785.9,16.13,19260817.0,1000.0,adaptive,auto,0.519728,0.568134,0.568134
1.0,3.1622776601683795e-05,0.0031622776601683794,logistic,31.0,"['AFLCA_votes', 'Disposals', 'Contested Possessions']",0.7562403677250018,0.52928,0.561747,0.561747,0.533844,0.514918,0.514918,460188496298247.9,470107239967702.8,470107239967702.8,40.99,19260817.0,1000.0,adaptive,auto,0.519274,0.575472,0.575472
1.0,3.1622776601683795e-05,0.0031622776601683794,logistic,31.0,"['AFLCA_votes', 'Disposals', 'Contested Possessions', 'Goals', 'Centre Clearances', 'Intercepts', 'Clearances', 'Marks Inside 50', 'Hitouts', 'Handballs', 'Behinds', 'Contested Marks', 'Bounces', 'Ineffective Disposals', 'Stoppage Clearances', 'Tackles Inside 50', 'Rebound 50s', 'One Percenters', 'Goal Assists', 'Uncontested Possessions', 'Frees Agains']",0.9362167668092989,0.580415,0.553491,0.553491,0.504015,0.519745,0.519745,602958438584144.8,660464389315832.9,660464389315832.9,45.45,19260817.0,1000.0,adaptive,auto,0.566893,0.539832,0.539832
3.0,1e-08,0.0001,logistic,1.0,"['AFLCA_votes', 'Disposals', 'Contested Possessions']",0.7562403677250018,0.475227,0.500439,0.500439,0.563663,0.549755,0.549755,650074504178728.4,654427292149247.5,654427292149247.5,62.2,19260817.0,1000.0,adaptive,auto,0.508617,0.572327,0.572327
3.0,1e-08,0.0001,logistic,1.0,"['AFLCA_votes', 'Disposals', 'Contested Possessions', 'Goals', 'Centre Clearances', 'Intercepts', 'Clearances', 'Marks Inside 50', 'Hitouts', 'Handballs', 'Behinds', 'Contested Marks', 'Bounces', 'Ineffective Disposals', 'Stoppage Clearances', 'Tackles Inside 50', 'Rebound 50s', 'One Percenters', 'Goal Assists', 'Uncontested Possessions', 'Frees Agains']",0.9362167668092989,0.481788,0.506776,0.506776,0.560127,0.546257,0.546257,694576037054709.4,704900343101814.6,704900343101814.6,67.81,19260817.0,1000.0,adaptive,auto,0.521088,0.57652,0.57652
3.0,1e-08,0.0001,logistic,31.0,"['AFLCA_votes', 'Disposals', 'Contested Possessions']",0.7562403677250018,0.492302,0.520871,0.520871,0.554416,0.538395,0.538395,634998030461202.4,639299841704699.6,639299841704699.6,51.52,19260817.0,1000.0,adaptive,auto,0.507937,0.568134,0.568134
3.0,1e-08,0.0001,logistic,31.0,"['AFLCA_votes', 'Disposals', 'Contested Possessions', 'Goals', 'Centre Clearances', 'Intercepts', 'Clearances', 'Marks Inside 50', 'Hitouts', 'Handballs', 'Behinds', 'Contested Marks', 'Bounces', 'Ineffective Disposals', 'Stoppage Clearances', 'Tackles Inside 50', 'Rebound 50s', 'One Percenters', 'Goal Assists', 'Uncontested Possessions', 'Frees Agains']",0.9362167668092989,0.570579,0.57088,0.57088,0.509888,0.509524,0.509524,539371010927519.44,581957070410547.2,581957070410547.2,160.21,19260817.0,1000.0,adaptive,auto,0.552834,0.572327,0.572327
3.0,1e-08,0.0031622776601683794,logistic,1.0,"['AFLCA_votes', 'Disposals', 'Contested Possessions']",0.7562403677250018,0.489324,0.515715,0.515715,0.55604,0.541285,0.541285,633475520231379.4,640061314827177.4,640061314827177.4,25.92,19260817.0,1000.0,adaptive,auto,0.506803,0.584906,0.584906
3.0,1e-08,0.0031622776601683794,logistic,1.0,"['AFLCA_votes', 'Disposals', 'Contested Possessions', 'Goals', 'Centre Clearances', 'Intercepts', 'Clearances', 'Marks Inside 50', 'Hitouts', 'Handballs', 'Behinds', 'Contested Marks', 'Bounces', 'Ineffective Disposals', 'Stoppage Clearances', 'Tackles Inside 50', 'Rebound 50s', 'One Percenters', 'Goal Assists', 'Uncontested Possessions', 'Frees Agains']",0.9362167668092989,0.478302,0.501596,0.501596,0.562009,0.549118,0.549118,550661736466501.44,552744992983741.3,552744992983741.3,31.28,19260817.0,1000.0,adaptive,auto,0.511791,0.548218,0.548218
3.0,1e-08,0.0031622776601683794,logistic,31.0,"['AFLCA_votes', 'Disposals', 'Contested Possessions']",0.7562403677250018,0.525886,0.556696,0.556696,0.535765,0.517876,0.517876,499532587257426.0,510443806658353.9,510443806658353.9,38.12,19260817.0,1000.0,adaptive,auto,0.519274,0.575472,0.575472
3.0,1e-08,0.0031622776601683794,logistic,31.0,"['AFLCA_votes', 'Disposals', 'Contested Possessions', 'Goals', 'Centre Clearances', 'Intercepts', 'Clearances', 'Marks Inside 50', 'Hitouts', 'Handballs', 'Behinds', 'Contested Marks', 'Bounces', 'Ineffective Disposals', 'Stoppage Clearances', 'Tackles Inside 50', 'Rebound 50s', 'One Percenters', 'Goal Assists', 'Uncontested Possessions', 'Frees Agains']",0.9362167668092989,0.660522,0.497046,0.497046,0.453356,0.551619,0.551619,322982630524725.44,444268504909924.9,444268504909924.9,255.17,19260817.0,1000.0,adaptive,auto,0.556689,0.579665,0.579665
3.0,3.1622776601683795e-05,0.0001,logistic,1.0,"['AFLCA_votes', 'Disposals', 'Contested Possessions']",0.7562403677250018,0.475223,0.500434,0.500434,0.563664,0.549758,0.549758,650070103326969.0,654422708063899.5,654422708063899.5,61.95,19260817.0,1000.0,adaptive,auto,0.508617,0.572327,0.572327
3.0,3.1622776601683795e-05,0.0001,logistic,1.0,"['AFLCA_votes', 'Disposals', 'Contested Possessions', 'Goals', 'Centre Clearances', 'Intercepts', 'Clearances', 'Marks Inside 50', 'Hitouts', 'Handballs', 'Behinds', 'Contested Marks', 'Bounces', 'Ineffective Disposals', 'Stoppage Clearances', 'Tackles Inside 50', 'Rebound 50s', 'One Percenters', 'Goal Assists', 'Uncontested Possessions', 'Frees Agains']",0.9362167668092989,0.481785,0.506772,0.506772,0.560129,0.54626,0.54626,694573142859954.1,704897030045658.6,704897030045658.6,68.07,19260817.0,1000.0,adaptive,auto,0.521088,0.57652,0.57652
3.0,3.1622776601683795e-05,0.0001,logistic,31.0,"['AFLCA_votes', 'Disposals', 'Contested Possessions']",0.7562403677250018,0.4923,0.520868,0.520868,0.554417,0.538397,0.538397,635002896070963.8,639305045540213.1,639305045540213.1,51.5,19260817.0,1000.0,adaptive,auto,0.507937,0.568134,0.568134
3.0,3.1622776601683795e-05,0.0001,logistic,31.0,"['AFLCA_votes', 'Disposals', 'Contested Possessions', 'Goals', 'Centre Clearances', 'Intercepts', 'Clearances', 'Marks Inside 50', 'Hitouts', 'Handballs', 'Behinds', 'Contested Marks', 'Bounces', 'Ineffective Disposals', 'Stoppage Clearances', 'Tackles Inside 50', 'Rebound 50s', 'One Percenters', 'Goal Assists', 'Uncontested Possessions', 'Frees Agains']",0.9362167668092989,0.570569,0.57089,0.57089,0.509894,0.509518,0.509518,539303163056211.7,581893944578324.6,581893944578324.6,160.93,19260817.0,1000.0,adaptive,auto,0.552834,0.572327,0.572327
3.0,3.1622776601683795e-05,0.0031622776601683794,logistic,1.0,"['AFLCA_votes', 'Disposals', 'Contested Possessions']",0.7562403677250018,0.489316,0.515712,0.515712,0.556044,0.541286,0.541286,633776017974840.5,640365822829389.2,640365822829389.2,25.98,19260817.0,1000.0,adaptive,auto,0.507483,0.584906,0.584906
3.0,3.1622776601683795e-05,0.0031622776601683794,logistic,1.0,"['AFLCA_votes', 'Disposals', 'Contested Possessions', 'Goals', 'Centre Clearances', 'Intercepts', 'Clearances', 'Marks Inside 50', 'Hitouts', 'Handballs', 'Behinds', 'Contested Marks', 'Bounces', 'Ineffective Disposals', 'Stoppage Clearances', 'Tackles Inside 50', 'Rebound 50s', 'One Percenters', 'Goal Assists', 'Uncontested Possessions', 'Frees Agains']",0.9362167668092989,0.478292,0.501586,0.501586,0.562014,0.549124,0.549124,550681451048756.7,552766104333808.5,552766104333808.5,31.43,19260817.0,1000.0,adaptive,auto,0.511791,0.548218,0.548218
3.0,3.1622776601683795e-05,0.0031622776601683794,logistic,31.0,"['AFLCA_votes', 'Disposals', 'Contested Possessions']",0.7562403677250018,0.52596,0.556814,0.556814,0.535723,0.517808,0.517808,498515090980983.0,509493098323769.4,509493098323769.4,38.2,19260817.0,1000.0,adaptive,auto,0.519274,0.575472,0.575472
2.0,5.62341325190349e-07,0.0005623413251903491,logistic,16.0,"['AFLCA_votes', 'Disposals', 'Contested Possessions', 'Goals', 'Centre Clearances', 'Intercepts', 'Clearances', 'Marks Inside 50', 'Hitouts', 'Handballs', 'Behinds', 'Contested Marks']",0.8764627957636986,0.552486,0.570733,0.570733,0.520519,0.509611,0.509611,496777919705539.75,530750687223188.94,530750687223188.94,38.89,19260817.0,1000.0,adaptive,auto,0.539229,0.580713,0.580713
1.0,1e-08,0.0001,logistic,31.0,"['AFLCA_votes', 'Disposals', 'Contested Possessions', 'Goals', 'Centre Clearances', 'Intercepts', 'Clearances', 'Marks Inside 50', 'Hitouts', 'Handballs', 'Behinds', 'Contested Marks', 'Bounces', 'Ineffective Disposals', 'Stoppage Clearances', 'Tackles Inside 50', 'Rebound 50s', 'One Percenters', 'Goal Assists', 'Uncontested Possessions', 'Frees Agains', 'Inside 50s', 'Frees For', 'Metres Gained', 'Score Involvements', 'Behind Assists', 'Tackles Outside 50', 'Tackles', 'Clangers', 'Uncontested Marks', 'Marks Outside 50', 'Kicks', 'Turnovers', 'Marks', 'Time On Ground %', 'Effective Disposals', 'HomeAway', 'Winloss']",0.9999999999999998,0.577654,0.558151,0.558151,0.50567,0.517026,0.517026,571790027605291.0,622029446346887.2,622029446346887.2,98.76,19260817.0,1000.0,adaptive,auto,0.569841,0.587002,0.587002
1.0,1e-08,0.0031622776601683794,logistic,1.0,"['AFLCA_votes', 'Disposals', 'Contested Possessions', 'Goals', 'Centre Clearances', 'Intercepts', 'Clearances', 'Marks Inside 50', 'Hitouts', 'Handballs', 'Behinds', 'Contested Marks', 'Bounces', 'Ineffective Disposals', 'Stoppage Clearances', 'Tackles Inside 50', 'Rebound 50s', 'One Percenters', 'Goal Assists', 'Uncontested Possessions', 'Frees Agains', 'Inside 50s', 'Frees For', 'Metres Gained', 'Score Involvements', 'Behind Assists', 'Tackles Outside 50', 'Tackles', 'Clangers', 'Uncontested Marks', 'Marks Outside 50', 'Kicks', 'Turnovers', 'Marks', 'Time On Ground %', 'Effective Disposals', 'HomeAway', 'Winloss']",0.9999999999999998,0.494239,0.522209,0.522209,0.553358,0.537643,0.537643,734995077995561.1,744837049140098.0,744837049140098.0,16.47,19260817.0,1000.0,adaptive,auto,0.522676,0.567086,0.567086
1.0,1e-08,0.0031622776601683794,logistic,31.0,"['AFLCA_votes', 'Disposals', 'Contested Possessions', 'Goals', 'Centre Clearances', 'Intercepts', 'Clearances', 'Marks Inside 50', 'Hitouts', 'Handballs', 'Behinds', 'Contested Marks', 'Bounces', 'Ineffective Disposals', 'Stoppage Clearances', 'Tackles Inside 50', 'Rebound 50s', 'One Percenters', 'Goal Assists', 'Uncontested Possessions', 'Frees Agains', 'Inside 50s', 'Frees For', 'Metres Gained', 'Score Involvements', 'Behind Assists', 'Tackles Outside 50', 'Tackles', 'Clangers', 'Uncontested Marks', 'Marks Outside 50', 'Kicks', 'Turnovers', 'Marks', 'Time On Ground %', 'Effective Disposals', 'HomeAway', 'Winloss']",0.9999999999999998,0.581285,0.536867,0.536867,0.503492,0.529332,0.529332,729676446465665.6,779708029104410.2,779708029104410.2,61.28,19260817.0,1000.0,adaptive,auto,0.58322,0.566038,0.566038
1.0,3.1622776601683795e-05,0.0001,logistic,1.0,"['AFLCA_votes', 'Disposals', 'Contested Possessions', 'Goals', 'Centre Clearances', 'Intercepts', 'Clearances', 'Marks Inside 50', 'Hitouts', 'Handballs', 'Behinds', 'Contested Marks', 'Bounces', 'Ineffective Disposals', 'Stoppage Clearances', 'Tackles Inside 50', 'Rebound 50s', 'One Percenters', 'Goal Assists', 'Uncontested Possessions', 'Frees Agains', 'Inside 50s', 'Frees For', 'Metres Gained', 'Score Involvements', 'Behind Assists', 'Tackles Outside 50', 'Tackles', 'Clangers', 'Uncontested Marks', 'Marks Outside 50', 'Kicks', 'Turnovers', 'Marks', 'Time On Ground %', 'Effective Disposals', 'HomeAway', 'Winloss']",0.9999999999999998,0.486252,0.511098,0.511098,0.55771,0.543859,0.543859,707285389984489.9,716488677286236.4,716488677286236.4,35.73,19260817.0,1000.0,adaptive,auto,0.521542,0.567086,0.567086
1.0,3.1622776601683795e-05,0.0001,logistic,31.0,"['AFLCA_votes', 'Disposals', 'Contested Possessions', 'Goals', 'Centre Clearances', 'Intercepts', 'Clearances', 'Marks Inside 50', 'Hitouts', 'Handballs', 'Behinds', 'Contested Marks', 'Bounces', 'Ineffective Disposals', 'Stoppage Clearances', 'Tackles Inside 50', 'Rebound 50s', 'One Percenters', 'Goal Assists', 'Uncontested Possessions', 'Frees Agains', 'Inside 50s', 'Frees For', 'Metres Gained', 'Score Involvements', 'Behind Assists', 'Tackles Outside 50', 'Tackles', 'Clangers', 'Uncontested Marks', 'Marks Outside 50', 'Kicks', 'Turnovers', 'Marks', 'Time On Ground %', 'Effective Disposals', 'HomeAway', 'Winloss']",0.9999999999999998,0.577651,0.558162,0.558162,0.505672,0.51702,0.51702,571736781725318.2,621973355695367.4,621973355695367.4,100.64,19260817.0,1000.0,adaptive,auto,0.569841,0.587002,0.587002
1.0,3.1622776601683795e-05,0.0031622776601683794,logistic,1.0,"['AFLCA_votes', 'Disposals', 'Contested Possessions', 'Goals', 'Centre Clearances', 'Intercepts', 'Clearances', 'Marks Inside 50', 'Hitouts', 'Handballs', 'Behinds', 'Contested Marks', 'Bounces', 'Ineffective Disposals', 'Stoppage Clearances', 'Tackles Inside 50', 'Rebound 50s', 'One Percenters', 'Goal Assists', 'Uncontested Possessions', 'Frees Agains', 'Inside 50s', 'Frees For', 'Metres Gained', 'Score Involvements', 'Behind Assists', 'Tackles Outside 50', 'Tackles', 'Clangers', 'Uncontested Marks', 'Marks Outside 50', 'Kicks', 'Turnovers', 'Marks', 'Time On Ground %', 'Effective Disposals', 'HomeAway', 'Winloss']",0.9999999999999998,0.494235,0.522204,0.522204,0.55336,0.537646,0.537646,734970037514193.1,744810224605237.5,744810224605237.5,16.62,19260817.0,1000.0,adaptive,auto,0.522676,0.567086,0.567086
1.0,3.1622776601683795e-05,0.0031622776601683794,logistic,31.0,"['AFLCA_votes', 'Disposals', 'Contested Possessions', 'Goals', 'Centre Clearances', 'Intercepts', 'Clearances', 'Marks Inside 50', 'Hitouts', 'Handballs', 'Behinds', 'Contested Marks', 'Bounces', 'Ineffective Disposals', 'Stoppage Clearances', 'Tackles Inside 50', 'Rebound 50s', 'One Percenters', 'Goal Assists', 'Uncontested Possessions', 'Frees Agains', 'Inside 50s', 'Frees For', 'Metres Gained', 'Score Involvements', 'Behind Assists', 'Tackles Outside 50', 'Tackles', 'Clangers', 'Uncontested Marks', 'Marks Outside 50', 'Kicks', 'Turnovers', 'Marks', 'Time On Ground %', 'Effective Disposals', 'HomeAway', 'Winloss']",0.9999999999999998,0.577968,0.538423,0.538423,0.505482,0.528442,0.528442,631442043514633.4,690285696004636.8,690285696004636.8,64.4,19260817.0,1000.0,adaptive,auto,0.566893,0.567086,0.567086
3.0,1e-08,0.0001,logistic,1.0,"['AFLCA_votes', 'Disposals', 'Contested Possessions', 'Goals', 'Centre Clearances', 'Intercepts', 'Clearances', 'Marks Inside 50', 'Hitouts', 'Handballs', 'Behinds', 'Contested Marks', 'Bounces', 'Ineffective Disposals', 'Stoppage Clearances', 'Tackles Inside 50', 'Rebound 50s', 'One Percenters', 'Goal Assists', 'Uncontested Possessions', 'Frees Agains', 'Inside 50s', 'Frees For', 'Metres Gained', 'Score Involvements', 'Behind Assists', 'Tackles Outside 50', 'Tackles', 'Clangers', 'Uncontested Marks', 'Marks Outside 50', 'Kicks', 'Turnovers', 'Marks', 'Time On Ground %', 'Effective Disposals', 'HomeAway', 'Winloss']",0.9999999999999998,0.48352,0.508329,0.508329,0.559191,0.545397,0.545397,689518409066382.2,696890252785750.8,696890252785750.8,74.84,19260817.0,1000.0,adaptive,auto,0.518594,0.563941,0.563941
3.0,1e-08,0.0001,logistic,31.0,"['AFLCA_votes', 'Disposals', 'Contested Possessions', 'Goals', 'Centre Clearances', 'Intercepts', 'Clearances', 'Marks Inside 50', 'Hitouts', 'Handballs', 'Behinds', 'Contested Marks', 'Bounces', 'Ineffective Disposals', 'Stoppage Clearances', 'Tackles Inside 50', 'Rebound 50s', 'One Percenters', 'Goal Assists', 'Uncontested Possessions', 'Frees Agains', 'Inside 50s', 'Frees For', 'Metres Gained', 'Score Involvements', 'Behind Assists', 'Tackles Outside 50', 'Tackles', 'Clangers', 'Uncontested Marks', 'Marks Outside 50', 'Kicks', 'Turnovers', 'Marks', 'Time On Ground %', 'Effective Disposals', 'HomeAway', 'Winloss']",0.9999999999999998,0.587327,0.552361,0.552361,0.499846,0.520402,0.520402,573824777489921.5,635472495792100.4,635472495792100.4,187.94,19260817.0,1000.0,adaptive,auto,0.550113,0.552411,0.552411
3.0,1e-08,0.0031622776601683794,logistic,1.0,"['AFLCA_votes', 'Disposals', 'Contested Possessions', 'Goals', 'Centre Clearances', 'Intercepts', 'Clearances', 'Marks Inside 50', 'Hitouts', 'Handballs', 'Behinds', 'Contested Marks', 'Bounces', 'Ineffective Disposals', 'Stoppage Clearances', 'Tackles Inside 50', 'Rebound 50s', 'One Percenters', 'Goal Assists', 'Uncontested Possessions', 'Frees Agains', 'Inside 50s', 'Frees For', 'Metres Gained', 'Score Involvements', 'Behind Assists', 'Tackles Outside 50', 'Tackles', 'Clangers', 'Uncontested Marks', 'Marks Outside 50', 'Kicks', 'Turnovers', 'Marks', 'Time On Ground %', 'Effective Disposals', 'HomeAway', 'Winloss']",0.9999999999999998,0.487953,0.513177,0.513177,0.556786,0.542701,0.542701,737854778597330.6,750844559730515.5,750844559730515.5,44.64,19260817.0,1000.0,adaptive,auto,0.528118,0.555556,0.555556
3.0,1e-08,0.0031622776601683794,logistic,31.0,"['AFLCA_votes', 'Disposals', 'Contested Possessions', 'Goals', 'Centre Clearances', 'Intercepts', 'Clearances', 'Marks Inside 50', 'Hitouts', 'Handballs', 'Behinds', 'Contested Marks', 'Bounces', 'Ineffective Disposals', 'Stoppage Clearances', 'Tackles Inside 50', 'Rebound 50s', 'One Percenters', 'Goal Assists', 'Uncontested Possessions', 'Frees Agains', 'Inside 50s', 'Frees For', 'Metres Gained', 'Score Involvements', 'Behind Assists', 'Tackles Outside 50', 'Tackles', 'Clangers', 'Uncontested Marks', 'Marks Outside 50', 'Kicks', 'Turnovers', 'Marks', 'Time On Ground %', 'Effective Disposals', 'HomeAway', 'Winloss']",0.9999999999999998,0.677198,0.472801,0.472801,0.442081,0.564758,0.564758,333672944570622.5,474745888934120.6,474745888934120.6,248.36,19260817.0,1000.0,adaptive,auto,0.582766,0.578616,0.578616
3.0,3.1622776601683795e-05,0.0001,logistic,1.0,"['AFLCA_votes', 'Disposals', 'Contested Possessions', 'Goals', 'Centre Clearances', 'Intercepts', 'Clearances', 'Marks Inside 50', 'Hitouts', 'Handballs', 'Behinds', 'Contested Marks', 'Bounces', 'Ineffective Disposals', 'Stoppage Clearances', 'Tackles Inside 50', 'Rebound 50s', 'One Percenters', 'Goal Assists', 'Uncontested Possessions', 'Frees Agains', 'Inside 50s', 'Frees For', 'Metres Gained', 'Score Involvements', 'Behind Assists', 'Tackles Outside 50', 'Tackles', 'Clangers', 'Uncontested Marks', 'Marks Outside 50', 'Kicks', 'Turnovers', 'Marks', 'Time On Ground %', 'Effective Disposals', 'HomeAway', 'Winloss']",0.9999999999999998,0.483516,0.508325,0.508325,0.559193,0.545399,0.545399,689515948451221.5,696887604720544.9,696887604720544.9,73.74,19260817.0,1000.0,adaptive,auto,0.518594,0.563941,0.563941
3.0,3.1622776601683795e-05,0.0001,logistic,31.0,"['AFLCA_votes', 'Disposals', 'Contested Possessions', 'Goals', 'Centre Clearances', 'Intercepts', 'Clearances', 'Marks Inside 50', 'Hitouts', 'Handballs', 'Behinds', 'Contested Marks', 'Bounces', 'Ineffective Disposals', 'Stoppage Clearances', 'Tackles Inside 50', 'Rebound 50s', 'One Percenters', 'Goal Assists', 'Uncontested Possessions', 'Frees Agains', 'Inside 50s', 'Frees For', 'Metres Gained', 'Score Involvements', 'Behind Assists', 'Tackles Outside 50', 'Tackles', 'Clangers', 'Uncontested Marks', 'Marks Outside 50', 'Kicks', 'Turnovers', 'Marks', 'Time On Ground %', 'Effective Disposals', 'HomeAway', 'Winloss']",0.9999999999999998,0.587321,0.55237,0.55237,0.49985,0.520397,0.520397,573779011432752.9,635428090210012.5,635428090210012.5,187.8,19260817.0,1000.0,adaptive,auto,0.550113,0.552411,0.552411
3.0,3.1622776601683795e-05,0.0031622776601683794,logistic,1.0,"['AFLCA_votes', 'Disposals', 'Contested Possessions', 'Goals', 'Centre Clearances', 'Intercepts', 'Clearances', 'Marks Inside 50', 'Hitouts', 'Handballs', 'Behinds', 'Contested Marks', 'Bounces', 'Ineffective Disposals', 'Stoppage Clearances', 'Tackles Inside 50', 'Rebound 50s', 'One Percenters', 'Goal Assists', 'Uncontested Possessions', 'Frees Agains', 'Inside 50s', 'Frees For', 'Metres Gained', 'Score Involvements', 'Behind Assists', 'Tackles Outside 50', 'Tackles', 'Clangers', 'Uncontested Marks', 'Marks Outside 50', 'Kicks', 'Turnovers', 'Marks', 'Time On Ground %', 'Effective Disposals', 'HomeAway', 'Winloss']",0.9999999999999998,0.487946,0.513169,0.513169,0.55679,0.542706,0.542706,737838461818053.9,750827257502489.2,750827257502489.2,44.58,19260817.0,1000.0,adaptive,auto,0.528118,0.555556,0.555556
3.0,3.1622776601683795e-05,0.0031622776601683794,logistic,31.0,"['AFLCA_votes', 'Disposals', 'Contested Possessions', 'Goals', 'Centre Clearances', 'Intercepts', 'Clearances', 'Marks Inside 50', 'Hitouts', 'Handballs', 'Behinds', 'Contested Marks', 'Bounces', 'Ineffective Disposals', 'Stoppage Clearances', 'Tackles Inside 50', 'Rebound 50s', 'One Percenters', 'Goal Assists', 'Uncontested Possessions', 'Frees Agains', 'Inside 50s', 'Frees For', 'Metres Gained', 'Score Involvements', 'Behind Assists', 'Tackles Outside 50', 'Tackles', 'Clangers', 'Uncontested Marks', 'Marks Outside 50', 'Kicks', 'Turnovers', 'Marks', 'Time On Ground %', 'Effective Disposals', 'HomeAway', 'Winloss']",0.9999999999999998,0.687607,0.496449,0.496449,0.434895,0.551946,0.551946,289829471999072.94,418270602955391.3,418270602955391.3,316.9,19260817.0,1000.0,adaptive,auto,0.561224,0.598532,0.598532
2.0,5.62341325190349e-07,0.0005623413251903491,logistic,16.0,"['AFLCA_votes', 'Disposals', 'Contested Possessions', 'Goals', 'Centre Clearances', 'Intercepts', 'Clearances', 'Marks Inside 50', 'Hitouts', 'Handballs', 'Behinds', 'Contested Marks', 'Bounces', 'Ineffective Disposals', 'Stoppage Clearances', 'Tackles Inside 50', 'Rebound 50s', 'One Percenters', 'Goal Assists', 'Uncontested Possessions', 'Frees Agains', 'Inside 50s', 'Frees For', 'Metres Gained', 'Score Involvements', 'Behind Assists', 'Tackles Outside 50', 'Tackles', 'Clangers', 'Uncontested Marks']",0.9786082458844693,0.565695,0.553573,0.553573,0.51278,0.519697,0.519697,575997617947030.0,618852676362367.4,618852676362367.4,49.43,19260817.0,1000.0,adaptive,auto,0.552381,0.532495,0.532495
1.0,1e-08,0.0001,logistic,60.0,"['AFLCA_votes', 'Disposals', 'Contested Possessions', 'Goals', 'Centre Clearances', 'Intercepts', 'Clearances', 'Marks Inside 50', 'Hitouts', 'Handballs', 'Behinds', 'Contested Marks', 'Bounces', 'Ineffective Disposals', 'Stoppage Clearances', 'Tackles Inside 50', 'Rebound 50s', 'One Percenters', 'Goal Assists', 'Uncontested Possessions', 'Frees Agains']",0.9362167668092989,0.572844,0.563663,0.563663,0.508541,0.513791,0.513791,524337047439053.9,574484257497044.5,574484257497044.5,168.42,19260817.0,1000.0,adaptive,auto,0.554875,0.554507,0.554507
1.0,1e-08,0.0031622776601683794,logistic,60.0,"['AFLCA_votes', 'Disposals', 'Contested Possessions']",0.7562403677250018,0.526971,0.560992,0.560992,0.535152,0.515361,0.515361,460468226781597.75,468704282170338.7,468704282170338.7,52.08,19260817.0,1000.0,adaptive,auto,0.512245,0.584906,0.584906
1.0,1e-08,0.0031622776601683794,logistic,60.0,"['AFLCA_votes', 'Disposals', 'Contested Possessions', 'Goals', 'Centre Clearances', 'Intercepts', 'Clearances', 'Marks Inside 50', 'Hitouts', 'Handballs', 'Behinds', 'Contested Marks', 'Bounces', 'Ineffective Disposals', 'Stoppage Clearances', 'Tackles Inside 50', 'Rebound 50s', 'One Percenters', 'Goal Assists', 'Uncontested Possessions', 'Frees Agains']",0.9362167668092989,0.608852,0.524954,0.524954,0.486635,0.536096,0.536096,628176131852351.9,725931575853091.0,725931575853091.0,111.75,19260817.0,1000.0,adaptive,auto,0.581406,0.566038,0.566038
1.0,3.1622776601683795e-05,0.0001,logistic,60.0,"['AFLCA_votes', 'Disposals', 'Contested Possessions']",0.7562403677250018,0.494203,0.523009,0.523009,0.553378,0.537193,0.537193,640831062844077.5,646123089731756.4,646123089731756.4,27.24,19260817.0,1000.0,adaptive,auto,0.506576,0.568134,0.568134
1.0,3.1622776601683795e-05,0.0001,logistic,60.0,"['AFLCA_votes', 'Disposals', 'Contested Possessions', 'Goals', 'Centre Clearances', 'Intercepts', 'Clearances', 'Marks Inside 50', 'Hitouts', 'Handballs', 'Behinds', 'Contested Marks', 'Bounces', 'Ineffective Disposals', 'Stoppage Clearances', 'Tackles Inside 50', 'Rebound 50s', 'One Percenters', 'Goal Assists', 'Uncontested Possessions', 'Frees Agains']",0.9362167668092989,0.572831,0.563675,0.563675,0.508549,0.513784,0.513784,524248214726537.9,574390581740708.8,574390581740708.8,169.21,19260817.0,1000.0,adaptive,auto,0.554875,0.554507,0.554507
1.0,3.1622776601683795e-05,0.0031622776601683794,logistic,60.0,"['AFLCA_votes', 'Disposals', 'Contested Possessions']",0.7562403677250018,0.526963,0.561019,0.561019,0.535157,0.515345,0.515345,460472317289328.2,468724976557381.56,468724976557381.56,52.29,19260817.0,1000.0,adaptive,auto,0.514966,0.584906,0.584906
1.0,3.1622776601683795e-05,0.0031622776601683794,logistic,60.0,"['AFLCA_votes', 'Disposals', 'Contested Possessions', 'Goals', 'Centre Clearances', 'Intercepts', 'Clearances', 'Marks Inside 50', 'Hitouts', 'Handballs', 'Behinds', 'Contested Marks', 'Bounces', 'Ineffective Disposals', 'Stoppage Clearances', 'Tackles Inside 50', 'Rebound 50s', 'One Percenters', 'Goal Assists', 'Uncontested Possessions', 'Frees Agains']",0.9362167668092989,0.611842,0.534284,0.534284,0.484772,0.530806,0.530806,631732676187575.2,721703441531308.0,721703441531308.0,108.15,19260817.0,1000.0,adaptive,auto,0.575057,0.589099,0.589099
3.0,1e-08,0.0001,logistic,60.0,"['AFLCA_votes', 'Disposals', 'Contested Possessions']",0.7562403677250018,0.521494,0.557213,0.557213,0.538241,0.517574,0.517574,465768490542748.2,477367255260237.94,477367255260237.94,117.88,19260817.0,1000.0,adaptive,auto,0.521995,0.583857,0.583857
3.0,1e-08,0.0001,logistic,60.0,"['AFLCA_votes', 'Disposals', 'Contested Possessions', 'Goals', 'Centre Clearances', 'Intercepts', 'Clearances', 'Marks Inside 50', 'Hitouts', 'Handballs', 'Behinds', 'Contested Marks', 'Bounces', 'Ineffective Disposals', 'Stoppage Clearances', 'Tackles Inside 50', 'Rebound 50s', 'One Percenters', 'Goal Assists', 'Uncontested Possessions', 'Frees Agains']",0.9362167668092989,0.587052,0.549492,0.549492,0.500012,0.522067,0.522067,556584421428936.0,627226918412623.6,627226918412623.6,726.07,19260817.0,1000.0,adaptive,auto,0.563265,0.561845,0.561845
3.0,1e-08,0.0031622776601683794,logistic,60.0,"['AFLCA_votes', 'Disposals', 'Contested Possessions']",0.7562403677250018,0.531175,0.56106,0.56106,0.532768,0.515321,0.515321,436642185546547.4,447929898970851.1,447929898970851.1,218.27,19260817.0,1000.0,adaptive,auto,0.514512,0.584906,0.584906
3.0,1e-08,0.0031622776601683794,logistic,60.0,"['AFLCA_votes', 'Disposals', 'Contested Possessions', 'Goals', 'Centre Clearances', 'Intercepts', 'Clearances', 'Marks Inside 50', 'Hitouts', 'Handballs', 'Behinds', 'Contested Marks', 'Bounces', 'Ineffective Disposals', 'Stoppage Clearances', 'Tackles Inside 50', 'Rebound 50s', 'One Percenters', 'Goal Assists', 'Uncontested Possessions', 'Frees Agains']",0.9362167668092989,0.754963,0.430289,0.430289,0.385167,0.587087,0.587087,254269213633728.8,462865900299057.6,462865900299057.6,1129.75,19260817.0,1000.0,adaptive,auto,0.64059,0.56499,0.56499
3.0,3.1622776601683795e-05,0.0001,logistic,60.0,"['AFLCA_votes', 'Disposals', 'Contested Possessions']",0.7562403677250018,0.521491,0.557211,0.557211,0.538243,0.517576,0.517576,465767719832432.4,477366640876605.56,477366640876605.56,118.71,19260817.0,1000.0,adaptive,auto,0.521995,0.583857,0.583857
3.0,3.1622776601683795e-05,0.0001,logistic,60.0,"['AFLCA_votes', 'Disposals', 'Contested Possessions', 'Goals', 'Centre Clearances', 'Intercepts', 'Clearances', 'Marks Inside 50', 'Hitouts', 'Handballs', 'Behinds', 'Contested Marks', 'Bounces', 'Ineffective Disposals', 'Stoppage Clearances', 'Tackles Inside 50', 'Rebound 50s', 'One Percenters', 'Goal Assists', 'Uncontested Possessions', 'Frees Agains']",0.9362167668092989,0.587052,0.549521,0.549521,0.500012,0.522051,0.522051,556565877062175.9,627182454986983.9,627182454986983.9,727.44,19260817.0,1000.0,adaptive,auto,0.563946,0.561845,0.561845
3.0,3.1622776601683795e-05,0.0031622776601683794,logistic,60.0,"['AFLCA_votes', 'Disposals', 'Contested Possessions']",0.7562403677250018,0.52979,0.559919,0.559919,0.533555,0.51599,0.51599,455866551405340.94,469898762086346.44,469898762086346.44,165.29,19260817.0,1000.0,adaptive,auto,0.523129,0.591195,0.591195
3.0,3.1622776601683795e-05,0.0031622776601683794,logistic,60.0,"['AFLCA_votes', 'Disposals', 'Contested Possessions', 'Goals', 'Centre Clearances', 'Intercepts', 'Clearances', 'Marks Inside 50', 'Hitouts', 'Handballs', 'Behinds', 'Contested Marks', 'Bounces', 'Ineffective Disposals', 'Stoppage Clearances', 'Tackles Inside 50', 'Rebound 50s', 'One Percenters', 'Goal Assists', 'Uncontested Possessions', 'Frees Agains']",0.9362167668092989,0.690112,0.453851,0.453851,0.433147,0.574818,0.574818,284138692961802.7,436604294532623.8,436604294532623.8,620.74,19260817.0,1000.0,adaptive,auto,0.587982,0.562893,0.562893
2.0,5.62341325190349e-07,0.0005623413251903491,logistic,46.0,"['AFLCA_votes', 'Disposals', 'Contested Possessions', 'Goals', 'Centre Clearances', 'Intercepts', 'Clearances', 'Marks Inside 50', 'Hitouts', 'Handballs', 'Behinds', 'Contested Marks']",0.8764627957636986,0.601152,0.554343,0.554343,0.491402,0.519249,0.519249,409359601773472.4,475322667536009.9,475322667536009.9,458.94,19260817.0,1000.0,adaptive,auto,0.556463,0.582809,0.582809
1.0,1e-08,0.0031622776601683794,logistic,60.0,"['AFLCA_votes', 'Disposals', 'Contested Possessions', 'Goals', 'Centre Clearances', 'Intercepts', 'Clearances', 'Marks Inside 50', 'Hitouts', 'Handballs', 'Behinds', 'Contested Marks', 'Bounces', 'Ineffective Disposals', 'Stoppage Clearances', 'Tackles Inside 50', 'Rebound 50s', 'One Percenters', 'Goal Assists', 'Uncontested Possessions', 'Frees Agains', 'Inside 50s', 'Frees For', 'Metres Gained', 'Score Involvements', 'Behind Assists', 'Tackles Outside 50', 'Tackles', 'Clangers', 'Uncontested Marks', 'Marks Outside 50', 'Kicks', 'Turnovers', 'Marks', 'Time On Ground %', 'Effective Disposals', 'HomeAway', 'Winloss']",0.9999999999999998,0.624537,0.525535,0.525535,0.476779,0.535769,0.535769,645720777180476.5,736226424572244.2,736226424572244.2,106.01,19260817.0,1000.0,adaptive,auto,0.607029,0.561845,0.561845
1.0,3.1622776601683795e-05,0.0001,logistic,60.0,"['AFLCA_votes', 'Disposals', 'Contested Possessions', 'Goals', 'Centre Clearances', 'Intercepts', 'Clearances', 'Marks Inside 50', 'Hitouts', 'Handballs', 'Behinds', 'Contested Marks', 'Bounces', 'Ineffective Disposals', 'Stoppage Clearances', 'Tackles Inside 50', 'Rebound 50s', 'One Percenters', 'Goal Assists', 'Uncontested Possessions', 'Frees Agains', 'Inside 50s', 'Frees For', 'Metres Gained', 'Score Involvements', 'Behind Assists', 'Tackles Outside 50', 'Tackles', 'Clangers', 'Uncontested Marks', 'Marks Outside 50', 'Kicks', 'Turnovers', 'Marks', 'Time On Ground %', 'Effective Disposals', 'HomeAway', 'Winloss']",0.9999999999999998,0.599064,0.542013,0.542013,0.492687,0.526383,0.526383,614429502399632.5,690268173860278.4,690268173860278.4,225.51,19260817.0,1000.0,adaptive,auto,0.590023,0.582809,0.582809
1.0,3.1622776601683795e-05,0.0031622776601683794,logistic,60.0,"['AFLCA_votes', 'Disposals', 'Contested Possessions', 'Goals', 'Centre Clearances', 'Intercepts', 'Clearances', 'Marks Inside 50', 'Hitouts', 'Handballs', 'Behinds', 'Contested Marks', 'Bounces', 'Ineffective Disposals', 'Stoppage Clearances', 'Tackles Inside 50', 'Rebound 50s', 'One Percenters', 'Goal Assists', 'Uncontested Possessions', 'Frees Agains', 'Inside 50s', 'Frees For', 'Metres Gained', 'Score Involvements', 'Behind Assists', 'Tackles Outside 50', 'Tackles', 'Clangers', 'Uncontested Marks', 'Marks Outside 50', 'Kicks', 'Turnovers', 'Marks', 'Time On Ground %', 'Effective Disposals', 'HomeAway', 'Winloss']",0.9999999999999998,0.625483,0.518999,0.518999,0.476178,0.539446,0.539446,650569582703562.9,746479558694667.1,746479558694667.1,141.64,19260817.0,1000.0,adaptive,auto,0.596372,0.541929,0.541929
