n_estimators,max_depth,max_samples,max_features,ccp_alpha,features,feature combo ningxiang score,Train r2,Val r2,Test r2,Train RMSE,Val RMSE,Test RMSE,Train MAPE,Val MAPE,Test MAPE,Time,random_state,n_jobs,bootstrap,Train Brownlow Metric,Val Brownlow Metric,Test Brownlow Metric
50.0,12.0,0.7,0.7,0.01,"['AFLCA_votes', 'Disposals', 'Contested Possessions']",0.7562403677250018,0.494053,0.522871,0.522871,0.55346,0.537271,0.537271,364434490355722.6,368277873065667.75,368277873065667.75,7.6,19260817.0,-1.0,True,0.514059,0.582809,0.582809
50.0,12.0,0.7,0.7,0.01,"['AFLCA_votes', 'Disposals', 'Contested Possessions', 'Goals']",0.7765535537689908,0.484761,0.51206,0.51206,0.558519,0.543324,0.543324,369949378725530.3,378636893784525.4,378636893784525.4,6.46,19260817.0,-1.0,True,0.522902,0.580713,0.580713
50.0,12.0,0.7,0.7,0.01,"['AFLCA_votes', 'Disposals', 'Contested Possessions', 'Goals', 'Centre Clearances']",0.7919471007529546,0.492656,0.5202,0.5202,0.554223,0.538772,0.538772,358825690987677.5,363105257496534.06,363105257496534.06,7.53,19260817.0,-1.0,True,0.516553,0.571279,0.571279
50.0,12.0,0.7,0.7,0.01,"['AFLCA_votes', 'Disposals', 'Contested Possessions', 'Goals', 'Centre Clearances', 'Intercepts']",0.8049857274440886,0.494386,0.521726,0.521726,0.553277,0.537915,0.537915,355650801480764.8,361316748927945.2,361316748927945.2,8.56,19260817.0,-1.0,True,0.52585,0.572327,0.572327
50.0,12.0,0.7,0.7,0.01,"['AFLCA_votes', 'Disposals', 'Contested Possessions', 'Goals', 'Centre Clearances', 'Intercepts', 'Clearances']",0.8175406880045384,0.488633,0.514914,0.514914,0.556416,0.541732,0.541732,345897704315766.3,354120858871932.5,354120858871932.5,8.0,19260817.0,-1.0,True,0.516553,0.57652,0.57652
50.0,12.0,0.7,0.7,0.01,"['AFLCA_votes', 'Disposals', 'Contested Possessions', 'Goals', 'Centre Clearances', 'Intercepts', 'Clearances', 'Marks Inside 50']",0.8299825644950556,0.48727,0.51468,0.51468,0.557157,0.541863,0.541863,349189275583817.8,354265792126107.06,354265792126107.06,10.21,19260817.0,-1.0,True,0.512018,0.573375,0.573375
50.0,12.0,0.7,0.7,0.01,"['AFLCA_votes', 'Disposals', 'Contested Possessions', 'Goals', 'Centre Clearances', 'Intercepts', 'Clearances', 'Marks Inside 50', 'Hitouts']",0.8421594803742163,0.491277,0.518184,0.518184,0.554976,0.539903,0.539903,364811259495136.6,368307095748722.5,368307095748722.44,12.81,19260817.0,-1.0,True,0.504535,0.574423,0.574423
50.0,12.0,0.7,0.7,0.01,"['AFLCA_votes', 'Disposals', 'Contested Possessions', 'Goals', 'Centre Clearances', 'Intercepts', 'Clearances', 'Marks Inside 50', 'Hitouts', 'Handballs']",0.8541358029977908,0.498053,0.526718,0.526718,0.551267,0.5351,0.5351,360435836807296.94,364649086900037.8,364649086900037.8,13.16,19260817.0,-1.0,True,0.512698,0.573375,0.573375
50.0,12.0,0.7,0.7,0.01,"['AFLCA_votes', 'Disposals', 'Contested Possessions', 'Goals', 'Centre Clearances', 'Intercepts', 'Clearances', 'Marks Inside 50', 'Hitouts', 'Handballs', 'Behinds']",0.8659768297633487,0.495125,0.520826,0.520826,0.552873,0.538421,0.538421,349943155628744.4,357581753735871.5,357581753735871.5,13.79,19260817.0,-1.0,True,0.51542,0.57652,0.57652
50.0,12.0,0.7,0.7,0.01,"['AFLCA_votes', 'Disposals', 'Contested Possessions', 'Goals', 'Centre Clearances', 'Intercepts', 'Clearances', 'Marks Inside 50', 'Hitouts', 'Handballs', 'Behinds', 'Contested Marks']",0.8764627957636986,0.490091,0.517643,0.517643,0.555622,0.540206,0.540206,351177512186692.44,357133485659637.8,357133485659637.75,15.84,19260817.0,-1.0,True,0.513605,0.57652,0.57652
50.0,12.0,0.7,0.7,0.01,"['AFLCA_votes', 'Disposals', 'Contested Possessions', 'Goals', 'Centre Clearances', 'Intercepts', 'Clearances', 'Marks Inside 50', 'Hitouts', 'Handballs', 'Behinds', 'Contested Marks', 'Bounces']",0.8858545003433346,0.485988,0.511093,0.511093,0.557853,0.543862,0.543862,382686549035699.94,389699282173532.94,389699282173532.94,16.76,19260817.0,-1.0,True,0.513152,0.570231,0.570231
50.0,12.0,0.7,0.7,0.01,"['AFLCA_votes', 'Disposals', 'Contested Possessions', 'Goals', 'Centre Clearances', 'Intercepts', 'Clearances', 'Marks Inside 50', 'Hitouts', 'Handballs', 'Behinds', 'Contested Marks', 'Bounces', 'Ineffective Disposals']",0.8934391461254398,0.487863,0.514117,0.514117,0.556835,0.542177,0.542177,361244649948494.2,365877715296878.1,365877715296878.1,17.41,19260817.0,-1.0,True,0.519501,0.579665,0.579665
50.0,12.0,0.7,0.7,0.01,"['AFLCA_votes', 'Disposals', 'Contested Possessions', 'Goals', 'Centre Clearances', 'Intercepts', 'Clearances', 'Marks Inside 50', 'Hitouts', 'Handballs', 'Behinds', 'Contested Marks', 'Bounces', 'Ineffective Disposals', 'Stoppage Clearances']",0.9003977265227703,0.489648,0.514475,0.514475,0.555863,0.541977,0.541977,355057041358937.9,360473658637152.94,360473658637152.94,19.61,19260817.0,-1.0,True,0.520408,0.577568,0.577568
50.0,12.0,0.7,0.7,0.01,"['AFLCA_votes', 'Disposals', 'Contested Possessions', 'Goals', 'Centre Clearances', 'Intercepts', 'Clearances', 'Marks Inside 50', 'Hitouts', 'Handballs', 'Behinds', 'Contested Marks', 'Bounces', 'Ineffective Disposals', 'Stoppage Clearances', 'Tackles Inside 50']",0.906940299335011,0.494027,0.522486,0.522486,0.553474,0.537487,0.537487,344498434014493.5,348860682642654.5,348860682642654.56,19.4,19260817.0,-1.0,True,0.528118,0.578616,0.578616
50.0,12.0,0.7,0.7,0.01,"['AFLCA_votes', 'Disposals', 'Contested Possessions', 'Goals', 'Centre Clearances', 'Intercepts', 'Clearances', 'Marks Inside 50', 'Hitouts', 'Handballs', 'Behinds', 'Contested Marks', 'Bounces', 'Ineffective Disposals', 'Stoppage Clearances', 'Tackles Inside 50', 'Rebound 50s']",0.9130469708326392,0.493654,0.520212,0.520212,0.553678,0.538766,0.538766,348620859637912.75,355048558331451.9,355048558331451.9,19.77,19260817.0,-1.0,True,0.511338,0.574423,0.574423
50.0,12.0,0.7,0.7,0.01,"['AFLCA_votes', 'Disposals', 'Contested Possessions', 'Goals', 'Centre Clearances', 'Intercepts', 'Clearances', 'Marks Inside 50', 'Hitouts', 'Handballs', 'Behinds', 'Contested Marks', 'Bounces', 'Ineffective Disposals', 'Stoppage Clearances', 'Tackles Inside 50', 'Rebound 50s', 'One Percenters']",0.919120335160259,0.494887,0.521007,0.521007,0.553003,0.538319,0.538319,374378750053171.0,379842512569415.6,379842512569415.6,21.93,19260817.0,-1.0,True,0.51678,0.57652,0.57652
50.0,12.0,0.7,0.7,0.01,"['AFLCA_votes', 'Disposals', 'Contested Possessions', 'Goals', 'Centre Clearances', 'Intercepts', 'Clearances', 'Marks Inside 50', 'Hitouts', 'Handballs', 'Behinds', 'Contested Marks', 'Bounces', 'Ineffective Disposals', 'Stoppage Clearances', 'Tackles Inside 50', 'Rebound 50s', 'One Percenters', 'Goal Assists']",0.9248985490429719,0.494082,0.521852,0.521852,0.553444,0.537844,0.537844,359474398540922.9,363459357293435.6,363459357293435.6,24.0,19260817.0,-1.0,True,0.514739,0.572327,0.572327
50.0,12.0,0.7,0.7,0.01,"['AFLCA_votes', 'Disposals', 'Contested Possessions', 'Goals', 'Centre Clearances', 'Intercepts', 'Clearances', 'Marks Inside 50', 'Hitouts', 'Handballs', 'Behinds', 'Contested Marks', 'Bounces', 'Ineffective Disposals', 'Stoppage Clearances', 'Tackles Inside 50', 'Rebound 50s', 'One Percenters', 'Goal Assists', 'Uncontested Possessions']",0.9306217431588558,0.491779,0.517013,0.517013,0.554702,0.540559,0.540559,357551762470104.06,362685658762539.7,362685658762539.7,26.01,19260817.0,-1.0,True,0.521542,0.577568,0.577568
50.0,12.0,0.7,0.7,0.01,"['AFLCA_votes', 'Disposals', 'Contested Possessions', 'Goals', 'Centre Clearances', 'Intercepts', 'Clearances', 'Marks Inside 50', 'Hitouts', 'Handballs', 'Behinds', 'Contested Marks', 'Bounces', 'Ineffective Disposals', 'Stoppage Clearances', 'Tackles Inside 50', 'Rebound 50s', 'One Percenters', 'Goal Assists', 'Uncontested Possessions', 'Frees Agains']",0.9362167668092989,0.497363,0.524795,0.524795,0.551646,0.536186,0.536186,354313601185741.06,360720424943571.5,360720424943571.56,27.43,19260817.0,-1.0,True,0.512018,0.574423,0.574423
50.0,12.0,0.7,0.7,0.01,"['AFLCA_votes', 'Disposals', 'Contested Possessions', 'Goals', 'Centre Clearances', 'Intercepts', 'Clearances', 'Marks Inside 50', 'Hitouts', 'Handballs', 'Behinds', 'Contested Marks', 'Bounces', 'Ineffective Disposals', 'Stoppage Clearances', 'Tackles Inside 50', 'Rebound 50s', 'One Percenters', 'Goal Assists', 'Uncontested Possessions', 'Frees Agains', 'Inside 50s']",0.9417404842109905,0.491042,0.51705,0.51705,0.555104,0.540538,0.540538,360223265284332.9,364315119164609.4,364315119164609.4,26.24,19260817.0,-1.0,True,0.522676,0.569182,0.569182
50.0,12.0,0.7,0.7,0.01,"['AFLCA_votes', 'Disposals', 'Contested Possessions', 'Goals', 'Centre Clearances', 'Intercepts', 'Clearances', 'Marks Inside 50', 'Hitouts', 'Handballs', 'Behinds', 'Contested Marks', 'Bounces', 'Ineffective Disposals', 'Stoppage Clearances', 'Tackles Inside 50', 'Rebound 50s', 'One Percenters', 'Goal Assists', 'Uncontested Possessions', 'Frees Agains', 'Inside 50s', 'Frees For']",0.9470934756360015,0.495654,0.52326,0.52326,0.552583,0.537052,0.537052,360580102426096.75,364756365446364.6,364756365446364.6,29.8,19260817.0,-1.0,True,0.514286,0.580713,0.580713
50.0,12.0,0.7,0.7,0.01,"['AFLCA_votes', 'Disposals', 'Contested Possessions', 'Goals', 'Centre Clearances', 'Intercepts', 'Clearances', 'Marks Inside 50', 'Hitouts', 'Handballs', 'Behinds', 'Contested Marks', 'Bounces', 'Ineffective Disposals', 'Stoppage Clearances', 'Tackles Inside 50', 'Rebound 50s', 'One Percenters', 'Goal Assists', 'Uncontested Possessions', 'Frees Agains', 'Inside 50s', 'Frees For', 'Metres Gained']",0.9523402288050722,0.491652,0.518907,0.518907,0.554771,0.539498,0.539498,387721542947917.0,392704508802617.7,392704508802617.7,29.66,19260817.0,-1.0,True,0.513605,0.582809,0.582809
50.0,12.0,0.7,0.7,0.01,"['AFLCA_votes', 'Disposals', 'Contested Possessions', 'Goals', 'Centre Clearances', 'Intercepts', 'Clearances', 'Marks Inside 50', 'Hitouts', 'Handballs', 'Behinds', 'Contested Marks', 'Bounces', 'Ineffective Disposals', 'Stoppage Clearances', 'Tackles Inside 50', 'Rebound 50s', 'One Percenters', 'Goal Assists', 'Uncontested Possessions', 'Frees Agains', 'Inside 50s', 'Frees For', 'Metres Gained', 'Score Involvements']",0.9575623339697504,0.49351,0.520337,0.520337,0.553756,0.538695,0.538695,367864745821428.0,373768812004556.75,373768812004556.75,34.11,19260817.0,-1.0,True,0.514512,0.563941,0.563941
50.0,12.0,0.7,0.7,0.01,"['AFLCA_votes', 'Disposals', 'Contested Possessions', 'Goals', 'Centre Clearances', 'Intercepts', 'Clearances', 'Marks Inside 50', 'Hitouts', 'Handballs', 'Behinds', 'Contested Marks', 'Bounces', 'Ineffective Disposals', 'Stoppage Clearances', 'Tackles Inside 50', 'Rebound 50s', 'One Percenters', 'Goal Assists', 'Uncontested Possessions', 'Frees Agains', 'Inside 50s', 'Frees For', 'Metres Gained', 'Score Involvements', 'Behind Assists']",0.9622116975748499,0.497045,0.522358,0.522358,0.551821,0.537559,0.537559,362141683934087.1,367562666383224.94,367562666383224.94,32.02,19260817.0,-1.0,True,0.514286,0.575472,0.575472
50.0,12.0,0.7,0.7,0.01,"['AFLCA_votes', 'Disposals', 'Contested Possessions', 'Goals', 'Centre Clearances', 'Intercepts', 'Clearances', 'Marks Inside 50', 'Hitouts', 'Handballs', 'Behinds', 'Contested Marks', 'Bounces', 'Ineffective Disposals', 'Stoppage Clearances', 'Tackles Inside 50', 'Rebound 50s', 'One Percenters', 'Goal Assists', 'Uncontested Possessions', 'Frees Agains', 'Inside 50s', 'Frees For', 'Metres Gained', 'Score Involvements', 'Behind Assists', 'Tackles Outside 50']",0.9668398251654758,0.495893,0.522259,0.522259,0.552452,0.537615,0.537615,348263260181164.75,354521460266616.75,354521460266616.75,32.28,19260817.0,-1.0,True,0.520408,0.582809,0.582809
50.0,12.0,0.7,0.7,0.01,"['AFLCA_votes', 'Disposals', 'Contested Possessions', 'Goals', 'Centre Clearances', 'Intercepts', 'Clearances', 'Marks Inside 50', 'Hitouts', 'Handballs', 'Behinds', 'Contested Marks', 'Bounces', 'Ineffective Disposals', 'Stoppage Clearances', 'Tackles Inside 50', 'Rebound 50s', 'One Percenters', 'Goal Assists', 'Uncontested Possessions', 'Frees Agains', 'Inside 50s', 'Frees For', 'Metres Gained', 'Score Involvements', 'Behind Assists', 'Tackles Outside 50', 'Tackles']",0.9712453380319709,0.491453,0.51689,0.51689,0.55488,0.540628,0.540628,373659945985659.2,381877204867094.7,381877204867094.6,33.66,19260817.0,-1.0,True,0.520862,0.569182,0.569182
50.0,12.0,0.7,0.7,0.01,"['AFLCA_votes', 'Disposals', 'Contested Possessions', 'Goals', 'Centre Clearances', 'Intercepts', 'Clearances', 'Marks Inside 50', 'Hitouts', 'Handballs', 'Behinds', 'Contested Marks', 'Bounces', 'Ineffective Disposals', 'Stoppage Clearances', 'Tackles Inside 50', 'Rebound 50s', 'One Percenters', 'Goal Assists', 'Uncontested Possessions', 'Frees Agains', 'Inside 50s', 'Frees For', 'Metres Gained', 'Score Involvements', 'Behind Assists', 'Tackles Outside 50', 'Tackles', 'Clangers']",0.9750128387391142,0.495062,0.522581,0.522581,0.552907,0.537434,0.537434,332915651830891.2,335950338638381.1,335950338638381.1,36.39,19260817.0,-1.0,True,0.519274,0.568134,0.568134
50.0,12.0,0.7,0.7,0.01,"['AFLCA_votes', 'Disposals', 'Contested Possessions', 'Goals', 'Centre Clearances', 'Intercepts', 'Clearances', 'Marks Inside 50', 'Hitouts', 'Handballs', 'Behinds', 'Contested Marks', 'Bounces', 'Ineffective Disposals', 'Stoppage Clearances', 'Tackles Inside 50', 'Rebound 50s', 'One Percenters', 'Goal Assists', 'Uncontested Possessions', 'Frees Agains', 'Inside 50s', 'Frees For', 'Metres Gained', 'Score Involvements', 'Behind Assists', 'Tackles Outside 50', 'Tackles', 'Clangers', 'Uncontested Marks']",0.9786082458844693,0.494974,0.519928,0.519928,0.552955,0.538925,0.538925,349887434111063.5,357285763341537.94,357285763341537.94,36.57,19260817.0,-1.0,True,0.517687,0.571279,0.571279
50.0,12.0,0.7,0.7,0.01,"['AFLCA_votes', 'Disposals', 'Contested Possessions', 'Goals', 'Centre Clearances', 'Intercepts', 'Clearances', 'Marks Inside 50', 'Hitouts', 'Handballs', 'Behinds', 'Contested Marks', 'Bounces', 'Ineffective Disposals', 'Stoppage Clearances', 'Tackles Inside 50', 'Rebound 50s', 'One Percenters', 'Goal Assists', 'Uncontested Possessions', 'Frees Agains', 'Inside 50s', 'Frees For', 'Metres Gained', 'Score Involvements', 'Behind Assists', 'Tackles Outside 50', 'Tackles', 'Clangers', 'Uncontested Marks', 'Marks Outside 50']",0.9821571136477905,0.4914,0.515286,0.515286,0.554909,0.541525,0.541525,378527984820063.44,385280212710439.25,385280212710439.25,38.01,19260817.0,-1.0,True,0.5161,0.575472,0.575472
50.0,12.0,0.7,0.7,0.01,"['AFLCA_votes', 'Disposals', 'Contested Possessions', 'Goals', 'Centre Clearances', 'Intercepts', 'Clearances', 'Marks Inside 50', 'Hitouts', 'Handballs', 'Behinds', 'Contested Marks', 'Bounces', 'Ineffective Disposals', 'Stoppage Clearances', 'Tackles Inside 50', 'Rebound 50s', 'One Percenters', 'Goal Assists', 'Uncontested Possessions', 'Frees Agains', 'Inside 50s', 'Frees For', 'Metres Gained', 'Score Involvements', 'Behind Assists', 'Tackles Outside 50', 'Tackles', 'Clangers', 'Uncontested Marks', 'Marks Outside 50', 'Kicks']",0.9855366104335249,0.493935,0.518336,0.518336,0.553524,0.539818,0.539818,367282799833486.6,373024298954305.0,373024298954305.0,39.09,19260817.0,-1.0,True,0.52585,0.579665,0.579665
50.0,12.0,0.7,0.7,0.01,"['AFLCA_votes', 'Disposals', 'Contested Possessions', 'Goals', 'Centre Clearances', 'Intercepts', 'Clearances', 'Marks Inside 50', 'Hitouts', 'Handballs', 'Behinds', 'Contested Marks', 'Bounces', 'Ineffective Disposals', 'Stoppage Clearances', 'Tackles Inside 50', 'Rebound 50s', 'One Percenters', 'Goal Assists', 'Uncontested Possessions', 'Frees Agains', 'Inside 50s', 'Frees For', 'Metres Gained', 'Score Involvements', 'Behind Assists', 'Tackles Outside 50', 'Tackles', 'Clangers', 'Uncontested Marks', 'Marks Outside 50', 'Kicks', 'Turnovers']",0.9888737229850916,0.498759,0.523009,0.523009,0.550879,0.537193,0.537193,361107250066981.8,364450265669561.1,364450265669561.1,40.25,19260817.0,-1.0,True,0.509751,0.579665,0.579665
50.0,12.0,0.7,0.7,0.01,"['AFLCA_votes', 'Disposals', 'Contested Possessions', 'Goals', 'Centre Clearances', 'Intercepts', 'Clearances', 'Marks Inside 50', 'Hitouts', 'Handballs', 'Behinds', 'Contested Marks', 'Bounces', 'Ineffective Disposals', 'Stoppage Clearances', 'Tackles Inside 50', 'Rebound 50s', 'One Percenters', 'Goal Assists', 'Uncontested Possessions', 'Frees Agains', 'Inside 50s', 'Frees For', 'Metres Gained', 'Score Involvements', 'Behind Assists', 'Tackles Outside 50', 'Tackles', 'Clangers', 'Uncontested Marks', 'Marks Outside 50', 'Kicks', 'Turnovers', 'Marks']",0.9918657644199986,0.491273,0.516507,0.516507,0.554978,0.540842,0.540842,349525156604760.25,354624795478186.8,354624795478186.8,36.81,19260817.0,-1.0,True,0.520181,0.57652,0.57652
50.0,12.0,0.7,0.7,0.01,"['AFLCA_votes', 'Disposals', 'Contested Possessions', 'Goals', 'Centre Clearances', 'Intercepts', 'Clearances', 'Marks Inside 50', 'Hitouts', 'Handballs', 'Behinds', 'Contested Marks', 'Bounces', 'Ineffective Disposals', 'Stoppage Clearances', 'Tackles Inside 50', 'Rebound 50s', 'One Percenters', 'Goal Assists', 'Uncontested Possessions', 'Frees Agains', 'Inside 50s', 'Frees For', 'Metres Gained', 'Score Involvements', 'Behind Assists', 'Tackles Outside 50', 'Tackles', 'Clangers', 'Uncontested Marks', 'Marks Outside 50', 'Kicks', 'Turnovers', 'Marks', 'Time On Ground %']",0.9946253824061244,0.490683,0.513403,0.513403,0.555299,0.542575,0.542575,340281468538964.5,347951489701009.56,347951489701009.56,41.17,19260817.0,-1.0,True,0.517687,0.580713,0.580713
50.0,12.0,0.7,0.7,0.01,"['AFLCA_votes', 'Disposals', 'Contested Possessions', 'Goals', 'Centre Clearances', 'Intercepts', 'Clearances', 'Marks Inside 50', 'Hitouts', 'Handballs', 'Behinds', 'Contested Marks', 'Bounces', 'Ineffective Disposals', 'Stoppage Clearances', 'Tackles Inside 50', 'Rebound 50s', 'One Percenters', 'Goal Assists', 'Uncontested Possessions', 'Frees Agains', 'Inside 50s', 'Frees For', 'Metres Gained', 'Score Involvements', 'Behind Assists', 'Tackles Outside 50', 'Tackles', 'Clangers', 'Uncontested Marks', 'Marks Outside 50', 'Kicks', 'Turnovers', 'Marks', 'Time On Ground %', 'Effective Disposals']",0.9966894167418735,0.495824,0.521163,0.521163,0.55249,0.538232,0.538232,355704632326606.9,360455632698128.56,360455632698128.56,44.83,19260817.0,-1.0,True,0.510658,0.57652,0.57652
50.0,12.0,0.7,0.7,0.01,"['AFLCA_votes', 'Disposals', 'Contested Possessions', 'Goals', 'Centre Clearances', 'Intercepts', 'Clearances', 'Marks Inside 50', 'Hitouts', 'Handballs', 'Behinds', 'Contested Marks', 'Bounces', 'Ineffective Disposals', 'Stoppage Clearances', 'Tackles Inside 50', 'Rebound 50s', 'One Percenters', 'Goal Assists', 'Uncontested Possessions', 'Frees Agains', 'Inside 50s', 'Frees For', 'Metres Gained', 'Score Involvements', 'Behind Assists', 'Tackles Outside 50', 'Tackles', 'Clangers', 'Uncontested Marks', 'Marks Outside 50', 'Kicks', 'Turnovers', 'Marks', 'Time On Ground %', 'Effective Disposals', 'HomeAway']",0.9984280188842564,0.493343,0.520005,0.520005,0.553847,0.538882,0.538882,348320706507606.25,353095437319806.44,353095437319806.4,43.9,19260817.0,-1.0,True,0.524036,0.572327,0.572327
50.0,12.0,0.7,0.7,0.01,"['AFLCA_votes', 'Disposals', 'Contested Possessions', 'Goals', 'Centre Clearances', 'Intercepts', 'Clearances', 'Marks Inside 50', 'Hitouts', 'Handballs', 'Behinds', 'Contested Marks', 'Bounces', 'Ineffective Disposals', 'Stoppage Clearances', 'Tackles Inside 50', 'Rebound 50s', 'One Percenters', 'Goal Assists', 'Uncontested Possessions', 'Frees Agains', 'Inside 50s', 'Frees For', 'Metres Gained', 'Score Involvements', 'Behind Assists', 'Tackles Outside 50', 'Tackles', 'Clangers', 'Uncontested Marks', 'Marks Outside 50', 'Kicks', 'Turnovers', 'Marks', 'Time On Ground %', 'Effective Disposals', 'HomeAway', 'Winloss']",0.9999999999999998,0.494071,0.519149,0.519149,0.55345,0.539362,0.539362,346039896491438.06,349601524093963.9,349601524093963.9,44.38,19260817.0,-1.0,True,0.525397,0.562893,0.562893
50.0,3.0,0.7,0.7,0.01,"['AFLCA_votes', 'Disposals', 'Contested Possessions']",0.7562403677250018,0.46382,0.48924,0.48924,0.569755,0.555883,0.555883,322725745985383.44,328808604249714.56,328808604249714.56,2.36,19260817.0,-1.0,True,0.528798,0.574423,0.574423
50.0,6.0,0.7,0.7,0.01,"['AFLCA_votes', 'Disposals', 'Contested Possessions']",0.7562403677250018,0.496432,0.525315,0.525315,0.552157,0.535893,0.535893,353422256193601.4,356567793718676.2,356567793718676.2,2.48,19260817.0,-1.0,True,0.510431,0.57652,0.57652
50.0,24.0,0.7,0.7,0.01,"['AFLCA_votes', 'Disposals', 'Contested Possessions']",0.7562403677250018,0.496591,0.525718,0.525718,0.55207,0.535666,0.535666,371189034216326.4,375407652892727.75,375407652892727.75,46.08,19260817.0,-1.0,True,0.511565,0.579665,0.579665
50.0,48.0,0.7,0.7,0.01,"['AFLCA_votes', 'Disposals', 'Contested Possessions']",0.7562403677250018,0.496673,0.524316,0.524316,0.552025,0.536457,0.536457,382555218542118.1,387670435175143.2,387670435175143.2,48.62,19260817.0,-1.0,True,0.513379,0.579665,0.579665
50.0,96.0,0.7,0.7,0.01,"['AFLCA_votes', 'Disposals', 'Contested Possessions']",0.7562403677250018,0.496673,0.524316,0.524316,0.552025,0.536457,0.536457,382555218542118.1,387670435175143.2,387670435175143.2,46.2,19260817.0,-1.0,True,0.513379,0.579665,0.579665
50.0,192.0,0.7,0.7,0.01,"['AFLCA_votes', 'Disposals', 'Contested Possessions']",0.7562403677250018,0.496673,0.524316,0.524316,0.552025,0.536457,0.536457,382555218542118.1,387670435175143.2,387670435175143.2,46.43,19260817.0,-1.0,True,0.513379,0.579665,0.579665
50.0,12.0,0.7,0.4,0.01,"['AFLCA_votes', 'Disposals', 'Contested Possessions']",0.7562403677250018,0.450232,0.474925,0.474925,0.57693,0.563619,0.563619,377886960586895.9,385014440752313.7,385014440752313.6,3.95,19260817.0,-1.0,True,0.5322,0.583857,0.583857
50.0,12.0,0.7,0.55,0.01,"['AFLCA_votes', 'Disposals', 'Contested Possessions']",0.7562403677250018,0.450232,0.474925,0.474925,0.57693,0.563619,0.563619,377886960586895.94,385014440752313.6,385014440752313.6,3.06,19260817.0,-1.0,True,0.5322,0.583857,0.583857
50.0,12.0,0.7,0.85,0.01,"['AFLCA_votes', 'Disposals', 'Contested Possessions']",0.7562403677250018,0.494053,0.522871,0.522871,0.55346,0.537271,0.537271,364434490355722.6,368277873065667.75,368277873065667.75,7.24,19260817.0,-1.0,True,0.514059,0.582809,0.582809
50.0,12.0,0.4,0.4,0.01,"['AFLCA_votes', 'Disposals', 'Contested Possessions']",0.7562403677250018,0.444822,0.469411,0.469411,0.579762,0.566571,0.566571,388699112776364.75,396872121094568.0,396872121094568.0,2.39,19260817.0,-1.0,True,0.536281,0.571279,0.571279
50.0,12.0,0.55,0.4,0.01,"['AFLCA_votes', 'Disposals', 'Contested Possessions']",0.7562403677250018,0.451621,0.477606,0.477606,0.5762,0.562178,0.562178,400004147233298.75,408729545582865.7,408729545582865.7,2.89,19260817.0,-1.0,True,0.540363,0.579665,0.579665
50.0,12.0,0.85,0.4,0.01,"['AFLCA_votes', 'Disposals', 'Contested Possessions']",0.7562403677250018,0.452828,0.479845,0.479845,0.575566,0.560972,0.560972,374103051614541.2,384349014338793.44,384349014338793.5,4.86,19260817.0,-1.0,True,0.538095,0.581761,0.581761
25.0,12.0,0.7,0.4,0.01,"['AFLCA_votes', 'Disposals', 'Contested Possessions']",0.7562403677250018,0.436319,0.459219,0.459219,0.584184,0.571987,0.571987,403440413516403.1,411767056602703.2,411767056602703.2,3.25,19260817.0,-1.0,True,0.534694,0.567086,0.567086
100.0,12.0,0.7,0.4,0.01,"['AFLCA_votes', 'Disposals', 'Contested Possessions']",0.7562403677250018,0.455334,0.479946,0.479946,0.574246,0.560918,0.560918,381101274412634.0,389783118104235.25,389783118104235.25,8.44,19260817.0,-1.0,True,0.526304,0.587002,0.587002
200.0,12.0,0.7,0.4,0.01,"['AFLCA_votes', 'Disposals', 'Contested Possessions']",0.7562403677250018,0.45415,0.478577,0.478577,0.57487,0.561656,0.561656,383023557436871.44,393215950186774.2,393215950186774.2,14.86,19260817.0,-1.0,True,0.528571,0.577568,0.577568
400.0,12.0,0.7,0.4,0.01,"['AFLCA_votes', 'Disposals', 'Contested Possessions']",0.7562403677250018,0.457094,0.482224,0.482224,0.573318,0.559688,0.559688,376914381192333.8,386326987826479.9,386326987826479.94,28.4,19260817.0,-1.0,True,0.529932,0.571279,0.571279
100.0,12.0,0.7,0.4,1e-08,"['AFLCA_votes', 'Disposals', 'Contested Possessions']",0.7562403677250018,0.536258,0.559128,0.559128,0.529873,0.516454,0.516454,436698357303156.0,451961827879227.06,451961827879227.06,5.99,19260817.0,-1.0,True,0.54195,0.573375,0.573375
100.0,12.0,0.7,0.4,1e-06,"['AFLCA_votes', 'Disposals', 'Contested Possessions']",0.7562403677250018,0.53617,0.559164,0.559164,0.529923,0.516433,0.516433,436604259221143.25,451837954786077.44,451837954786077.44,6.17,19260817.0,-1.0,True,0.539909,0.573375,0.573375
100.0,12.0,0.7,0.4,0.0001,"['AFLCA_votes', 'Disposals', 'Contested Possessions']",0.7562403677250018,0.524186,0.55754,0.55754,0.536725,0.517383,0.517383,436106267055416.5,447329459038652.5,447329459038652.5,6.42,19260817.0,-1.0,True,0.520862,0.579665,0.579665
100.0,12.0,0.7,0.4,0.1,"['AFLCA_votes', 'Disposals', 'Contested Possessions']",0.7562403677250018,0.133927,0.137856,0.137856,0.72412,0.722213,0.722213,60726119938494.89,59915833790069.766,59915833790069.766,6.45,19260817.0,-1.0,True,0.505215,0.557652,0.557652
100.0,12.0,0.7,0.4,0.01,"['AFLCA_votes', 'Disposals', 'Contested Possessions', 'Goals']",0.7765535537689908,0.416701,0.438543,0.438543,0.594263,0.582819,0.582819,372228641785566.44,384570240109030.3,384570240109030.3,8.13,19260817.0,-1.0,True,0.546032,0.596436,0.596436
100.0,12.0,0.7,0.4,0.01,"['AFLCA_votes', 'Disposals', 'Contested Possessions', 'Goals', 'Centre Clearances']",0.7919471007529546,0.468429,0.4943,0.4943,0.567302,0.553123,0.553123,361130092853310.56,370464686105089.25,370464686105089.25,12.73,19260817.0,-1.0,True,0.526984,0.570231,0.570231
100.0,12.0,0.7,0.4,0.01,"['AFLCA_votes', 'Disposals', 'Contested Possessions', 'Goals', 'Centre Clearances', 'Intercepts']",0.8049857274440886,0.456698,0.481298,0.481298,0.573527,0.560189,0.560189,360103086751489.6,369063725144671.5,369063725144671.5,11.15,19260817.0,-1.0,True,0.529478,0.578616,0.578616
100.0,12.0,0.7,0.4,0.01,"['AFLCA_votes', 'Disposals', 'Contested Possessions', 'Goals', 'Centre Clearances', 'Intercepts', 'Clearances']",0.8175406880045384,0.419603,0.442187,0.442187,0.592783,0.580924,0.580924,349229800534570.75,362757266120358.9,362757266120358.94,9.78,19260817.0,-1.0,True,0.535147,0.579665,0.579665
100.0,12.0,0.7,0.4,0.01,"['AFLCA_votes', 'Disposals', 'Contested Possessions', 'Goals', 'Centre Clearances', 'Intercepts', 'Clearances', 'Marks Inside 50']",0.8299825644950556,0.456808,0.480739,0.480739,0.573469,0.56049,0.56049,355392490488684.9,364680280668067.94,364680280668067.94,17.43,19260817.0,-1.0,True,0.529025,0.581761,0.581761
100.0,12.0,0.7,0.4,0.01,"['AFLCA_votes', 'Disposals', 'Contested Possessions', 'Goals', 'Centre Clearances', 'Intercepts', 'Clearances', 'Marks Inside 50', 'Hitouts']",0.8421594803742163,0.434553,0.456244,0.456244,0.585099,0.573558,0.573558,348434265917753.1,359642102949935.4,359642102949935.4,17.08,19260817.0,-1.0,True,0.537642,0.582809,0.582809
100.0,12.0,0.7,0.4,0.01,"['AFLCA_votes', 'Disposals', 'Contested Possessions', 'Goals', 'Centre Clearances', 'Intercepts', 'Clearances', 'Marks Inside 50', 'Hitouts', 'Handballs']",0.8541358029977908,0.448175,0.470793,0.470793,0.578008,0.565832,0.565832,371590293074173.7,381283534817483.7,381283534817483.7,18.7,19260817.0,-1.0,True,0.529478,0.587002,0.587002
100.0,12.0,0.7,0.4,0.01,"['AFLCA_votes', 'Disposals', 'Contested Possessions', 'Goals', 'Centre Clearances', 'Intercepts', 'Clearances', 'Marks Inside 50', 'Hitouts', 'Handballs', 'Behinds']",0.8659768297633487,0.441779,0.466631,0.466631,0.581348,0.568054,0.568054,362165525311459.8,373573461791870.06,373573461791870.06,18.23,19260817.0,-1.0,True,0.533107,0.592243,0.592243
100.0,12.0,0.7,0.4,0.01,"['AFLCA_votes', 'Disposals', 'Contested Possessions', 'Goals', 'Centre Clearances', 'Intercepts', 'Clearances', 'Marks Inside 50', 'Hitouts', 'Handballs', 'Behinds', 'Contested Marks']",0.8764627957636986,0.434993,0.459425,0.459425,0.584871,0.571878,0.571878,356583680669934.9,368355831263214.94,368355831263214.94,21.7,19260817.0,-1.0,True,0.535147,0.589099,0.589099
100.0,12.0,0.7,0.4,0.01,"['AFLCA_votes', 'Disposals', 'Contested Possessions', 'Goals', 'Centre Clearances', 'Intercepts', 'Clearances', 'Marks Inside 50', 'Hitouts', 'Handballs', 'Behinds', 'Contested Marks', 'Bounces']",0.8858545003433346,0.449517,0.474481,0.474481,0.577305,0.563857,0.563857,362373184886548.9,372325374926415.75,372325374926415.75,23.43,19260817.0,-1.0,True,0.526531,0.578616,0.578616
100.0,12.0,0.7,0.4,0.01,"['AFLCA_votes', 'Disposals', 'Contested Possessions', 'Goals', 'Centre Clearances', 'Intercepts', 'Clearances', 'Marks Inside 50', 'Hitouts', 'Handballs', 'Behinds', 'Contested Marks', 'Bounces', 'Ineffective Disposals']",0.8934391461254398,0.441979,0.464474,0.464474,0.581244,0.569201,0.569201,352702422518374.06,361834148397505.4,361834148397505.4,23.44,19260817.0,-1.0,True,0.538776,0.58805,0.58805
100.0,12.0,0.7,0.4,0.01,"['AFLCA_votes', 'Disposals', 'Contested Possessions', 'Goals', 'Centre Clearances', 'Intercepts', 'Clearances', 'Marks Inside 50', 'Hitouts', 'Handballs', 'Behinds', 'Contested Marks', 'Bounces', 'Ineffective Disposals', 'Stoppage Clearances']",0.9003977265227703,0.461379,0.486031,0.486031,0.571051,0.557627,0.557627,362472118056561.0,369709706187382.94,369709706187383.06,25.86,19260817.0,-1.0,True,0.53288,0.578616,0.578616
100.0,12.0,0.7,0.4,0.01,"['AFLCA_votes', 'Disposals', 'Contested Possessions', 'Goals', 'Centre Clearances', 'Intercepts', 'Clearances', 'Marks Inside 50', 'Hitouts', 'Handballs', 'Behinds', 'Contested Marks', 'Bounces', 'Ineffective Disposals', 'Stoppage Clearances', 'Tackles Inside 50']",0.906940299335011,0.446344,0.472194,0.472194,0.578966,0.565083,0.565083,355907245268920.2,365104307651745.2,365104307651745.2,26.78,19260817.0,-1.0,True,0.540816,0.587002,0.587002
100.0,12.0,0.7,0.4,0.01,"['AFLCA_votes', 'Disposals', 'Contested Possessions', 'Goals', 'Centre Clearances', 'Intercepts', 'Clearances', 'Marks Inside 50', 'Hitouts', 'Handballs', 'Behinds', 'Contested Marks', 'Bounces', 'Ineffective Disposals', 'Stoppage Clearances', 'Tackles Inside 50', 'Rebound 50s']",0.9130469708326392,0.420187,0.444685,0.444685,0.592485,0.579622,0.579622,360584770649093.8,371024681255780.6,371024681255780.6,27.47,19260817.0,-1.0,True,0.537868,0.580713,0.580713
100.0,12.0,0.7,0.4,0.01,"['AFLCA_votes', 'Disposals', 'Contested Possessions', 'Goals', 'Centre Clearances', 'Intercepts', 'Clearances', 'Marks Inside 50', 'Hitouts', 'Handballs', 'Behinds', 'Contested Marks', 'Bounces', 'Ineffective Disposals', 'Stoppage Clearances', 'Tackles Inside 50', 'Rebound 50s', 'One Percenters']",0.919120335160259,0.450204,0.472717,0.472717,0.576945,0.564803,0.564803,362706099551479.4,372137767675956.4,372137767675956.4,30.67,19260817.0,-1.0,True,0.535374,0.57652,0.57652
100.0,12.0,0.7,0.4,0.01,"['AFLCA_votes', 'Disposals', 'Contested Possessions', 'Goals', 'Centre Clearances', 'Intercepts', 'Clearances', 'Marks Inside 50', 'Hitouts', 'Handballs', 'Behinds', 'Contested Marks', 'Bounces', 'Ineffective Disposals', 'Stoppage Clearances', 'Tackles Inside 50', 'Rebound 50s', 'One Percenters', 'Goal Assists']",0.9248985490429719,0.428751,0.451453,0.451453,0.588093,0.576079,0.576079,364848210110163.25,374210443296621.94,374210443296621.94,29.07,19260817.0,-1.0,True,0.537188,0.580713,0.580713
100.0,12.0,0.7,0.4,0.01,"['AFLCA_votes', 'Disposals', 'Contested Possessions', 'Goals', 'Centre Clearances', 'Intercepts', 'Clearances', 'Marks Inside 50', 'Hitouts', 'Handballs', 'Behinds', 'Contested Marks', 'Bounces', 'Ineffective Disposals', 'Stoppage Clearances', 'Tackles Inside 50', 'Rebound 50s', 'One Percenters', 'Goal Assists', 'Uncontested Possessions']",0.9306217431588558,0.453263,0.477134,0.477134,0.575337,0.562433,0.562433,369948152974739.3,379357766462912.1,379357766462912.1,32.51,19260817.0,-1.0,True,0.535828,0.584906,0.584906
100.0,12.0,0.7,0.4,0.01,"['AFLCA_votes', 'Disposals', 'Contested Possessions', 'Goals', 'Centre Clearances', 'Intercepts', 'Clearances', 'Marks Inside 50', 'Hitouts', 'Handballs', 'Behinds', 'Contested Marks', 'Bounces', 'Ineffective Disposals', 'Stoppage Clearances', 'Tackles Inside 50', 'Rebound 50s', 'One Percenters', 'Goal Assists', 'Uncontested Possessions', 'Frees Agains']",0.9362167668092989,0.451288,0.474389,0.474389,0.576375,0.563907,0.563907,354917742824320.9,362655942761364.25,362655942761364.25,34.32,19260817.0,-1.0,True,0.525624,0.579665,0.579665
100.0,12.0,0.7,0.4,0.01,"['AFLCA_votes', 'Disposals', 'Contested Possessions', 'Goals', 'Centre Clearances', 'Intercepts', 'Clearances', 'Marks Inside 50', 'Hitouts', 'Handballs', 'Behinds', 'Contested Marks', 'Bounces', 'Ineffective Disposals', 'Stoppage Clearances', 'Tackles Inside 50', 'Rebound 50s', 'One Percenters', 'Goal Assists', 'Uncontested Possessions', 'Frees Agains', 'Inside 50s']",0.9417404842109905,0.420897,0.443461,0.443461,0.592122,0.58026,0.58026,379000927042386.2,388164515604602.8,388164515604602.8,35.26,19260817.0,-1.0,True,0.537415,0.573375,0.573375
100.0,12.0,0.7,0.4,0.01,"['AFLCA_votes', 'Disposals', 'Contested Possessions', 'Goals', 'Centre Clearances', 'Intercepts', 'Clearances', 'Marks Inside 50', 'Hitouts', 'Handballs', 'Behinds', 'Contested Marks', 'Bounces', 'Ineffective Disposals', 'Stoppage Clearances', 'Tackles Inside 50', 'Rebound 50s', 'One Percenters', 'Goal Assists', 'Uncontested Possessions', 'Frees Agains', 'Inside 50s', 'Frees For']",0.9470934756360015,0.448789,0.470158,0.470158,0.577687,0.566172,0.566172,380832790770627.5,390342025861422.0,390342025861422.0,35.36,19260817.0,-1.0,True,0.521088,0.584906,0.584906
100.0,12.0,0.7,0.4,0.01,"['AFLCA_votes', 'Disposals', 'Contested Possessions', 'Goals', 'Centre Clearances', 'Intercepts', 'Clearances', 'Marks Inside 50', 'Hitouts', 'Handballs', 'Behinds', 'Contested Marks', 'Bounces', 'Ineffective Disposals', 'Stoppage Clearances', 'Tackles Inside 50', 'Rebound 50s', 'One Percenters', 'Goal Assists', 'Uncontested Possessions', 'Frees Agains', 'Inside 50s', 'Frees For', 'Metres Gained']",0.9523402288050722,0.445325,0.467373,0.467373,0.579499,0.567658,0.567658,361493554933334.75,371180804110678.1,371180804110678.1,36.16,19260817.0,-1.0,True,0.525397,0.575472,0.575472
100.0,12.0,0.7,0.4,0.01,"['AFLCA_votes', 'Disposals', 'Contested Possessions', 'Goals', 'Centre Clearances', 'Intercepts', 'Clearances', 'Marks Inside 50', 'Hitouts', 'Handballs', 'Behinds', 'Contested Marks', 'Bounces', 'Ineffective Disposals', 'Stoppage Clearances', 'Tackles Inside 50', 'Rebound 50s', 'One Percenters', 'Goal Assists', 'Uncontested Possessions', 'Frees Agains', 'Inside 50s', 'Frees For', 'Metres Gained', 'Score Involvements']",0.9575623339697504,0.438307,0.460113,0.460113,0.583154,0.571514,0.571514,366384364589056.2,375787836780036.5,375787836780036.5,40.66,19260817.0,-1.0,True,0.538776,0.578616,0.578616
100.0,12.0,0.7,0.4,0.01,"['AFLCA_votes', 'Disposals', 'Contested Possessions', 'Goals', 'Centre Clearances', 'Intercepts', 'Clearances', 'Marks Inside 50', 'Hitouts', 'Handballs', 'Behinds', 'Contested Marks', 'Bounces', 'Ineffective Disposals', 'Stoppage Clearances', 'Tackles Inside 50', 'Rebound 50s', 'One Percenters', 'Goal Assists', 'Uncontested Possessions', 'Frees Agains', 'Inside 50s', 'Frees For', 'Metres Gained', 'Score Involvements', 'Behind Assists']",0.9622116975748499,0.436163,0.456041,0.456041,0.584265,0.573665,0.573665,364349255142321.6,375634495462202.44,375634495462202.44,40.97,19260817.0,-1.0,True,0.534694,0.584906,0.584906
100.0,12.0,0.7,0.4,0.01,"['AFLCA_votes', 'Disposals', 'Contested Possessions', 'Goals', 'Centre Clearances', 'Intercepts', 'Clearances', 'Marks Inside 50', 'Hitouts', 'Handballs', 'Behinds', 'Contested Marks', 'Bounces', 'Ineffective Disposals', 'Stoppage Clearances', 'Tackles Inside 50', 'Rebound 50s', 'One Percenters', 'Goal Assists', 'Uncontested Possessions', 'Frees Agains', 'Inside 50s', 'Frees For', 'Metres Gained', 'Score Involvements', 'Behind Assists', 'Tackles Outside 50']",0.9668398251654758,0.443834,0.463596,0.463596,0.580277,0.569667,0.569667,369657337182380.25,380331621991650.3,380331621991650.3,39.52,19260817.0,-1.0,True,0.531746,0.583857,0.583857
100.0,12.0,0.7,0.4,0.01,"['AFLCA_votes', 'Disposals', 'Contested Possessions', 'Goals', 'Centre Clearances', 'Intercepts', 'Clearances', 'Marks Inside 50', 'Hitouts', 'Handballs', 'Behinds', 'Contested Marks', 'Bounces', 'Ineffective Disposals', 'Stoppage Clearances', 'Tackles Inside 50', 'Rebound 50s', 'One Percenters', 'Goal Assists', 'Uncontested Possessions', 'Frees Agains', 'Inside 50s', 'Frees For', 'Metres Gained', 'Score Involvements', 'Behind Assists', 'Tackles Outside 50', 'Tackles']",0.9712453380319709,0.438725,0.460351,0.460351,0.582937,0.571388,0.571388,372099317660088.7,383574449962649.9,383574449962649.9,46.15,19260817.0,-1.0,True,0.543764,0.583857,0.583857
100.0,12.0,0.7,0.4,0.01,"['AFLCA_votes', 'Disposals', 'Contested Possessions', 'Goals', 'Centre Clearances', 'Intercepts', 'Clearances', 'Marks Inside 50', 'Hitouts', 'Handballs', 'Behinds', 'Contested Marks', 'Bounces', 'Ineffective Disposals', 'Stoppage Clearances', 'Tackles Inside 50', 'Rebound 50s', 'One Percenters', 'Goal Assists', 'Uncontested Possessions', 'Frees Agains', 'Inside 50s', 'Frees For', 'Metres Gained', 'Score Involvements', 'Behind Assists', 'Tackles Outside 50', 'Tackles', 'Clangers']",0.9750128387391142,0.439343,0.459384,0.459384,0.582615,0.571899,0.571899,375214435818356.5,385677133208262.4,385677133208262.4,45.76,19260817.0,-1.0,True,0.539002,0.58805,0.58805
100.0,12.0,0.7,0.4,0.01,"['AFLCA_votes', 'Disposals', 'Contested Possessions', 'Goals', 'Centre Clearances', 'Intercepts', 'Clearances', 'Marks Inside 50', 'Hitouts', 'Handballs', 'Behinds', 'Contested Marks', 'Bounces', 'Ineffective Disposals', 'Stoppage Clearances', 'Tackles Inside 50', 'Rebound 50s', 'One Percenters', 'Goal Assists', 'Uncontested Possessions', 'Frees Agains', 'Inside 50s', 'Frees For', 'Metres Gained', 'Score Involvements', 'Behind Assists', 'Tackles Outside 50', 'Tackles', 'Clangers', 'Uncontested Marks']",0.9786082458844693,0.424453,0.444659,0.444659,0.590301,0.579636,0.579636,376356880577665.75,386813750934072.75,386813750934072.75,49.6,19260817.0,-1.0,True,0.538095,0.589099,0.589099
100.0,12.0,0.7,0.4,0.01,"['AFLCA_votes', 'Disposals', 'Contested Possessions', 'Goals', 'Centre Clearances', 'Intercepts', 'Clearances', 'Marks Inside 50', 'Hitouts', 'Handballs', 'Behinds', 'Contested Marks', 'Bounces', 'Ineffective Disposals', 'Stoppage Clearances', 'Tackles Inside 50', 'Rebound 50s', 'One Percenters', 'Goal Assists', 'Uncontested Possessions', 'Frees Agains', 'Inside 50s', 'Frees For', 'Metres Gained', 'Score Involvements', 'Behind Assists', 'Tackles Outside 50', 'Tackles', 'Clangers', 'Uncontested Marks', 'Marks Outside 50']",0.9821571136477905,0.440862,0.460853,0.460853,0.581825,0.571122,0.571122,372370366033733.5,383034922685074.3,383034922685074.3,45.36,19260817.0,-1.0,True,0.53356,0.577568,0.577568
100.0,12.0,0.7,0.4,0.01,"['AFLCA_votes', 'Disposals', 'Contested Possessions', 'Goals', 'Centre Clearances', 'Intercepts', 'Clearances', 'Marks Inside 50', 'Hitouts', 'Handballs', 'Behinds', 'Contested Marks', 'Bounces', 'Ineffective Disposals', 'Stoppage Clearances', 'Tackles Inside 50', 'Rebound 50s', 'One Percenters', 'Goal Assists', 'Uncontested Possessions', 'Frees Agains', 'Inside 50s', 'Frees For', 'Metres Gained', 'Score Involvements', 'Behind Assists', 'Tackles Outside 50', 'Tackles', 'Clangers', 'Uncontested Marks', 'Marks Outside 50', 'Kicks']",0.9855366104335249,0.441406,0.460824,0.460824,0.581542,0.571137,0.571137,370213068520272.25,380032904046667.44,380032904046667.44,48.84,19260817.0,-1.0,True,0.535601,0.57652,0.57652
100.0,12.0,0.7,0.4,0.01,"['AFLCA_votes', 'Disposals', 'Contested Possessions', 'Goals', 'Centre Clearances', 'Intercepts', 'Clearances', 'Marks Inside 50', 'Hitouts', 'Handballs', 'Behinds', 'Contested Marks', 'Bounces', 'Ineffective Disposals', 'Stoppage Clearances', 'Tackles Inside 50', 'Rebound 50s', 'One Percenters', 'Goal Assists', 'Uncontested Possessions', 'Frees Agains', 'Inside 50s', 'Frees For', 'Metres Gained', 'Score Involvements', 'Behind Assists', 'Tackles Outside 50', 'Tackles', 'Clangers', 'Uncontested Marks', 'Marks Outside 50', 'Kicks', 'Turnovers']",0.9888737229850916,0.45191,0.469608,0.469608,0.576049,0.566466,0.566466,385412292259957.3,394400016436332.56,394400016436332.56,51.71,19260817.0,-1.0,True,0.531293,0.577568,0.577568
100.0,12.0,0.7,0.4,0.01,"['AFLCA_votes', 'Disposals', 'Contested Possessions', 'Goals', 'Centre Clearances', 'Intercepts', 'Clearances', 'Marks Inside 50', 'Hitouts', 'Handballs', 'Behinds', 'Contested Marks', 'Bounces', 'Ineffective Disposals', 'Stoppage Clearances', 'Tackles Inside 50', 'Rebound 50s', 'One Percenters', 'Goal Assists', 'Uncontested Possessions', 'Frees Agains', 'Inside 50s', 'Frees For', 'Metres Gained', 'Score Involvements', 'Behind Assists', 'Tackles Outside 50', 'Tackles', 'Clangers', 'Uncontested Marks', 'Marks Outside 50', 'Kicks', 'Turnovers', 'Marks']",0.9918657644199986,0.43661,0.455429,0.455429,0.584034,0.573988,0.573988,378151097814579.44,387015561806012.56,387015561806012.56,51.17,19260817.0,-1.0,True,0.534467,0.566038,0.566038
100.0,12.0,0.7,0.4,0.01,"['AFLCA_votes', 'Disposals', 'Contested Possessions', 'Goals', 'Centre Clearances', 'Intercepts', 'Clearances', 'Marks Inside 50', 'Hitouts', 'Handballs', 'Behinds', 'Contested Marks', 'Bounces', 'Ineffective Disposals', 'Stoppage Clearances', 'Tackles Inside 50', 'Rebound 50s', 'One Percenters', 'Goal Assists', 'Uncontested Possessions', 'Frees Agains', 'Inside 50s', 'Frees For', 'Metres Gained', 'Score Involvements', 'Behind Assists', 'Tackles Outside 50', 'Tackles', 'Clangers', 'Uncontested Marks', 'Marks Outside 50', 'Kicks', 'Turnovers', 'Marks', 'Time On Ground %']",0.9946253824061244,0.444509,0.46407,0.46407,0.579925,0.569416,0.569416,376240633591743.8,385967402305325.75,385967402305325.75,53.95,19260817.0,-1.0,True,0.532653,0.584906,0.584906
100.0,12.0,0.7,0.4,0.01,"['AFLCA_votes', 'Disposals', 'Contested Possessions', 'Goals', 'Centre Clearances', 'Intercepts', 'Clearances', 'Marks Inside 50', 'Hitouts', 'Handballs', 'Behinds', 'Contested Marks', 'Bounces', 'Ineffective Disposals', 'Stoppage Clearances', 'Tackles Inside 50', 'Rebound 50s', 'One Percenters', 'Goal Assists', 'Uncontested Possessions', 'Frees Agains', 'Inside 50s', 'Frees For', 'Metres Gained', 'Score Involvements', 'Behind Assists', 'Tackles Outside 50', 'Tackles', 'Clangers', 'Uncontested Marks', 'Marks Outside 50', 'Kicks', 'Turnovers', 'Marks', 'Time On Ground %', 'Effective Disposals']",0.9966894167418735,0.43807,0.458453,0.458453,0.583277,0.572392,0.572392,376607846880697.2,387548645892288.94,387548645892288.94,52.98,19260817.0,-1.0,True,0.536735,0.578616,0.578616
100.0,12.0,0.7,0.4,0.01,"['AFLCA_votes', 'Disposals', 'Contested Possessions', 'Goals', 'Centre Clearances', 'Intercepts', 'Clearances', 'Marks Inside 50', 'Hitouts', 'Handballs', 'Behinds', 'Contested Marks', 'Bounces', 'Ineffective Disposals', 'Stoppage Clearances', 'Tackles Inside 50', 'Rebound 50s', 'One Percenters', 'Goal Assists', 'Uncontested Possessions', 'Frees Agains', 'Inside 50s', 'Frees For', 'Metres Gained', 'Score Involvements', 'Behind Assists', 'Tackles Outside 50', 'Tackles', 'Clangers', 'Uncontested Marks', 'Marks Outside 50', 'Kicks', 'Turnovers', 'Marks', 'Time On Ground %', 'Effective Disposals', 'HomeAway']",0.9984280188842564,0.441039,0.461902,0.461902,0.581733,0.570566,0.570566,377639806256504.8,388426641907162.75,388426641907162.75,56.37,19260817.0,-1.0,True,0.527211,0.585954,0.585954
100.0,12.0,0.7,0.4,0.01,"['AFLCA_votes', 'Disposals', 'Contested Possessions', 'Goals', 'Centre Clearances', 'Intercepts', 'Clearances', 'Marks Inside 50', 'Hitouts', 'Handballs', 'Behinds', 'Contested Marks', 'Bounces', 'Ineffective Disposals', 'Stoppage Clearances', 'Tackles Inside 50', 'Rebound 50s', 'One Percenters', 'Goal Assists', 'Uncontested Possessions', 'Frees Agains', 'Inside 50s', 'Frees For', 'Metres Gained', 'Score Involvements', 'Behind Assists', 'Tackles Outside 50', 'Tackles', 'Clangers', 'Uncontested Marks', 'Marks Outside 50', 'Kicks', 'Turnovers', 'Marks', 'Time On Ground %', 'Effective Disposals', 'HomeAway', 'Winloss']",0.9999999999999998,0.432157,0.450553,0.450553,0.586337,0.576552,0.576552,382517346619268.44,394487973476113.8,394487973476113.8,58.51,19260817.0,-1.0,True,0.531293,0.584906,0.584906
100.0,3.0,0.7,0.4,0.01,"['AFLCA_votes', 'Disposals', 'Contested Possessions', 'Goals']",0.7765535537689908,0.277511,0.293858,0.293858,0.661377,0.653614,0.653614,251574806181362.22,259703691878334.28,259703691878334.28,2.08,19260817.0,-1.0,True,0.552154,0.598532,0.598532
100.0,6.0,0.7,0.4,0.01,"['AFLCA_votes', 'Disposals', 'Contested Possessions', 'Goals']",0.7765535537689908,0.377318,0.398094,0.398094,0.613997,0.603447,0.603447,339910090062386.1,352629845667448.4,352629845667448.4,4.6,19260817.0,-1.0,True,0.555556,0.58805,0.58805
100.0,24.0,0.7,0.4,0.01,"['AFLCA_votes', 'Disposals', 'Contested Possessions', 'Goals']",0.7765535537689908,0.421686,0.445758,0.445758,0.591718,0.579062,0.579062,375983745618710.2,387781992904409.56,387781992904409.56,189.68,19260817.0,-1.0,True,0.551247,0.575472,0.575472
100.0,48.0,0.7,0.4,0.01,"['AFLCA_votes', 'Disposals', 'Contested Possessions', 'Goals']",0.7765535537689908,0.421118,0.443444,0.443444,0.592009,0.580269,0.580269,366378033470099.94,378510971087435.0,378510971087435.0,348.99,19260817.0,-1.0,True,0.543991,0.587002,0.587002
100.0,96.0,0.7,0.4,0.01,"['AFLCA_votes', 'Disposals', 'Contested Possessions', 'Goals']",0.7765535537689908,0.421118,0.443444,0.443444,0.592009,0.580269,0.580269,366378033470099.94,378510971087435.0,378510971087435.0,353.9,19260817.0,-1.0,True,0.543991,0.587002,0.587002
100.0,192.0,0.7,0.4,0.01,"['AFLCA_votes', 'Disposals', 'Contested Possessions', 'Goals']",0.7765535537689908,0.421118,0.443444,0.443444,0.592009,0.580269,0.580269,366378033470099.94,378510971087435.0,378510971087435.0,353.61,19260817.0,-1.0,True,0.543991,0.587002,0.587002
100.0,3.0,0.7,0.55,0.01,"['AFLCA_votes', 'Disposals', 'Contested Possessions', 'Goals']",0.7765535537689908,0.40347,0.427669,0.427669,0.600965,0.588436,0.588436,325684719916380.5,336618594856601.06,336618594856601.1,2.78,19260817.0,-1.0,True,0.533107,0.580713,0.580713
100.0,3.0,0.7,0.7,0.01,"['AFLCA_votes', 'Disposals', 'Contested Possessions', 'Goals']",0.7765535537689908,0.40347,0.427669,0.427669,0.600965,0.588436,0.588436,325684719916380.5,336618594856601.06,336618594856601.1,4.61,19260817.0,-1.0,True,0.533107,0.580713,0.580713
100.0,3.0,0.7,0.85,0.01,"['AFLCA_votes', 'Disposals', 'Contested Possessions', 'Goals']",0.7765535537689908,0.474954,0.501438,0.501438,0.563809,0.549205,0.549205,326583867181959.0,330799544370454.1,330799544370454.2,3.17,19260817.0,-1.0,True,0.509524,0.580713,0.580713
100.0,3.0,0.4,0.4,0.01,"['AFLCA_votes', 'Disposals', 'Contested Possessions', 'Goals']",0.7765535537689908,0.275652,0.292563,0.292563,0.662227,0.654213,0.654213,253618091750797.34,262046547413061.3,262046547413061.3,2.53,19260817.0,-1.0,True,0.549433,0.593291,0.593291
100.0,3.0,0.55,0.4,0.01,"['AFLCA_votes', 'Disposals', 'Contested Possessions', 'Goals']",0.7765535537689908,0.279339,0.296003,0.296003,0.660539,0.65262,0.65262,248981832023800.8,256998077076860.38,256998077076860.38,2.03,19260817.0,-1.0,True,0.553061,0.593291,0.593291
100.0,3.0,0.85,0.4,0.01,"['AFLCA_votes', 'Disposals', 'Contested Possessions', 'Goals']",0.7765535537689908,0.282121,0.298865,0.298865,0.659263,0.651293,0.651293,255212236392212.75,263609560045386.8,263609560045386.8,3.41,19260817.0,-1.0,True,0.552381,0.593291,0.593291
25.0,3.0,0.7,0.4,0.01,"['AFLCA_votes', 'Disposals', 'Contested Possessions', 'Goals']",0.7765535537689908,0.263152,0.277823,0.277823,0.667917,0.660993,0.660993,313887613681723.3,321640159648918.1,321640159648918.1,0.53,19260817.0,-1.0,True,0.541723,0.566038,0.566038
50.0,3.0,0.7,0.4,0.01,"['AFLCA_votes', 'Disposals', 'Contested Possessions', 'Goals']",0.7765535537689908,0.268116,0.284206,0.284206,0.665663,0.658066,0.658066,273120352321032.47,279696836809078.03,279696836809078.03,1.2,19260817.0,-1.0,True,0.551927,0.579665,0.579665
200.0,3.0,0.7,0.4,0.01,"['AFLCA_votes', 'Disposals', 'Contested Possessions', 'Goals']",0.7765535537689908,0.274549,0.291633,0.291633,0.662731,0.654643,0.654643,243040264119127.44,251130235401783.0,251130235401783.0,4.44,19260817.0,-1.0,True,0.55034,0.591195,0.591195
400.0,3.0,0.7,0.4,0.01,"['AFLCA_votes', 'Disposals', 'Contested Possessions', 'Goals']",0.7765535537689908,0.265963,0.282983,0.282983,0.666641,0.658628,0.658628,236812435067243.66,244449757544111.75,244449757544111.75,10.09,19260817.0,-1.0,True,0.544444,0.603774,0.603774
400.0,3.0,0.7,0.4,1e-08,"['AFLCA_votes', 'Disposals', 'Contested Possessions', 'Goals']",0.7765535537689908,0.282564,0.302217,0.302217,0.65906,0.649734,0.649734,253701139060909.97,263786133408252.25,263786133408252.16,9.63,19260817.0,-1.0,True,0.554195,0.591195,0.591195
400.0,3.0,0.7,0.4,1e-06,"['AFLCA_votes', 'Disposals', 'Contested Possessions', 'Goals']",0.7765535537689908,0.282564,0.302217,0.302217,0.65906,0.649734,0.649734,253700965916203.25,263786058225527.5,263786058225527.5,10.66,19260817.0,-1.0,True,0.554195,0.591195,0.591195
400.0,3.0,0.7,0.4,0.0001,"['AFLCA_votes', 'Disposals', 'Contested Possessions', 'Goals']",0.7765535537689908,0.282488,0.30219,0.30219,0.659095,0.649746,0.649746,253705461445236.75,263790335907090.75,263790335907090.75,9.9,19260817.0,-1.0,True,0.554195,0.591195,0.591195
400.0,3.0,0.7,0.4,0.1,"['AFLCA_votes', 'Disposals', 'Contested Possessions', 'Goals']",0.7765535537689908,0.057063,0.058693,0.058693,0.75557,0.754642,0.754642,26204367975663.035,25966908371973.223,25966908371973.223,10.9,19260817.0,-1.0,True,0.505215,0.557652,0.557652
400.0,3.0,0.7,0.4,0.01,"['AFLCA_votes', 'Disposals', 'Contested Possessions']",0.7562403677250018,0.328228,0.348856,0.348856,0.637741,0.627644,0.627644,286806403051596.06,295170726376093.25,295170726376093.25,9.96,19260817.0,-1.0,True,0.537188,0.583857,0.583857
400.0,3.0,0.7,0.4,0.01,"['AFLCA_votes', 'Disposals', 'Contested Possessions', 'Goals', 'Centre Clearances']",0.7919471007529546,0.373215,0.394032,0.394032,0.616017,0.60548,0.60548,291219818425348.9,298795399265088.4,298795399265088.4,11.73,19260817.0,-1.0,True,0.531519,0.585954,0.585954
400.0,3.0,0.7,0.4,0.01,"['AFLCA_votes', 'Disposals', 'Contested Possessions', 'Goals', 'Centre Clearances', 'Intercepts']",0.8049857274440886,0.333288,0.352671,0.352671,0.635335,0.625803,0.625803,267479806174173.9,275241728440248.44,275241728440248.44,12.62,19260817.0,-1.0,True,0.538095,0.598532,0.598532
400.0,3.0,0.7,0.4,0.01,"['AFLCA_votes', 'Disposals', 'Contested Possessions', 'Goals', 'Centre Clearances', 'Intercepts', 'Clearances']",0.8175406880045384,0.322381,0.341477,0.341477,0.64051,0.631191,0.631191,271074016845540.56,279313482192875.97,279313482192875.97,11.99,19260817.0,-1.0,True,0.525624,0.577568,0.577568
400.0,3.0,0.7,0.4,0.01,"['AFLCA_votes', 'Disposals', 'Contested Possessions', 'Goals', 'Centre Clearances', 'Intercepts', 'Clearances', 'Marks Inside 50']",0.8299825644950556,0.362542,0.384293,0.384293,0.62124,0.610327,0.610327,293795616337463.3,302511797598297.56,302511797598297.44,14.38,19260817.0,-1.0,True,0.53424,0.573375,0.573375
400.0,3.0,0.7,0.4,0.01,"['AFLCA_votes', 'Disposals', 'Contested Possessions', 'Goals', 'Centre Clearances', 'Intercepts', 'Clearances', 'Marks Inside 50', 'Hitouts']",0.8421594803742163,0.338712,0.358313,0.358313,0.632745,0.62307,0.62307,284985035911863.0,292655727242144.6,292655727242144.6,16.45,19260817.0,-1.0,True,0.541043,0.581761,0.581761
400.0,3.0,0.7,0.4,0.01,"['AFLCA_votes', 'Disposals', 'Contested Possessions', 'Goals', 'Centre Clearances', 'Intercepts', 'Clearances', 'Marks Inside 50', 'Hitouts', 'Handballs']",0.8541358029977908,0.364714,0.386266,0.386266,0.62018,0.609348,0.609348,307981742391371.9,316939162114768.1,316939162114768.1,20.23,19260817.0,-1.0,True,0.532653,0.581761,0.581761
400.0,3.0,0.7,0.4,0.01,"['AFLCA_votes', 'Disposals', 'Contested Possessions', 'Goals', 'Centre Clearances', 'Intercepts', 'Clearances', 'Marks Inside 50', 'Hitouts', 'Handballs', 'Behinds']",0.8659768297633487,0.352116,0.374469,0.374469,0.626299,0.615176,0.615176,301426597503897.75,311102681374631.1,311102681374631.1,19.57,19260817.0,-1.0,True,0.531519,0.582809,0.582809
400.0,3.0,0.7,0.4,0.01,"['AFLCA_votes', 'Disposals', 'Contested Possessions', 'Goals', 'Centre Clearances', 'Intercepts', 'Clearances', 'Marks Inside 50', 'Hitouts', 'Handballs', 'Behinds', 'Contested Marks']",0.8764627957636986,0.332696,0.354633,0.354633,0.635616,0.624854,0.624854,290426806491152.6,299737401640223.0,299737401640223.0,16.61,19260817.0,-1.0,True,0.537188,0.584906,0.584906
400.0,3.0,0.7,0.4,0.01,"['AFLCA_votes', 'Disposals', 'Contested Possessions', 'Goals', 'Centre Clearances', 'Intercepts', 'Clearances', 'Marks Inside 50', 'Hitouts', 'Handballs', 'Behinds', 'Contested Marks', 'Bounces']",0.8858545003433346,0.356532,0.378722,0.378722,0.624161,0.613082,0.613082,298609616174146.1,307577856319388.1,307577856319388.1,21.03,19260817.0,-1.0,True,0.534014,0.58805,0.58805
400.0,3.0,0.7,0.4,0.01,"['AFLCA_votes', 'Disposals', 'Contested Possessions', 'Goals', 'Centre Clearances', 'Intercepts', 'Clearances', 'Marks Inside 50', 'Hitouts', 'Handballs', 'Behinds', 'Contested Marks', 'Bounces', 'Ineffective Disposals']",0.8934391461254398,0.347017,0.367568,0.367568,0.628759,0.61856,0.61856,301009505127482.5,309135074853608.25,309135074853608.3,20.57,19260817.0,-1.0,True,0.538549,0.584906,0.584906
400.0,3.0,0.7,0.4,0.01,"['AFLCA_votes', 'Disposals', 'Contested Possessions', 'Goals', 'Centre Clearances', 'Intercepts', 'Clearances', 'Marks Inside 50', 'Hitouts', 'Handballs', 'Behinds', 'Contested Marks', 'Bounces', 'Ineffective Disposals', 'Stoppage Clearances']",0.9003977265227703,0.364388,0.386753,0.386753,0.620339,0.609106,0.609106,296936260503327.7,304962267549016.1,304962267549016.1,24.53,19260817.0,-1.0,True,0.538095,0.584906,0.584906
400.0,3.0,0.7,0.4,0.01,"['AFLCA_votes', 'Disposals', 'Contested Possessions', 'Goals', 'Centre Clearances', 'Intercepts', 'Clearances', 'Marks Inside 50', 'Hitouts', 'Handballs', 'Behinds', 'Contested Marks', 'Bounces', 'Ineffective Disposals', 'Stoppage Clearances', 'Tackles Inside 50']",0.906940299335011,0.357472,0.378731,0.378731,0.623705,0.613077,0.613077,300304007891459.2,308299750391005.7,308299750391005.7,22.07,19260817.0,-1.0,True,0.539229,0.592243,0.592243
400.0,3.0,0.7,0.4,0.01,"['AFLCA_votes', 'Disposals', 'Contested Possessions', 'Goals', 'Centre Clearances', 'Intercepts', 'Clearances', 'Marks Inside 50', 'Hitouts', 'Handballs', 'Behinds', 'Contested Marks', 'Bounces', 'Ineffective Disposals', 'Stoppage Clearances', 'Tackles Inside 50', 'Rebound 50s']",0.9130469708326392,0.349498,0.370675,0.370675,0.627563,0.617039,0.617039,299498917008146.25,307501911814972.6,307501911814972.6,22.42,19260817.0,-1.0,True,0.537868,0.569182,0.569182
400.0,3.0,0.7,0.4,0.01,"['AFLCA_votes', 'Disposals', 'Contested Possessions', 'Goals', 'Centre Clearances', 'Intercepts', 'Clearances', 'Marks Inside 50', 'Hitouts', 'Handballs', 'Behinds', 'Contested Marks', 'Bounces', 'Ineffective Disposals', 'Stoppage Clearances', 'Tackles Inside 50', 'Rebound 50s', 'One Percenters']",0.919120335160259,0.365847,0.387041,0.387041,0.619627,0.608963,0.608963,300007624772058.5,307202050994415.9,307202050994415.9,26.98,19260817.0,-1.0,True,0.537188,0.579665,0.579665
400.0,3.0,0.7,0.4,0.01,"['AFLCA_votes', 'Disposals', 'Contested Possessions', 'Goals', 'Centre Clearances', 'Intercepts', 'Clearances', 'Marks Inside 50', 'Hitouts', 'Handballs', 'Behinds', 'Contested Marks', 'Bounces', 'Ineffective Disposals', 'Stoppage Clearances', 'Tackles Inside 50', 'Rebound 50s', 'One Percenters', 'Goal Assists']",0.9248985490429719,0.335371,0.35603,0.35603,0.634341,0.624177,0.624177,311086582325507.5,319031154252211.2,319031154252211.2,26.75,19260817.0,-1.0,True,0.54059,0.580713,0.580713
400.0,3.0,0.7,0.4,0.01,"['AFLCA_votes', 'Disposals', 'Contested Possessions', 'Goals', 'Centre Clearances', 'Intercepts', 'Clearances', 'Marks Inside 50', 'Hitouts', 'Handballs', 'Behinds', 'Contested Marks', 'Bounces', 'Ineffective Disposals', 'Stoppage Clearances', 'Tackles Inside 50', 'Rebound 50s', 'One Percenters', 'Goal Assists', 'Uncontested Possessions']",0.9306217431588558,0.363505,0.385364,0.385364,0.62077,0.609795,0.609795,308857404862523.5,318148464741280.8,318148464741280.8,29.03,19260817.0,-1.0,True,0.539683,0.577568,0.577568
400.0,3.0,0.7,0.4,0.01,"['AFLCA_votes', 'Disposals', 'Contested Possessions', 'Goals', 'Centre Clearances', 'Intercepts', 'Clearances', 'Marks Inside 50', 'Hitouts', 'Handballs', 'Behinds', 'Contested Marks', 'Bounces', 'Ineffective Disposals', 'Stoppage Clearances', 'Tackles Inside 50', 'Rebound 50s', 'One Percenters', 'Goal Assists', 'Uncontested Possessions', 'Frees Agains']",0.9362167668092989,0.364239,0.384533,0.384533,0.620412,0.610207,0.610207,311813957840418.94,320607553715139.4,320607553715139.4,30.73,19260817.0,-1.0,True,0.534467,0.597484,0.597484
400.0,3.0,0.7,0.4,0.01,"['AFLCA_votes', 'Disposals', 'Contested Possessions', 'Goals', 'Centre Clearances', 'Intercepts', 'Clearances', 'Marks Inside 50', 'Hitouts', 'Handballs', 'Behinds', 'Contested Marks', 'Bounces', 'Ineffective Disposals', 'Stoppage Clearances', 'Tackles Inside 50', 'Rebound 50s', 'One Percenters', 'Goal Assists', 'Uncontested Possessions', 'Frees Agains', 'Inside 50s']",0.9417404842109905,0.348386,0.368701,0.368701,0.6281,0.618006,0.618006,305388465257638.56,313932746072654.5,313932746072654.5,30.31,19260817.0,-1.0,True,0.536508,0.573375,0.573375
400.0,3.0,0.7,0.4,0.01,"['AFLCA_votes', 'Disposals', 'Contested Possessions', 'Goals', 'Centre Clearances', 'Intercepts', 'Clearances', 'Marks Inside 50', 'Hitouts', 'Handballs', 'Behinds', 'Contested Marks', 'Bounces', 'Ineffective Disposals', 'Stoppage Clearances', 'Tackles Inside 50', 'Rebound 50s', 'One Percenters', 'Goal Assists', 'Uncontested Possessions', 'Frees Agains', 'Inside 50s', 'Frees For']",0.9470934756360015,0.367094,0.387821,0.387821,0.619017,0.608575,0.608575,309742944540266.06,318357165028652.4,318357165028652.4,34.15,19260817.0,-1.0,True,0.53288,0.590147,0.590147
400.0,3.0,0.7,0.4,0.01,"['AFLCA_votes', 'Disposals', 'Contested Possessions', 'Goals', 'Centre Clearances', 'Intercepts', 'Clearances', 'Marks Inside 50', 'Hitouts', 'Handballs', 'Behinds', 'Contested Marks', 'Bounces', 'Ineffective Disposals', 'Stoppage Clearances', 'Tackles Inside 50', 'Rebound 50s', 'One Percenters', 'Goal Assists', 'Uncontested Possessions', 'Frees Agains', 'Inside 50s', 'Frees For', 'Metres Gained']",0.9523402288050722,0.364199,0.384607,0.384607,0.620432,0.610171,0.610171,317730364696046.7,326034617202330.2,326034617202330.2,32.03,19260817.0,-1.0,True,0.534921,0.574423,0.574423
400.0,3.0,0.7,0.4,0.01,"['AFLCA_votes', 'Disposals', 'Contested Possessions', 'Goals', 'Centre Clearances', 'Intercepts', 'Clearances', 'Marks Inside 50', 'Hitouts', 'Handballs', 'Behinds', 'Contested Marks', 'Bounces', 'Ineffective Disposals', 'Stoppage Clearances', 'Tackles Inside 50', 'Rebound 50s', 'One Percenters', 'Goal Assists', 'Uncontested Possessions', 'Frees Agains', 'Inside 50s', 'Frees For', 'Metres Gained', 'Score Involvements']",0.9575623339697504,0.368835,0.389378,0.389378,0.618165,0.607801,0.607801,322996498889588.5,332398620645095.0,332398620645094.94,37.1,19260817.0,-1.0,True,0.538322,0.563941,0.563941
400.0,3.0,0.7,0.4,0.01,"['AFLCA_votes', 'Disposals', 'Contested Possessions', 'Goals', 'Centre Clearances', 'Intercepts', 'Clearances', 'Marks Inside 50', 'Hitouts', 'Handballs', 'Behinds', 'Contested Marks', 'Bounces', 'Ineffective Disposals', 'Stoppage Clearances', 'Tackles Inside 50', 'Rebound 50s', 'One Percenters', 'Goal Assists', 'Uncontested Possessions', 'Frees Agains', 'Inside 50s', 'Frees For', 'Metres Gained', 'Score Involvements', 'Behind Assists']",0.9622116975748499,0.362172,0.380725,0.380725,0.62142,0.612092,0.612092,322898748241760.5,332182215613929.4,332182215613929.4,40.33,19260817.0,-1.0,True,0.542177,0.583857,0.583857
400.0,3.0,0.7,0.4,0.01,"['AFLCA_votes', 'Disposals', 'Contested Possessions', 'Goals', 'Centre Clearances', 'Intercepts', 'Clearances', 'Marks Inside 50', 'Hitouts', 'Handballs', 'Behinds', 'Contested Marks', 'Bounces', 'Ineffective Disposals', 'Stoppage Clearances', 'Tackles Inside 50', 'Rebound 50s', 'One Percenters', 'Goal Assists', 'Uncontested Possessions', 'Frees Agains', 'Inside 50s', 'Frees For', 'Metres Gained', 'Score Involvements', 'Behind Assists', 'Tackles Outside 50']",0.9668398251654758,0.366333,0.384413,0.384413,0.61939,0.610267,0.610267,329305982628874.3,339139816918127.56,339139816918127.56,38.7,19260817.0,-1.0,True,0.536961,0.578616,0.578616
400.0,3.0,0.7,0.4,0.01,"['AFLCA_votes', 'Disposals', 'Contested Possessions', 'Goals', 'Centre Clearances', 'Intercepts', 'Clearances', 'Marks Inside 50', 'Hitouts', 'Handballs', 'Behinds', 'Contested Marks', 'Bounces', 'Ineffective Disposals', 'Stoppage Clearances', 'Tackles Inside 50', 'Rebound 50s', 'One Percenters', 'Goal Assists', 'Uncontested Possessions', 'Frees Agains', 'Inside 50s', 'Frees For', 'Metres Gained', 'Score Involvements', 'Behind Assists', 'Tackles Outside 50', 'Tackles']",0.9712453380319709,0.376326,0.39487,0.39487,0.614486,0.605062,0.605062,331629423194054.6,340097251842272.9,340097251842272.9,40.68,19260817.0,-1.0,True,0.535828,0.590147,0.590147
400.0,3.0,0.7,0.4,0.01,"['AFLCA_votes', 'Disposals', 'Contested Possessions', 'Goals', 'Centre Clearances', 'Intercepts', 'Clearances', 'Marks Inside 50', 'Hitouts', 'Handballs', 'Behinds', 'Contested Marks', 'Bounces', 'Ineffective Disposals', 'Stoppage Clearances', 'Tackles Inside 50', 'Rebound 50s', 'One Percenters', 'Goal Assists', 'Uncontested Possessions', 'Frees Agains', 'Inside 50s', 'Frees For', 'Metres Gained', 'Score Involvements', 'Behind Assists', 'Tackles Outside 50', 'Tackles', 'Clangers']",0.9750128387391142,0.363288,0.380785,0.380785,0.620876,0.612063,0.612063,326010728476254.06,335768543711636.25,335768543711636.25,41.25,19260817.0,-1.0,True,0.535828,0.581761,0.581761
400.0,3.0,0.7,0.4,0.01,"['AFLCA_votes', 'Disposals', 'Contested Possessions', 'Goals', 'Centre Clearances', 'Intercepts', 'Clearances', 'Marks Inside 50', 'Hitouts', 'Handballs', 'Behinds', 'Contested Marks', 'Bounces', 'Ineffective Disposals', 'Stoppage Clearances', 'Tackles Inside 50', 'Rebound 50s', 'One Percenters', 'Goal Assists', 'Uncontested Possessions', 'Frees Agains', 'Inside 50s', 'Frees For', 'Metres Gained', 'Score Involvements', 'Behind Assists', 'Tackles Outside 50', 'Tackles', 'Clangers', 'Uncontested Marks']",0.9786082458844693,0.363927,0.382546,0.382546,0.620565,0.611192,0.611192,325972380678388.6,335669070434123.6,335669070434123.6,45.86,19260817.0,-1.0,True,0.539229,0.58805,0.58805
400.0,3.0,0.7,0.4,0.01,"['AFLCA_votes', 'Disposals', 'Contested Possessions', 'Goals', 'Centre Clearances', 'Intercepts', 'Clearances', 'Marks Inside 50', 'Hitouts', 'Handballs', 'Behinds', 'Contested Marks', 'Bounces', 'Ineffective Disposals', 'Stoppage Clearances', 'Tackles Inside 50', 'Rebound 50s', 'One Percenters', 'Goal Assists', 'Uncontested Possessions', 'Frees Agains', 'Inside 50s', 'Frees For', 'Metres Gained', 'Score Involvements', 'Behind Assists', 'Tackles Outside 50', 'Tackles', 'Clangers', 'Uncontested Marks', 'Marks Outside 50']",0.9821571136477905,0.365868,0.38388,0.38388,0.619617,0.610531,0.610531,329026346632905.06,338583633328183.2,338583633328183.2,44.7,19260817.0,-1.0,True,0.538776,0.589099,0.589099
400.0,3.0,0.7,0.4,0.01,"['AFLCA_votes', 'Disposals', 'Contested Possessions', 'Goals', 'Centre Clearances', 'Intercepts', 'Clearances', 'Marks Inside 50', 'Hitouts', 'Handballs', 'Behinds', 'Contested Marks', 'Bounces', 'Ineffective Disposals', 'Stoppage Clearances', 'Tackles Inside 50', 'Rebound 50s', 'One Percenters', 'Goal Assists', 'Uncontested Possessions', 'Frees Agains', 'Inside 50s', 'Frees For', 'Metres Gained', 'Score Involvements', 'Behind Assists', 'Tackles Outside 50', 'Tackles', 'Clangers', 'Uncontested Marks', 'Marks Outside 50', 'Kicks']",0.9855366104335249,0.361029,0.378091,0.378091,0.621976,0.613393,0.613393,334341959401632.3,344086166542684.0,344086166542684.0,42.15,19260817.0,-1.0,True,0.537868,0.580713,0.580713
400.0,3.0,0.7,0.4,0.01,"['AFLCA_votes', 'Disposals', 'Contested Possessions', 'Goals', 'Centre Clearances', 'Intercepts', 'Clearances', 'Marks Inside 50', 'Hitouts', 'Handballs', 'Behinds', 'Contested Marks', 'Bounces', 'Ineffective Disposals', 'Stoppage Clearances', 'Tackles Inside 50', 'Rebound 50s', 'One Percenters', 'Goal Assists', 'Uncontested Possessions', 'Frees Agains', 'Inside 50s', 'Frees For', 'Metres Gained', 'Score Involvements', 'Behind Assists', 'Tackles Outside 50', 'Tackles', 'Clangers', 'Uncontested Marks', 'Marks Outside 50', 'Kicks', 'Turnovers']",0.9888737229850916,0.378797,0.396669,0.396669,0.613268,0.604162,0.604162,330977295660966.44,340071800243694.6,340071800243694.6,47.38,19260817.0,-1.0,True,0.531973,0.572327,0.572327
400.0,3.0,0.7,0.4,0.01,"['AFLCA_votes', 'Disposals', 'Contested Possessions', 'Goals', 'Centre Clearances', 'Intercepts', 'Clearances', 'Marks Inside 50', 'Hitouts', 'Handballs', 'Behinds', 'Contested Marks', 'Bounces', 'Ineffective Disposals', 'Stoppage Clearances', 'Tackles Inside 50', 'Rebound 50s', 'One Percenters', 'Goal Assists', 'Uncontested Possessions', 'Frees Agains', 'Inside 50s', 'Frees For', 'Metres Gained', 'Score Involvements', 'Behind Assists', 'Tackles Outside 50', 'Tackles', 'Clangers', 'Uncontested Marks', 'Marks Outside 50', 'Kicks', 'Turnovers', 'Marks']",0.9918657644199986,0.364542,0.382706,0.382706,0.620264,0.611113,0.611113,324828389541022.94,334726936953757.6,334726936953757.6,47.11,19260817.0,-1.0,True,0.536281,0.584906,0.584906
400.0,3.0,0.7,0.4,0.01,"['AFLCA_votes', 'Disposals', 'Contested Possessions', 'Goals', 'Centre Clearances', 'Intercepts', 'Clearances', 'Marks Inside 50', 'Hitouts', 'Handballs', 'Behinds', 'Contested Marks', 'Bounces', 'Ineffective Disposals', 'Stoppage Clearances', 'Tackles Inside 50', 'Rebound 50s', 'One Percenters', 'Goal Assists', 'Uncontested Possessions', 'Frees Agains', 'Inside 50s', 'Frees For', 'Metres Gained', 'Score Involvements', 'Behind Assists', 'Tackles Outside 50', 'Tackles', 'Clangers', 'Uncontested Marks', 'Marks Outside 50', 'Kicks', 'Turnovers', 'Marks', 'Time On Ground %']",0.9946253824061244,0.368928,0.387334,0.387334,0.61812,0.608818,0.608818,325533177278178.06,334269691750672.25,334269691750672.25,52.4,19260817.0,-1.0,True,0.538095,0.57652,0.57652
400.0,3.0,0.7,0.4,0.01,"['AFLCA_votes', 'Disposals', 'Contested Possessions', 'Goals', 'Centre Clearances', 'Intercepts', 'Clearances', 'Marks Inside 50', 'Hitouts', 'Handballs', 'Behinds', 'Contested Marks', 'Bounces', 'Ineffective Disposals', 'Stoppage Clearances', 'Tackles Inside 50', 'Rebound 50s', 'One Percenters', 'Goal Assists', 'Uncontested Possessions', 'Frees Agains', 'Inside 50s', 'Frees For', 'Metres Gained', 'Score Involvements', 'Behind Assists', 'Tackles Outside 50', 'Tackles', 'Clangers', 'Uncontested Marks', 'Marks Outside 50', 'Kicks', 'Turnovers', 'Marks', 'Time On Ground %', 'Effective Disposals']",0.9966894167418735,0.375395,0.394396,0.394396,0.614945,0.605298,0.605298,337360709572216.25,348446654571826.7,348446654571826.7,51.03,19260817.0,-1.0,True,0.535147,0.58805,0.58805
400.0,3.0,0.7,0.4,0.01,"['AFLCA_votes', 'Disposals', 'Contested Possessions', 'Goals', 'Centre Clearances', 'Intercepts', 'Clearances', 'Marks Inside 50', 'Hitouts', 'Handballs', 'Behinds', 'Contested Marks', 'Bounces', 'Ineffective Disposals', 'Stoppage Clearances', 'Tackles Inside 50', 'Rebound 50s', 'One Percenters', 'Goal Assists', 'Uncontested Possessions', 'Frees Agains', 'Inside 50s', 'Frees For', 'Metres Gained', 'Score Involvements', 'Behind Assists', 'Tackles Outside 50', 'Tackles', 'Clangers', 'Uncontested Marks', 'Marks Outside 50', 'Kicks', 'Turnovers', 'Marks', 'Time On Ground %', 'Effective Disposals', 'HomeAway']",0.9984280188842564,0.367948,0.386424,0.386424,0.6186,0.609269,0.609269,335312614397681.94,346671305658546.1,346671305658546.1,51.09,19260817.0,-1.0,True,0.537868,0.571279,0.571279
400.0,3.0,0.7,0.4,0.01,"['AFLCA_votes', 'Disposals', 'Contested Possessions', 'Goals', 'Centre Clearances', 'Intercepts', 'Clearances', 'Marks Inside 50', 'Hitouts', 'Handballs', 'Behinds', 'Contested Marks', 'Bounces', 'Ineffective Disposals', 'Stoppage Clearances', 'Tackles Inside 50', 'Rebound 50s', 'One Percenters', 'Goal Assists', 'Uncontested Possessions', 'Frees Agains', 'Inside 50s', 'Frees For', 'Metres Gained', 'Score Involvements', 'Behind Assists', 'Tackles Outside 50', 'Tackles', 'Clangers', 'Uncontested Marks', 'Marks Outside 50', 'Kicks', 'Turnovers', 'Marks', 'Time On Ground %', 'Effective Disposals', 'HomeAway', 'Winloss']",0.9999999999999998,0.379466,0.398498,0.398498,0.612937,0.603245,0.603245,337429775310854.8,347304781591189.56,347304781591189.56,53.58,19260817.0,-1.0,True,0.535601,0.591195,0.591195
400.0,6.0,0.7,0.4,0.01,"['AFLCA_votes', 'Disposals', 'Contested Possessions', 'Goals']",0.7765535537689908,0.378228,0.399167,0.399167,0.613549,0.602909,0.602909,320175492361216.9,331141377610407.25,331141377610407.25,14.37,19260817.0,-1.0,True,0.554422,0.579665,0.579665
400.0,12.0,0.7,0.4,0.01,"['AFLCA_votes', 'Disposals', 'Contested Possessions', 'Goals']",0.7765535537689908,0.419312,0.441871,0.441871,0.592932,0.581089,0.581089,354271279329239.56,365582995155014.2,365582995155014.2,28.38,19260817.0,-1.0,True,0.550567,0.573375,0.573375
400.0,24.0,0.7,0.4,0.01,"['AFLCA_votes', 'Disposals', 'Contested Possessions', 'Goals']",0.7765535537689908,0.422108,0.445507,0.445507,0.591503,0.579193,0.579193,350573231475890.56,363044007320624.75,363044007320624.75,752.94,19260817.0,-1.0,True,0.552381,0.570231,0.570231
400.0,48.0,0.7,0.4,0.01,"['AFLCA_votes', 'Disposals', 'Contested Possessions', 'Goals']",0.7765535537689908,0.422484,0.445266,0.445266,0.59131,0.579319,0.579319,356204290319436.5,367413259843949.9,367413259843949.9,1396.51,19260817.0,-1.0,True,0.548526,0.579665,0.579665
400.0,96.0,0.7,0.4,0.01,"['AFLCA_votes', 'Disposals', 'Contested Possessions', 'Goals']",0.7765535537689908,0.422484,0.445266,0.445266,0.59131,0.579319,0.579319,356204290319436.5,367413259843949.9,367413259843949.9,1393.64,19260817.0,-1.0,True,0.548526,0.579665,0.579665
400.0,192.0,0.7,0.4,0.01,"['AFLCA_votes', 'Disposals', 'Contested Possessions', 'Goals']",0.7765535537689908,0.422484,0.445266,0.445266,0.59131,0.579319,0.579319,356204290319436.5,367413259843949.9,367413259843949.9,1389.46,19260817.0,-1.0,True,0.548526,0.579665,0.579665
400.0,3.0,0.7,0.55,0.01,"['AFLCA_votes', 'Disposals', 'Contested Possessions', 'Goals']",0.7765535537689908,0.395878,0.41916,0.41916,0.604777,0.592794,0.592794,303155388030153.94,311449504079952.6,311449504079952.6,11.9,19260817.0,-1.0,True,0.526757,0.584906,0.584906
400.0,3.0,0.7,0.7,0.01,"['AFLCA_votes', 'Disposals', 'Contested Possessions', 'Goals']",0.7765535537689908,0.395878,0.41916,0.41916,0.604777,0.592794,0.592794,303155388030153.94,311449504079952.6,311449504079952.6,12.28,19260817.0,-1.0,True,0.526757,0.584906,0.584906
400.0,3.0,0.7,0.85,0.01,"['AFLCA_votes', 'Disposals', 'Contested Possessions', 'Goals']",0.7765535537689908,0.473075,0.499019,0.499019,0.564817,0.550536,0.550536,309852220690631.4,313006435579484.8,313006435579484.8,14.32,19260817.0,-1.0,True,0.510431,0.581761,0.581761
400.0,3.0,0.4,0.4,0.01,"['AFLCA_votes', 'Disposals', 'Contested Possessions', 'Goals']",0.7765535537689908,0.266722,0.283929,0.283929,0.666297,0.658193,0.658193,240856179707981.94,248701187111466.3,248701187111466.3,6.34,19260817.0,-1.0,True,0.545805,0.597484,0.597484
400.0,3.0,0.55,0.4,0.01,"['AFLCA_votes', 'Disposals', 'Contested Possessions', 'Goals']",0.7765535537689908,0.266535,0.283656,0.283656,0.666382,0.658319,0.658319,237316446102108.56,244965869581024.4,244965869581024.4,9.4,19260817.0,-1.0,True,0.544218,0.600629,0.600629
400.0,3.0,0.85,0.4,0.01,"['AFLCA_votes', 'Disposals', 'Contested Possessions', 'Goals']",0.7765535537689908,0.267859,0.285044,0.285044,0.66578,0.65768,0.65768,238090028878649.28,245900324772358.3,245900324772358.3,10.84,19260817.0,-1.0,True,0.545351,0.603774,0.603774
