n_estimators,max_depth,max_samples,max_features,ccp_alpha,features,feature combo ningxiang score,Train r2,Val r2,Test r2,Train RMSE,Val RMSE,Test RMSE,Train MAPE,Val MAPE,Test MAPE,Time,random_state,n_jobs,Train Brownlow Metric,Val Brownlow Metric,Test Brownlow Metric
50.0,12.0,0.7,0.7,0.01,"['AFLCA_votes', 'Disposals', 'Contested Possessions']",0.7562403677250018,0.484618,0.512848,0.512848,0.558596,0.542884,0.542884,321575007384931.94,331175923411091.8,331175923411091.8,11.71,19260817.0,-1.0,0.515873,0.595388,0.595388
50.0,12.0,0.7,0.7,0.01,"['AFLCA_votes', 'Disposals', 'Contested Possessions', 'Goals']",0.7765535537689908,0.475866,0.503888,0.503888,0.563319,0.547855,0.547855,315018169385869.5,329013681911659.6,329013681911659.6,10.61,19260817.0,-1.0,0.537188,0.592243,0.592243
50.0,12.0,0.7,0.7,0.01,"['AFLCA_votes', 'Disposals', 'Contested Possessions', 'Goals', 'Centre Clearances']",0.7919471007529546,0.483488,0.511805,0.511805,0.559208,0.543465,0.543465,306476982663577.6,317530959685801.25,317530959685801.25,14.42,19260817.0,-1.0,0.524036,0.602725,0.602725
50.0,12.0,0.7,0.7,0.01,"['AFLCA_votes', 'Disposals', 'Contested Possessions', 'Goals', 'Centre Clearances', 'Intercepts']",0.8049857274440886,0.485302,0.513401,0.513401,0.558225,0.542576,0.542576,307689027359758.1,315998754061809.6,315998754061809.6,18.22,19260817.0,-1.0,0.510204,0.571279,0.571279
50.0,12.0,0.7,0.7,0.01,"['AFLCA_votes', 'Disposals', 'Contested Possessions', 'Goals', 'Centre Clearances', 'Intercepts', 'Clearances']",0.8175406880045384,0.475868,0.503289,0.503289,0.563318,0.548185,0.548185,323210623130070.06,337071203191446.25,337071203191446.25,20.75,19260817.0,-1.0,0.531973,0.603774,0.603774
50.0,12.0,0.7,0.7,0.01,"['AFLCA_votes', 'Disposals', 'Contested Possessions', 'Goals', 'Centre Clearances', 'Intercepts', 'Clearances', 'Marks Inside 50']",0.8299825644950556,0.482955,0.509579,0.509579,0.559496,0.544703,0.544703,332884416004273.75,344067959999939.25,344067959999939.25,20.86,19260817.0,-1.0,0.52449,0.603774,0.603774
50.0,12.0,0.7,0.7,0.01,"['AFLCA_votes', 'Disposals', 'Contested Possessions', 'Goals', 'Centre Clearances', 'Intercepts', 'Clearances', 'Marks Inside 50', 'Hitouts']",0.8421594803742163,0.485301,0.512843,0.512843,0.558226,0.542887,0.542887,316847546667112.1,327054362256114.56,327054362256114.56,23.59,19260817.0,-1.0,0.515646,0.590147,0.590147
50.0,12.0,0.7,0.7,0.01,"['AFLCA_votes', 'Disposals', 'Contested Possessions', 'Goals', 'Centre Clearances', 'Intercepts', 'Clearances', 'Marks Inside 50', 'Hitouts', 'Handballs']",0.8541358029977908,0.48388,0.512088,0.512088,0.558996,0.543308,0.543308,287878301217717.94,297276171542342.94,297276171542342.94,30.2,19260817.0,-1.0,0.509977,0.581761,0.581761
50.0,12.0,0.7,0.7,0.01,"['AFLCA_votes', 'Disposals', 'Contested Possessions', 'Goals', 'Centre Clearances', 'Intercepts', 'Clearances', 'Marks Inside 50', 'Hitouts', 'Handballs', 'Behinds']",0.8659768297633487,0.485134,0.513215,0.513215,0.558316,0.54268,0.54268,311099903704881.06,322195977129949.7,322195977129949.7,27.5,19260817.0,-1.0,0.520181,0.600629,0.600629
50.0,12.0,0.7,0.7,0.01,"['AFLCA_votes', 'Disposals', 'Contested Possessions', 'Goals', 'Centre Clearances', 'Intercepts', 'Clearances', 'Marks Inside 50', 'Hitouts', 'Handballs', 'Behinds', 'Contested Marks']",0.8764627957636986,0.487573,0.516884,0.516884,0.556992,0.540631,0.540631,305033144341081.25,314177850435213.9,314177850435213.9,31.72,19260817.0,-1.0,0.511111,0.568134,0.568134
50.0,12.0,0.7,0.7,0.01,"['AFLCA_votes', 'Disposals', 'Contested Possessions', 'Goals', 'Centre Clearances', 'Intercepts', 'Clearances', 'Marks Inside 50', 'Hitouts', 'Handballs', 'Behinds', 'Contested Marks', 'Bounces']",0.8858545003433346,0.486075,0.514925,0.514925,0.557806,0.541726,0.541726,297754681696041.0,306873874592954.1,306873874592954.1,33.92,19260817.0,-1.0,0.519048,0.58805,0.58805
50.0,12.0,0.7,0.7,0.01,"['AFLCA_votes', 'Disposals', 'Contested Possessions', 'Goals', 'Centre Clearances', 'Intercepts', 'Clearances', 'Marks Inside 50', 'Hitouts', 'Handballs', 'Behinds', 'Contested Marks', 'Bounces', 'Ineffective Disposals']",0.8934391461254398,0.488728,0.517841,0.517841,0.556364,0.540095,0.540095,305328117219233.44,316291191434581.5,316291191434581.5,34.36,19260817.0,-1.0,0.518821,0.58805,0.58805
50.0,12.0,0.7,0.7,0.01,"['AFLCA_votes', 'Disposals', 'Contested Possessions', 'Goals', 'Centre Clearances', 'Intercepts', 'Clearances', 'Marks Inside 50', 'Hitouts', 'Handballs', 'Behinds', 'Contested Marks', 'Bounces', 'Ineffective Disposals', 'Stoppage Clearances']",0.9003977265227703,0.480399,0.508913,0.508913,0.560878,0.545073,0.545073,291590957889470.3,303165957979584.9,303165957979584.9,38.41,19260817.0,-1.0,0.527438,0.597484,0.597484
50.0,12.0,0.7,0.7,0.01,"['AFLCA_votes', 'Disposals', 'Contested Possessions', 'Goals', 'Centre Clearances', 'Intercepts', 'Clearances', 'Marks Inside 50', 'Hitouts', 'Handballs', 'Behinds', 'Contested Marks', 'Bounces', 'Ineffective Disposals', 'Stoppage Clearances', 'Tackles Inside 50']",0.906940299335011,0.489759,0.518861,0.518861,0.555803,0.539524,0.539524,302970187068028.5,312703386383862.5,312703386383862.5,38.94,19260817.0,-1.0,0.508844,0.59434,0.59434
50.0,12.0,0.7,0.7,0.01,"['AFLCA_votes', 'Disposals', 'Contested Possessions', 'Goals', 'Centre Clearances', 'Intercepts', 'Clearances', 'Marks Inside 50', 'Hitouts', 'Handballs', 'Behinds', 'Contested Marks', 'Bounces', 'Ineffective Disposals', 'Stoppage Clearances', 'Tackles Inside 50', 'Rebound 50s']",0.9130469708326392,0.490426,0.519486,0.519486,0.55544,0.539173,0.539173,323375922097399.6,333790740206598.6,333790740206598.6,42.08,19260817.0,-1.0,0.509297,0.58805,0.58805
50.0,12.0,0.7,0.7,0.01,"['AFLCA_votes', 'Disposals', 'Contested Possessions', 'Goals', 'Centre Clearances', 'Intercepts', 'Clearances', 'Marks Inside 50', 'Hitouts', 'Handballs', 'Behinds', 'Contested Marks', 'Bounces', 'Ineffective Disposals', 'Stoppage Clearances', 'Tackles Inside 50', 'Rebound 50s', 'One Percenters']",0.919120335160259,0.48848,0.516297,0.516297,0.556499,0.540959,0.540959,327935873148402.75,337078056151873.94,337078056151873.94,43.82,19260817.0,-1.0,0.511338,0.566038,0.566038
50.0,12.0,0.7,0.7,0.01,"['AFLCA_votes', 'Disposals', 'Contested Possessions', 'Goals', 'Centre Clearances', 'Intercepts', 'Clearances', 'Marks Inside 50', 'Hitouts', 'Handballs', 'Behinds', 'Contested Marks', 'Bounces', 'Ineffective Disposals', 'Stoppage Clearances', 'Tackles Inside 50', 'Rebound 50s', 'One Percenters', 'Goal Assists']",0.924898549042972,0.485687,0.51428,0.51428,0.558016,0.542086,0.542086,299328934332681.44,308198723162914.1,308198723162914.1,50.51,19260817.0,-1.0,0.50839,0.59434,0.59434
50.0,12.0,0.7,0.7,0.01,"['AFLCA_votes', 'Disposals', 'Contested Possessions', 'Goals', 'Centre Clearances', 'Intercepts', 'Clearances', 'Marks Inside 50', 'Hitouts', 'Handballs', 'Behinds', 'Contested Marks', 'Bounces', 'Ineffective Disposals', 'Stoppage Clearances', 'Tackles Inside 50', 'Rebound 50s', 'One Percenters', 'Goal Assists', 'Uncontested Possessions']",0.9306217431588558,0.4925,0.521735,0.521735,0.554308,0.53791,0.53791,307197208193217.2,314630938339151.3,314630938339151.3,51.84,19260817.0,-1.0,0.508617,0.578616,0.578616
50.0,12.0,0.7,0.7,0.01,"['AFLCA_votes', 'Disposals', 'Contested Possessions', 'Goals', 'Centre Clearances', 'Intercepts', 'Clearances', 'Marks Inside 50', 'Hitouts', 'Handballs', 'Behinds', 'Contested Marks', 'Bounces', 'Ineffective Disposals', 'Stoppage Clearances', 'Tackles Inside 50', 'Rebound 50s', 'One Percenters', 'Goal Assists', 'Uncontested Possessions', 'Frees Agains']",0.9362167668092988,0.487167,0.516011,0.516011,0.557213,0.541119,0.541119,311490041886731.5,320060305624535.75,320060305624535.75,53.42,19260817.0,-1.0,0.50907,0.577568,0.577568
50.0,12.0,0.7,0.7,0.01,"['AFLCA_votes', 'Disposals', 'Contested Possessions', 'Goals', 'Centre Clearances', 'Intercepts', 'Clearances', 'Marks Inside 50', 'Hitouts', 'Handballs', 'Behinds', 'Contested Marks', 'Bounces', 'Ineffective Disposals', 'Stoppage Clearances', 'Tackles Inside 50', 'Rebound 50s', 'One Percenters', 'Goal Assists', 'Uncontested Possessions', 'Frees Agains', 'Inside 50s']",0.9417404842109904,0.485616,0.513317,0.513317,0.558055,0.542623,0.542623,315983495927004.94,325081779098077.9,325081779098077.9,53.63,19260817.0,-1.0,0.517007,0.589099,0.589099
50.0,12.0,0.7,0.7,0.01,"['AFLCA_votes', 'Disposals', 'Contested Possessions', 'Goals', 'Centre Clearances', 'Intercepts', 'Clearances', 'Marks Inside 50', 'Hitouts', 'Handballs', 'Behinds', 'Contested Marks', 'Bounces', 'Ineffective Disposals', 'Stoppage Clearances', 'Tackles Inside 50', 'Rebound 50s', 'One Percenters', 'Goal Assists', 'Uncontested Possessions', 'Frees Agains', 'Inside 50s', 'Frees For']",0.9470934756360015,0.488555,0.516899,0.516899,0.556459,0.540623,0.540623,303677161142249.4,312890788794459.6,312890788794459.6,64.0,19260817.0,-1.0,0.514286,0.571279,0.571279
50.0,12.0,0.7,0.7,0.01,"['AFLCA_votes', 'Disposals', 'Contested Possessions', 'Goals', 'Centre Clearances', 'Intercepts', 'Clearances', 'Marks Inside 50', 'Hitouts', 'Handballs', 'Behinds', 'Contested Marks', 'Bounces', 'Ineffective Disposals', 'Stoppage Clearances', 'Tackles Inside 50', 'Rebound 50s', 'One Percenters', 'Goal Assists', 'Uncontested Possessions', 'Frees Agains', 'Inside 50s', 'Frees For', 'Metres Gained']",0.9523402288050722,0.490141,0.519297,0.519297,0.555595,0.539279,0.539279,311131182960762.25,320790091398433.3,320790091398433.3,64.45,19260817.0,-1.0,0.519274,0.599581,0.599581
50.0,12.0,0.7,0.7,0.01,"['AFLCA_votes', 'Disposals', 'Contested Possessions', 'Goals', 'Centre Clearances', 'Intercepts', 'Clearances', 'Marks Inside 50', 'Hitouts', 'Handballs', 'Behinds', 'Contested Marks', 'Bounces', 'Ineffective Disposals', 'Stoppage Clearances', 'Tackles Inside 50', 'Rebound 50s', 'One Percenters', 'Goal Assists', 'Uncontested Possessions', 'Frees Agains', 'Inside 50s', 'Frees For', 'Metres Gained', 'Score Involvements']",0.9575623339697504,0.480755,0.508246,0.508246,0.560686,0.545443,0.545443,299538487752337.5,310979464569690.5,310979464569690.5,72.31,19260817.0,-1.0,0.520635,0.596436,0.596436
50.0,12.0,0.7,0.7,0.01,"['AFLCA_votes', 'Disposals', 'Contested Possessions', 'Goals', 'Centre Clearances', 'Intercepts', 'Clearances', 'Marks Inside 50', 'Hitouts', 'Handballs', 'Behinds', 'Contested Marks', 'Bounces', 'Ineffective Disposals', 'Stoppage Clearances', 'Tackles Inside 50', 'Rebound 50s', 'One Percenters', 'Goal Assists', 'Uncontested Possessions', 'Frees Agains', 'Inside 50s', 'Frees For', 'Metres Gained', 'Score Involvements', 'Behind Assists']",0.96221169757485,0.49111,0.519281,0.519281,0.555067,0.539288,0.539288,314826616609592.25,323416252961306.3,323416252961306.3,76.61,19260817.0,-1.0,0.513605,0.56499,0.56499
50.0,12.0,0.7,0.7,0.01,"['AFLCA_votes', 'Disposals', 'Contested Possessions', 'Goals', 'Centre Clearances', 'Intercepts', 'Clearances', 'Marks Inside 50', 'Hitouts', 'Handballs', 'Behinds', 'Contested Marks', 'Bounces', 'Ineffective Disposals', 'Stoppage Clearances', 'Tackles Inside 50', 'Rebound 50s', 'One Percenters', 'Goal Assists', 'Uncontested Possessions', 'Frees Agains', 'Inside 50s', 'Frees For', 'Metres Gained', 'Score Involvements', 'Behind Assists', 'Tackles Outside 50']",0.9668398251654758,0.483873,0.512238,0.512238,0.559,0.543225,0.543225,322050692198725.75,333284020842843.44,333284020842843.44,73.63,19260817.0,-1.0,0.526984,0.593291,0.593291
50.0,12.0,0.7,0.7,0.01,"['AFLCA_votes', 'Disposals', 'Contested Possessions', 'Goals', 'Centre Clearances', 'Intercepts', 'Clearances', 'Marks Inside 50', 'Hitouts', 'Handballs', 'Behinds', 'Contested Marks', 'Bounces', 'Ineffective Disposals', 'Stoppage Clearances', 'Tackles Inside 50', 'Rebound 50s', 'One Percenters', 'Goal Assists', 'Uncontested Possessions', 'Frees Agains', 'Inside 50s', 'Frees For', 'Metres Gained', 'Score Involvements', 'Behind Assists', 'Tackles Outside 50', 'Tackles']",0.9712453380319708,0.490181,0.51931,0.51931,0.555573,0.539272,0.539272,305359514958331.6,314853505165151.6,314853505165151.6,75.17,19260817.0,-1.0,0.513379,0.578616,0.578616
50.0,12.0,0.7,0.7,0.01,"['AFLCA_votes', 'Disposals', 'Contested Possessions', 'Goals', 'Centre Clearances', 'Intercepts', 'Clearances', 'Marks Inside 50', 'Hitouts', 'Handballs', 'Behinds', 'Contested Marks', 'Bounces', 'Ineffective Disposals', 'Stoppage Clearances', 'Tackles Inside 50', 'Rebound 50s', 'One Percenters', 'Goal Assists', 'Uncontested Possessions', 'Frees Agains', 'Inside 50s', 'Frees For', 'Metres Gained', 'Score Involvements', 'Behind Assists', 'Tackles Outside 50', 'Tackles', 'Clangers']",0.9750128387391142,0.486533,0.515147,0.515147,0.557557,0.541602,0.541602,300488972531549.06,309745670109397.9,309745670109397.9,80.57,19260817.0,-1.0,0.512472,0.585954,0.585954
50.0,12.0,0.7,0.7,0.01,"['AFLCA_votes', 'Disposals', 'Contested Possessions', 'Goals', 'Centre Clearances', 'Intercepts', 'Clearances', 'Marks Inside 50', 'Hitouts', 'Handballs', 'Behinds', 'Contested Marks', 'Bounces', 'Ineffective Disposals', 'Stoppage Clearances', 'Tackles Inside 50', 'Rebound 50s', 'One Percenters', 'Goal Assists', 'Uncontested Possessions', 'Frees Agains', 'Inside 50s', 'Frees For', 'Metres Gained', 'Score Involvements', 'Behind Assists', 'Tackles Outside 50', 'Tackles', 'Clangers', 'Uncontested Marks']",0.9786082458844692,0.486001,0.51434,0.51434,0.557846,0.542053,0.542053,305461144154862.6,315708550984774.2,315708550984774.2,86.33,19260817.0,-1.0,0.528345,0.591195,0.591195
50.0,12.0,0.7,0.7,0.01,"['AFLCA_votes', 'Disposals', 'Contested Possessions', 'Goals', 'Centre Clearances', 'Intercepts', 'Clearances', 'Marks Inside 50', 'Hitouts', 'Handballs', 'Behinds', 'Contested Marks', 'Bounces', 'Ineffective Disposals', 'Stoppage Clearances', 'Tackles Inside 50', 'Rebound 50s', 'One Percenters', 'Goal Assists', 'Uncontested Possessions', 'Frees Agains', 'Inside 50s', 'Frees For', 'Metres Gained', 'Score Involvements', 'Behind Assists', 'Tackles Outside 50', 'Tackles', 'Clangers', 'Uncontested Marks', 'Marks Outside 50']",0.9821571136477903,0.485894,0.514165,0.514165,0.557904,0.54215,0.54215,292173102233098.2,302441023849028.5,302441023849028.5,89.6,19260817.0,-1.0,0.518367,0.599581,0.599581
50.0,12.0,0.7,0.7,0.01,"['AFLCA_votes', 'Disposals', 'Contested Possessions', 'Goals', 'Centre Clearances', 'Intercepts', 'Clearances', 'Marks Inside 50', 'Hitouts', 'Handballs', 'Behinds', 'Contested Marks', 'Bounces', 'Ineffective Disposals', 'Stoppage Clearances', 'Tackles Inside 50', 'Rebound 50s', 'One Percenters', 'Goal Assists', 'Uncontested Possessions', 'Frees Agains', 'Inside 50s', 'Frees For', 'Metres Gained', 'Score Involvements', 'Behind Assists', 'Tackles Outside 50', 'Tackles', 'Clangers', 'Uncontested Marks', 'Marks Outside 50', 'Kicks']",0.9855366104335248,0.490989,0.52019,0.52019,0.555133,0.538778,0.538778,305100387023217.94,312635403330954.7,312635403330954.7,86.75,19260817.0,-1.0,0.510884,0.571279,0.571279
50.0,12.0,0.7,0.7,0.01,"['AFLCA_votes', 'Disposals', 'Contested Possessions', 'Goals', 'Centre Clearances', 'Intercepts', 'Clearances', 'Marks Inside 50', 'Hitouts', 'Handballs', 'Behinds', 'Contested Marks', 'Bounces', 'Ineffective Disposals', 'Stoppage Clearances', 'Tackles Inside 50', 'Rebound 50s', 'One Percenters', 'Goal Assists', 'Uncontested Possessions', 'Frees Agains', 'Inside 50s', 'Frees For', 'Metres Gained', 'Score Involvements', 'Behind Assists', 'Tackles Outside 50', 'Tackles', 'Clangers', 'Uncontested Marks', 'Marks Outside 50', 'Kicks', 'Turnovers']",0.9888737229850916,0.487818,0.516663,0.516663,0.556859,0.540755,0.540755,313918227147419.2,322592745624039.3,322592745624039.3,93.17,19260817.0,-1.0,0.51678,0.584906,0.584906
50.0,12.0,0.7,0.7,0.01,"['AFLCA_votes', 'Disposals', 'Contested Possessions', 'Goals', 'Centre Clearances', 'Intercepts', 'Clearances', 'Marks Inside 50', 'Hitouts', 'Handballs', 'Behinds', 'Contested Marks', 'Bounces', 'Ineffective Disposals', 'Stoppage Clearances', 'Tackles Inside 50', 'Rebound 50s', 'One Percenters', 'Goal Assists', 'Uncontested Possessions', 'Frees Agains', 'Inside 50s', 'Frees For', 'Metres Gained', 'Score Involvements', 'Behind Assists', 'Tackles Outside 50', 'Tackles', 'Clangers', 'Uncontested Marks', 'Marks Outside 50', 'Kicks', 'Turnovers', 'Marks']",0.9918657644199986,0.484755,0.512942,0.512942,0.558522,0.542832,0.542832,309457297400626.3,318951944826990.7,318951944826990.6,94.78,19260817.0,-1.0,0.510431,0.575472,0.575472
50.0,12.0,0.7,0.7,0.01,"['AFLCA_votes', 'Disposals', 'Contested Possessions', 'Goals', 'Centre Clearances', 'Intercepts', 'Clearances', 'Marks Inside 50', 'Hitouts', 'Handballs', 'Behinds', 'Contested Marks', 'Bounces', 'Ineffective Disposals', 'Stoppage Clearances', 'Tackles Inside 50', 'Rebound 50s', 'One Percenters', 'Goal Assists', 'Uncontested Possessions', 'Frees Agains', 'Inside 50s', 'Frees For', 'Metres Gained', 'Score Involvements', 'Behind Assists', 'Tackles Outside 50', 'Tackles', 'Clangers', 'Uncontested Marks', 'Marks Outside 50', 'Kicks', 'Turnovers', 'Marks', 'Time On Ground %']",0.9946253824061244,0.491588,0.519126,0.519126,0.554806,0.539375,0.539375,332275590961045.5,341615585013153.8,341615585013153.8,101.33,19260817.0,-1.0,0.518141,0.561845,0.561845
50.0,12.0,0.7,0.7,0.01,"['AFLCA_votes', 'Disposals', 'Contested Possessions', 'Goals', 'Centre Clearances', 'Intercepts', 'Clearances', 'Marks Inside 50', 'Hitouts', 'Handballs', 'Behinds', 'Contested Marks', 'Bounces', 'Ineffective Disposals', 'Stoppage Clearances', 'Tackles Inside 50', 'Rebound 50s', 'One Percenters', 'Goal Assists', 'Uncontested Possessions', 'Frees Agains', 'Inside 50s', 'Frees For', 'Metres Gained', 'Score Involvements', 'Behind Assists', 'Tackles Outside 50', 'Tackles', 'Clangers', 'Uncontested Marks', 'Marks Outside 50', 'Kicks', 'Turnovers', 'Marks', 'Time On Ground %', 'Effective Disposals']",0.9966894167418736,0.484052,0.512657,0.512657,0.558903,0.542991,0.542991,303865306522628.1,314087526455220.2,314087526455220.2,100.84,19260817.0,-1.0,0.517914,0.590147,0.590147
50.0,12.0,0.7,0.7,0.01,"['AFLCA_votes', 'Disposals', 'Contested Possessions', 'Goals', 'Centre Clearances', 'Intercepts', 'Clearances', 'Marks Inside 50', 'Hitouts', 'Handballs', 'Behinds', 'Contested Marks', 'Bounces', 'Ineffective Disposals', 'Stoppage Clearances', 'Tackles Inside 50', 'Rebound 50s', 'One Percenters', 'Goal Assists', 'Uncontested Possessions', 'Frees Agains', 'Inside 50s', 'Frees For', 'Metres Gained', 'Score Involvements', 'Behind Assists', 'Tackles Outside 50', 'Tackles', 'Clangers', 'Uncontested Marks', 'Marks Outside 50', 'Kicks', 'Turnovers', 'Marks', 'Time On Ground %', 'Effective Disposals', 'HomeAway']",0.9984280188842564,0.489557,0.517413,0.517413,0.555913,0.540335,0.540335,298956917336732.56,310837004507338.1,310837004507338.1,99.04,19260817.0,-1.0,0.518141,0.584906,0.584906
50.0,12.0,0.7,0.7,0.01,"['AFLCA_votes', 'Disposals', 'Contested Possessions', 'Goals', 'Centre Clearances', 'Intercepts', 'Clearances', 'Marks Inside 50', 'Hitouts', 'Handballs', 'Behinds', 'Contested Marks', 'Bounces', 'Ineffective Disposals', 'Stoppage Clearances', 'Tackles Inside 50', 'Rebound 50s', 'One Percenters', 'Goal Assists', 'Uncontested Possessions', 'Frees Agains', 'Inside 50s', 'Frees For', 'Metres Gained', 'Score Involvements', 'Behind Assists', 'Tackles Outside 50', 'Tackles', 'Clangers', 'Uncontested Marks', 'Marks Outside 50', 'Kicks', 'Turnovers', 'Marks', 'Time On Ground %', 'Effective Disposals', 'HomeAway', 'Winloss']",0.9999999999999998,0.4868,0.51488,0.51488,0.557413,0.541751,0.541751,306255610245355.0,314419145103410.75,314419145103410.75,103.24,19260817.0,-1.0,0.510204,0.577568,0.577568
50.0,3.0,0.7,0.7,0.01,"['AFLCA_votes', 'Disposals', 'Contested Possessions', 'Goals', 'Centre Clearances', 'Intercepts', 'Clearances']",0.8175406880045384,0.460546,0.488424,0.488424,0.571493,0.556327,0.556327,261802520125969.38,277120986158458.6,277120986158458.6,5.55,19260817.0,-1.0,0.530839,0.57652,0.57652
50.0,6.0,0.7,0.7,0.01,"['AFLCA_votes', 'Disposals', 'Contested Possessions', 'Goals', 'Centre Clearances', 'Intercepts', 'Clearances']",0.8175406880045384,0.481245,0.508206,0.508206,0.560421,0.545465,0.545465,330444285185197.9,344256101519057.5,344256101519057.5,9.2,19260817.0,-1.0,0.536508,0.606918,0.606918
50.0,24.0,0.7,0.7,0.01,"['AFLCA_votes', 'Disposals', 'Contested Possessions', 'Goals', 'Centre Clearances', 'Intercepts', 'Clearances']",0.8175406880045384,0.477517,0.50511,0.50511,0.562431,0.547179,0.547179,315450722897142.5,328692229708741.2,328692229708741.2,107.34,19260817.0,-1.0,0.536735,0.606918,0.606918
50.0,48.0,0.7,0.7,0.01,"['AFLCA_votes', 'Disposals', 'Contested Possessions', 'Goals', 'Centre Clearances', 'Intercepts', 'Clearances']",0.8175406880045384,0.478738,0.5065,0.5065,0.561774,0.54641,0.54641,318972148436352.44,333491105087643.0,333491105087643.0,177.37,19260817.0,-1.0,0.533333,0.602725,0.602725
50.0,96.0,0.7,0.7,0.01,"['AFLCA_votes', 'Disposals', 'Contested Possessions', 'Goals', 'Centre Clearances', 'Intercepts', 'Clearances']",0.8175406880045384,0.478199,0.50586,0.50586,0.562064,0.546765,0.546765,319232874133232.4,333744408557669.4,333744408557669.4,179.59,19260817.0,-1.0,0.533333,0.602725,0.602725
50.0,192.0,0.7,0.7,0.01,"['AFLCA_votes', 'Disposals', 'Contested Possessions', 'Goals', 'Centre Clearances', 'Intercepts', 'Clearances']",0.8175406880045384,0.478199,0.50586,0.50586,0.562064,0.546765,0.546765,319232874133232.4,333744408557669.4,333744408557669.4,177.4,19260817.0,-1.0,0.533333,0.602725,0.602725
50.0,6.0,0.7,0.4,0.01,"['AFLCA_votes', 'Disposals', 'Contested Possessions', 'Goals', 'Centre Clearances', 'Intercepts', 'Clearances']",0.8175406880045384,0.442085,0.468024,0.468024,0.581189,0.567311,0.567311,340421417593042.06,357354033939008.44,357354033939008.44,5.07,19260817.0,-1.0,0.507029,0.535639,0.535639
50.0,6.0,0.7,0.55,0.01,"['AFLCA_votes', 'Disposals', 'Contested Possessions', 'Goals', 'Centre Clearances', 'Intercepts', 'Clearances']",0.8175406880045384,0.45891,0.483979,0.483979,0.572358,0.558739,0.558739,326623770440017.6,342374655802214.94,342374655802214.94,7.5,19260817.0,-1.0,0.540816,0.560797,0.560797
50.0,6.0,0.7,0.85,0.01,"['AFLCA_votes', 'Disposals', 'Contested Possessions', 'Goals', 'Centre Clearances', 'Intercepts', 'Clearances']",0.8175406880045384,0.489524,0.518496,0.518496,0.555931,0.539728,0.539728,310446822300222.56,320370730050675.7,320370730050675.7,12.19,19260817.0,-1.0,0.5161,0.578616,0.578616
50.0,6.0,0.4,0.7,0.01,"['AFLCA_votes', 'Disposals', 'Contested Possessions', 'Goals', 'Centre Clearances', 'Intercepts', 'Clearances']",0.8175406880045384,0.479613,0.507117,0.507117,0.561302,0.546069,0.546069,326405158320413.5,340343004153563.8,340343004153563.8,8.21,19260817.0,-1.0,0.536508,0.593291,0.593291
50.0,6.0,0.55,0.7,0.01,"['AFLCA_votes', 'Disposals', 'Contested Possessions', 'Goals', 'Centre Clearances', 'Intercepts', 'Clearances']",0.8175406880045384,0.479459,0.50707,0.50707,0.561385,0.546095,0.546095,332920239153937.2,346573461164543.2,346573461164543.2,8.71,19260817.0,-1.0,0.539002,0.598532,0.598532
50.0,6.0,0.85,0.7,0.01,"['AFLCA_votes', 'Disposals', 'Contested Possessions', 'Goals', 'Centre Clearances', 'Intercepts', 'Clearances']",0.8175406880045384,0.478601,0.506272,0.506272,0.561847,0.546536,0.546536,316395298581577.6,329988929400006.9,329988929400006.9,10.32,19260817.0,-1.0,0.542177,0.601677,0.601677
25.0,6.0,0.7,0.7,0.01,"['AFLCA_votes', 'Disposals', 'Contested Possessions', 'Goals', 'Centre Clearances', 'Intercepts', 'Clearances']",0.8175406880045384,0.479414,0.507032,0.507032,0.561409,0.546115,0.546115,349390742745653.25,365006429586867.25,365006429586867.25,4.4,19260817.0,-1.0,0.540816,0.607966,0.607966
100.0,6.0,0.7,0.7,0.01,"['AFLCA_votes', 'Disposals', 'Contested Possessions', 'Goals', 'Centre Clearances', 'Intercepts', 'Clearances']",0.8175406880045384,0.479486,0.506594,0.506594,0.561371,0.546358,0.546358,323936457627255.94,336531263425515.8,336531263425515.8,18.05,19260817.0,-1.0,0.531973,0.60587,0.60587
200.0,6.0,0.7,0.7,0.01,"['AFLCA_votes', 'Disposals', 'Contested Possessions', 'Goals', 'Centre Clearances', 'Intercepts', 'Clearances']",0.8175406880045384,0.480758,0.508549,0.508549,0.560684,0.545275,0.545275,313001881153879.6,324742676209045.7,324742676209045.7,38.52,19260817.0,-1.0,0.532426,0.600629,0.600629
400.0,6.0,0.7,0.7,0.01,"['AFLCA_votes', 'Disposals', 'Contested Possessions', 'Goals', 'Centre Clearances', 'Intercepts', 'Clearances']",0.8175406880045384,0.479772,0.50783,0.50783,0.561216,0.545674,0.545674,308831204581147.0,320356301841953.7,320356301841953.7,70.69,19260817.0,-1.0,0.531519,0.606918,0.606918
25.0,6.0,0.7,0.7,1e-08,"['AFLCA_votes', 'Disposals', 'Contested Possessions', 'Goals', 'Centre Clearances', 'Intercepts', 'Clearances']",0.8175406880045384,0.548603,0.567767,0.567767,0.522772,0.511369,0.511369,368586382113333.9,389506150261144.3,389506150261144.3,4.74,19260817.0,-1.0,0.524943,0.572327,0.572327
25.0,6.0,0.7,0.7,1e-06,"['AFLCA_votes', 'Disposals', 'Contested Possessions', 'Goals', 'Centre Clearances', 'Intercepts', 'Clearances']",0.8175406880045384,0.548603,0.567767,0.567767,0.522772,0.511369,0.511369,368586382113333.9,389506150261144.3,389506150261144.25,5.48,19260817.0,-1.0,0.524943,0.572327,0.572327
25.0,6.0,0.7,0.7,0.0001,"['AFLCA_votes', 'Disposals', 'Contested Possessions', 'Goals', 'Centre Clearances', 'Intercepts', 'Clearances']",0.8175406880045384,0.547661,0.567012,0.567012,0.523317,0.511815,0.511815,369052994536260.0,389948117269474.2,389948117269474.2,4.68,19260817.0,-1.0,0.524943,0.572327,0.572327
25.0,6.0,0.7,0.7,0.1,"['AFLCA_votes', 'Disposals', 'Contested Possessions', 'Goals', 'Centre Clearances', 'Intercepts', 'Clearances']",0.8175406880045384,0.218244,0.229256,0.229256,0.687969,0.682858,0.682858,73436947868121.81,75020849893934.23,75020849893934.23,5.19,19260817.0,-1.0,0.514739,0.552411,0.552411
25.0,6.0,0.7,0.7,0.01,"['AFLCA_votes', 'Disposals', 'Contested Possessions']",0.7562403677250018,0.482387,0.510922,0.510922,0.559804,0.543956,0.543956,333077623070206.5,344559440941718.3,344559440941718.3,2.82,19260817.0,-1.0,0.519274,0.607966,0.607966
25.0,6.0,0.7,0.7,0.01,"['AFLCA_votes', 'Disposals', 'Contested Possessions', 'Goals']",0.7765535537689908,0.472289,0.5003,0.5003,0.565238,0.549832,0.549832,325370983094711.7,339911170867420.7,339911170867420.75,2.67,19260817.0,-1.0,0.537188,0.601677,0.601677
25.0,6.0,0.7,0.7,0.01,"['AFLCA_votes', 'Disposals', 'Contested Possessions', 'Goals', 'Centre Clearances']",0.7919471007529546,0.481393,0.509134,0.509134,0.560341,0.54495,0.54495,306356193024572.3,318641215639911.44,318641215639911.44,3.3,19260817.0,-1.0,0.523583,0.598532,0.598532
25.0,6.0,0.7,0.7,0.01,"['AFLCA_votes', 'Disposals', 'Contested Possessions', 'Goals', 'Centre Clearances', 'Intercepts']",0.8049857274440886,0.484109,0.512565,0.512565,0.558872,0.543042,0.543042,309486500486022.25,316839755358735.0,316839755358735.0,5.74,19260817.0,-1.0,0.505896,0.577568,0.577568
25.0,6.0,0.7,0.7,0.01,"['AFLCA_votes', 'Disposals', 'Contested Possessions', 'Goals', 'Centre Clearances', 'Intercepts', 'Clearances', 'Marks Inside 50']",0.8299825644950556,0.480537,0.507934,0.507934,0.560804,0.545616,0.545616,342209544577201.4,353514963908676.9,353514963908676.9,6.23,19260817.0,-1.0,0.523129,0.570231,0.570231
25.0,6.0,0.7,0.7,0.01,"['AFLCA_votes', 'Disposals', 'Contested Possessions', 'Goals', 'Centre Clearances', 'Intercepts', 'Clearances', 'Marks Inside 50', 'Hitouts']",0.8421594803742163,0.486085,0.513506,0.513506,0.5578,0.542518,0.542518,319414761154135.8,330448047681112.9,330448047681112.9,6.66,19260817.0,-1.0,0.516327,0.584906,0.584906
25.0,6.0,0.7,0.7,0.01,"['AFLCA_votes', 'Disposals', 'Contested Possessions', 'Goals', 'Centre Clearances', 'Intercepts', 'Clearances', 'Marks Inside 50', 'Hitouts', 'Handballs']",0.8541358029977908,0.485936,0.51514,0.51514,0.557882,0.541606,0.541606,304141961319189.5,312249003083738.3,312249003083738.3,7.75,19260817.0,-1.0,0.509751,0.575472,0.575472
25.0,6.0,0.7,0.7,0.01,"['AFLCA_votes', 'Disposals', 'Contested Possessions', 'Goals', 'Centre Clearances', 'Intercepts', 'Clearances', 'Marks Inside 50', 'Hitouts', 'Handballs', 'Behinds']",0.8659768297633487,0.483299,0.514084,0.514084,0.55931,0.542195,0.542195,305790780023008.7,315521858833298.2,315521858833298.2,7.61,19260817.0,-1.0,0.520181,0.604822,0.604822
25.0,6.0,0.7,0.7,0.01,"['AFLCA_votes', 'Disposals', 'Contested Possessions', 'Goals', 'Centre Clearances', 'Intercepts', 'Clearances', 'Marks Inside 50', 'Hitouts', 'Handballs', 'Behinds', 'Contested Marks']",0.8764627957636986,0.492034,0.520723,0.520723,0.554563,0.538479,0.538479,333846497872344.7,341910357714534.5,341910357714534.5,8.75,19260817.0,-1.0,0.507483,0.573375,0.573375
25.0,6.0,0.7,0.7,0.01,"['AFLCA_votes', 'Disposals', 'Contested Possessions', 'Goals', 'Centre Clearances', 'Intercepts', 'Clearances', 'Marks Inside 50', 'Hitouts', 'Handballs', 'Behinds', 'Contested Marks', 'Bounces']",0.8858545003433346,0.495542,0.523944,0.523944,0.552644,0.536666,0.536666,343837464286997.5,352207375303007.75,352207375303007.7,7.96,19260817.0,-1.0,0.503175,0.561845,0.561845
25.0,6.0,0.7,0.7,0.01,"['AFLCA_votes', 'Disposals', 'Contested Possessions', 'Goals', 'Centre Clearances', 'Intercepts', 'Clearances', 'Marks Inside 50', 'Hitouts', 'Handballs', 'Behinds', 'Contested Marks', 'Bounces', 'Ineffective Disposals']",0.8934391461254398,0.484061,0.513181,0.513181,0.558898,0.542699,0.542699,292393467632485.8,301993992186652.2,301993992186652.2,8.64,19260817.0,-1.0,0.520408,0.585954,0.585954
25.0,6.0,0.7,0.7,0.01,"['AFLCA_votes', 'Disposals', 'Contested Possessions', 'Goals', 'Centre Clearances', 'Intercepts', 'Clearances', 'Marks Inside 50', 'Hitouts', 'Handballs', 'Behinds', 'Contested Marks', 'Bounces', 'Ineffective Disposals', 'Stoppage Clearances']",0.9003977265227703,0.481804,0.508852,0.508852,0.560119,0.545106,0.545106,305314895725320.94,316743117096311.06,316743117096311.06,9.28,19260817.0,-1.0,0.520181,0.596436,0.596436
25.0,6.0,0.7,0.7,0.01,"['AFLCA_votes', 'Disposals', 'Contested Possessions', 'Goals', 'Centre Clearances', 'Intercepts', 'Clearances', 'Marks Inside 50', 'Hitouts', 'Handballs', 'Behinds', 'Contested Marks', 'Bounces', 'Ineffective Disposals', 'Stoppage Clearances', 'Tackles Inside 50']",0.906940299335011,0.497305,0.526535,0.526535,0.551678,0.535204,0.535204,335688716498499.5,344370595019957.25,344370595019957.2,11.32,19260817.0,-1.0,0.514286,0.574423,0.574423
25.0,6.0,0.7,0.7,0.01,"['AFLCA_votes', 'Disposals', 'Contested Possessions', 'Goals', 'Centre Clearances', 'Intercepts', 'Clearances', 'Marks Inside 50', 'Hitouts', 'Handballs', 'Behinds', 'Contested Marks', 'Bounces', 'Ineffective Disposals', 'Stoppage Clearances', 'Tackles Inside 50', 'Rebound 50s']",0.9130469708326392,0.483353,0.512298,0.512298,0.559281,0.543191,0.543191,320615882956529.25,333184737975778.5,333184737975778.5,10.85,19260817.0,-1.0,0.518821,0.581761,0.581761
25.0,6.0,0.7,0.7,0.01,"['AFLCA_votes', 'Disposals', 'Contested Possessions', 'Goals', 'Centre Clearances', 'Intercepts', 'Clearances', 'Marks Inside 50', 'Hitouts', 'Handballs', 'Behinds', 'Contested Marks', 'Bounces', 'Ineffective Disposals', 'Stoppage Clearances', 'Tackles Inside 50', 'Rebound 50s', 'One Percenters']",0.919120335160259,0.48354,0.511518,0.511518,0.55918,0.543625,0.543625,309056023108033.6,318025938042637.75,318025938042637.75,12.2,19260817.0,-1.0,0.51678,0.592243,0.592243
25.0,6.0,0.7,0.7,0.01,"['AFLCA_votes', 'Disposals', 'Contested Possessions', 'Goals', 'Centre Clearances', 'Intercepts', 'Clearances', 'Marks Inside 50', 'Hitouts', 'Handballs', 'Behinds', 'Contested Marks', 'Bounces', 'Ineffective Disposals', 'Stoppage Clearances', 'Tackles Inside 50', 'Rebound 50s', 'One Percenters', 'Goal Assists']",0.924898549042972,0.475694,0.505563,0.505563,0.563411,0.546928,0.546928,273511576785820.3,285730498174973.6,285730498174973.6,12.64,19260817.0,-1.0,0.53424,0.590147,0.590147
25.0,6.0,0.7,0.7,0.01,"['AFLCA_votes', 'Disposals', 'Contested Possessions', 'Goals', 'Centre Clearances', 'Intercepts', 'Clearances', 'Marks Inside 50', 'Hitouts', 'Handballs', 'Behinds', 'Contested Marks', 'Bounces', 'Ineffective Disposals', 'Stoppage Clearances', 'Tackles Inside 50', 'Rebound 50s', 'One Percenters', 'Goal Assists', 'Uncontested Possessions']",0.9306217431588558,0.491219,0.520501,0.520501,0.555008,0.538603,0.538603,299769823199148.56,309538635127055.5,309538635127055.6,14.09,19260817.0,-1.0,0.514966,0.582809,0.582809
25.0,6.0,0.7,0.7,0.01,"['AFLCA_votes', 'Disposals', 'Contested Possessions', 'Goals', 'Centre Clearances', 'Intercepts', 'Clearances', 'Marks Inside 50', 'Hitouts', 'Handballs', 'Behinds', 'Contested Marks', 'Bounces', 'Ineffective Disposals', 'Stoppage Clearances', 'Tackles Inside 50', 'Rebound 50s', 'One Percenters', 'Goal Assists', 'Uncontested Possessions', 'Frees Agains']",0.9362167668092988,0.485003,0.513947,0.513947,0.558387,0.542272,0.542272,327952500833679.6,337807717654534.94,337807717654534.9,12.82,19260817.0,-1.0,0.516327,0.574423,0.574423
25.0,6.0,0.7,0.7,0.01,"['AFLCA_votes', 'Disposals', 'Contested Possessions', 'Goals', 'Centre Clearances', 'Intercepts', 'Clearances', 'Marks Inside 50', 'Hitouts', 'Handballs', 'Behinds', 'Contested Marks', 'Bounces', 'Ineffective Disposals', 'Stoppage Clearances', 'Tackles Inside 50', 'Rebound 50s', 'One Percenters', 'Goal Assists', 'Uncontested Possessions', 'Frees Agains', 'Inside 50s']",0.9417404842109904,0.491008,0.519558,0.519558,0.555122,0.539133,0.539133,336080703085913.5,345122168034398.9,345122168034398.9,14.51,19260817.0,-1.0,0.513152,0.578616,0.578616
25.0,6.0,0.7,0.7,0.01,"['AFLCA_votes', 'Disposals', 'Contested Possessions', 'Goals', 'Centre Clearances', 'Intercepts', 'Clearances', 'Marks Inside 50', 'Hitouts', 'Handballs', 'Behinds', 'Contested Marks', 'Bounces', 'Ineffective Disposals', 'Stoppage Clearances', 'Tackles Inside 50', 'Rebound 50s', 'One Percenters', 'Goal Assists', 'Uncontested Possessions', 'Frees Agains', 'Inside 50s', 'Frees For']",0.9470934756360015,0.483089,0.511021,0.511021,0.559424,0.543902,0.543902,319805781008395.7,327507942527880.56,327507942527880.56,16.29,19260817.0,-1.0,0.511111,0.575472,0.575472
25.0,6.0,0.7,0.7,0.01,"['AFLCA_votes', 'Disposals', 'Contested Possessions', 'Goals', 'Centre Clearances', 'Intercepts', 'Clearances', 'Marks Inside 50', 'Hitouts', 'Handballs', 'Behinds', 'Contested Marks', 'Bounces', 'Ineffective Disposals', 'Stoppage Clearances', 'Tackles Inside 50', 'Rebound 50s', 'One Percenters', 'Goal Assists', 'Uncontested Possessions', 'Frees Agains', 'Inside 50s', 'Frees For', 'Metres Gained']",0.9523402288050722,0.481927,0.51019,0.51019,0.560052,0.544364,0.544364,304737631982458.5,314251658225514.25,314251658225514.25,16.88,19260817.0,-1.0,0.511338,0.563941,0.563941
25.0,6.0,0.7,0.7,0.01,"['AFLCA_votes', 'Disposals', 'Contested Possessions', 'Goals', 'Centre Clearances', 'Intercepts', 'Clearances', 'Marks Inside 50', 'Hitouts', 'Handballs', 'Behinds', 'Contested Marks', 'Bounces', 'Ineffective Disposals', 'Stoppage Clearances', 'Tackles Inside 50', 'Rebound 50s', 'One Percenters', 'Goal Assists', 'Uncontested Possessions', 'Frees Agains', 'Inside 50s', 'Frees For', 'Metres Gained', 'Score Involvements']",0.9575623339697504,0.483044,0.510873,0.510873,0.559448,0.543984,0.543984,305214569934317.06,319021390106929.2,319021390106929.2,17.87,19260817.0,-1.0,0.531973,0.58805,0.58805
25.0,6.0,0.7,0.7,0.01,"['AFLCA_votes', 'Disposals', 'Contested Possessions', 'Goals', 'Centre Clearances', 'Intercepts', 'Clearances', 'Marks Inside 50', 'Hitouts', 'Handballs', 'Behinds', 'Contested Marks', 'Bounces', 'Ineffective Disposals', 'Stoppage Clearances', 'Tackles Inside 50', 'Rebound 50s', 'One Percenters', 'Goal Assists', 'Uncontested Possessions', 'Frees Agains', 'Inside 50s', 'Frees For', 'Metres Gained', 'Score Involvements', 'Behind Assists']",0.96221169757485,0.483466,0.514021,0.514021,0.55922,0.54223,0.54223,298328876440347.1,306747380131570.75,306747380131570.75,18.36,19260817.0,-1.0,0.514059,0.574423,0.574423
25.0,6.0,0.7,0.7,0.01,"['AFLCA_votes', 'Disposals', 'Contested Possessions', 'Goals', 'Centre Clearances', 'Intercepts', 'Clearances', 'Marks Inside 50', 'Hitouts', 'Handballs', 'Behinds', 'Contested Marks', 'Bounces', 'Ineffective Disposals', 'Stoppage Clearances', 'Tackles Inside 50', 'Rebound 50s', 'One Percenters', 'Goal Assists', 'Uncontested Possessions', 'Frees Agains', 'Inside 50s', 'Frees For', 'Metres Gained', 'Score Involvements', 'Behind Assists', 'Tackles Outside 50']",0.9668398251654758,0.480819,0.509539,0.509539,0.560651,0.544725,0.544725,318185023417050.6,329330407272561.7,329330407272561.7,19.17,19260817.0,-1.0,0.517687,0.587002,0.587002
25.0,6.0,0.7,0.7,0.01,"['AFLCA_votes', 'Disposals', 'Contested Possessions', 'Goals', 'Centre Clearances', 'Intercepts', 'Clearances', 'Marks Inside 50', 'Hitouts', 'Handballs', 'Behinds', 'Contested Marks', 'Bounces', 'Ineffective Disposals', 'Stoppage Clearances', 'Tackles Inside 50', 'Rebound 50s', 'One Percenters', 'Goal Assists', 'Uncontested Possessions', 'Frees Agains', 'Inside 50s', 'Frees For', 'Metres Gained', 'Score Involvements', 'Behind Assists', 'Tackles Outside 50', 'Tackles']",0.9712453380319708,0.488606,0.516884,0.516884,0.556431,0.540631,0.540631,342198049377966.75,351032249174679.44,351032249174679.44,21.56,19260817.0,-1.0,0.51542,0.589099,0.589099
25.0,6.0,0.7,0.7,0.01,"['AFLCA_votes', 'Disposals', 'Contested Possessions', 'Goals', 'Centre Clearances', 'Intercepts', 'Clearances', 'Marks Inside 50', 'Hitouts', 'Handballs', 'Behinds', 'Contested Marks', 'Bounces', 'Ineffective Disposals', 'Stoppage Clearances', 'Tackles Inside 50', 'Rebound 50s', 'One Percenters', 'Goal Assists', 'Uncontested Possessions', 'Frees Agains', 'Inside 50s', 'Frees For', 'Metres Gained', 'Score Involvements', 'Behind Assists', 'Tackles Outside 50', 'Tackles', 'Clangers']",0.9750128387391142,0.487388,0.515512,0.515512,0.557093,0.541398,0.541398,309062789739645.06,318665075369718.1,318665075369718.1,21.08,19260817.0,-1.0,0.509524,0.571279,0.571279
25.0,6.0,0.7,0.7,0.01,"['AFLCA_votes', 'Disposals', 'Contested Possessions', 'Goals', 'Centre Clearances', 'Intercepts', 'Clearances', 'Marks Inside 50', 'Hitouts', 'Handballs', 'Behinds', 'Contested Marks', 'Bounces', 'Ineffective Disposals', 'Stoppage Clearances', 'Tackles Inside 50', 'Rebound 50s', 'One Percenters', 'Goal Assists', 'Uncontested Possessions', 'Frees Agains', 'Inside 50s', 'Frees For', 'Metres Gained', 'Score Involvements', 'Behind Assists', 'Tackles Outside 50', 'Tackles', 'Clangers', 'Uncontested Marks']",0.9786082458844692,0.490959,0.520132,0.520132,0.555149,0.538811,0.538811,322574625744621.3,330544332336524.8,330544332336524.8,22.89,19260817.0,-1.0,0.507937,0.574423,0.574423
25.0,6.0,0.7,0.7,0.01,"['AFLCA_votes', 'Disposals', 'Contested Possessions', 'Goals', 'Centre Clearances', 'Intercepts', 'Clearances', 'Marks Inside 50', 'Hitouts', 'Handballs', 'Behinds', 'Contested Marks', 'Bounces', 'Ineffective Disposals', 'Stoppage Clearances', 'Tackles Inside 50', 'Rebound 50s', 'One Percenters', 'Goal Assists', 'Uncontested Possessions', 'Frees Agains', 'Inside 50s', 'Frees For', 'Metres Gained', 'Score Involvements', 'Behind Assists', 'Tackles Outside 50', 'Tackles', 'Clangers', 'Uncontested Marks', 'Marks Outside 50']",0.9821571136477903,0.484234,0.51301,0.51301,0.558804,0.542794,0.542794,314946218781934.2,324482206956011.8,324482206956011.8,23.17,19260817.0,-1.0,0.518367,0.584906,0.584906
25.0,6.0,0.7,0.7,0.01,"['AFLCA_votes', 'Disposals', 'Contested Possessions', 'Goals', 'Centre Clearances', 'Intercepts', 'Clearances', 'Marks Inside 50', 'Hitouts', 'Handballs', 'Behinds', 'Contested Marks', 'Bounces', 'Ineffective Disposals', 'Stoppage Clearances', 'Tackles Inside 50', 'Rebound 50s', 'One Percenters', 'Goal Assists', 'Uncontested Possessions', 'Frees Agains', 'Inside 50s', 'Frees For', 'Metres Gained', 'Score Involvements', 'Behind Assists', 'Tackles Outside 50', 'Tackles', 'Clangers', 'Uncontested Marks', 'Marks Outside 50', 'Kicks']",0.9855366104335248,0.489066,0.519002,0.519002,0.55618,0.539445,0.539445,304817570452157.6,313717337223397.4,313717337223397.3,24.76,19260817.0,-1.0,0.517007,0.5587,0.5587
25.0,6.0,0.7,0.7,0.01,"['AFLCA_votes', 'Disposals', 'Contested Possessions', 'Goals', 'Centre Clearances', 'Intercepts', 'Clearances', 'Marks Inside 50', 'Hitouts', 'Handballs', 'Behinds', 'Contested Marks', 'Bounces', 'Ineffective Disposals', 'Stoppage Clearances', 'Tackles Inside 50', 'Rebound 50s', 'One Percenters', 'Goal Assists', 'Uncontested Possessions', 'Frees Agains', 'Inside 50s', 'Frees For', 'Metres Gained', 'Score Involvements', 'Behind Assists', 'Tackles Outside 50', 'Tackles', 'Clangers', 'Uncontested Marks', 'Marks Outside 50', 'Kicks', 'Turnovers']",0.9888737229850916,0.49248,0.521165,0.521165,0.554319,0.53823,0.53823,334802375006974.1,342756593904578.7,342756593904578.7,24.48,19260817.0,-1.0,0.512472,0.572327,0.572327
25.0,6.0,0.7,0.7,0.01,"['AFLCA_votes', 'Disposals', 'Contested Possessions', 'Goals', 'Centre Clearances', 'Intercepts', 'Clearances', 'Marks Inside 50', 'Hitouts', 'Handballs', 'Behinds', 'Contested Marks', 'Bounces', 'Ineffective Disposals', 'Stoppage Clearances', 'Tackles Inside 50', 'Rebound 50s', 'One Percenters', 'Goal Assists', 'Uncontested Possessions', 'Frees Agains', 'Inside 50s', 'Frees For', 'Metres Gained', 'Score Involvements', 'Behind Assists', 'Tackles Outside 50', 'Tackles', 'Clangers', 'Uncontested Marks', 'Marks Outside 50', 'Kicks', 'Turnovers', 'Marks']",0.9918657644199986,0.487648,0.516571,0.516571,0.556952,0.540806,0.540806,315473691275257.0,325539618915877.0,325539618915877.0,27.02,19260817.0,-1.0,0.515646,0.568134,0.568134
25.0,6.0,0.7,0.7,0.01,"['AFLCA_votes', 'Disposals', 'Contested Possessions', 'Goals', 'Centre Clearances', 'Intercepts', 'Clearances', 'Marks Inside 50', 'Hitouts', 'Handballs', 'Behinds', 'Contested Marks', 'Bounces', 'Ineffective Disposals', 'Stoppage Clearances', 'Tackles Inside 50', 'Rebound 50s', 'One Percenters', 'Goal Assists', 'Uncontested Possessions', 'Frees Agains', 'Inside 50s', 'Frees For', 'Metres Gained', 'Score Involvements', 'Behind Assists', 'Tackles Outside 50', 'Tackles', 'Clangers', 'Uncontested Marks', 'Marks Outside 50', 'Kicks', 'Turnovers', 'Marks', 'Time On Ground %']",0.9946253824061244,0.485447,0.512317,0.512317,0.558146,0.54318,0.54318,321117569549507.5,331416512983955.0,331416512983955.0,25.78,19260817.0,-1.0,0.519955,0.590147,0.590147
25.0,6.0,0.7,0.7,0.01,"['AFLCA_votes', 'Disposals', 'Contested Possessions', 'Goals', 'Centre Clearances', 'Intercepts', 'Clearances', 'Marks Inside 50', 'Hitouts', 'Handballs', 'Behinds', 'Contested Marks', 'Bounces', 'Ineffective Disposals', 'Stoppage Clearances', 'Tackles Inside 50', 'Rebound 50s', 'One Percenters', 'Goal Assists', 'Uncontested Possessions', 'Frees Agains', 'Inside 50s', 'Frees For', 'Metres Gained', 'Score Involvements', 'Behind Assists', 'Tackles Outside 50', 'Tackles', 'Clangers', 'Uncontested Marks', 'Marks Outside 50', 'Kicks', 'Turnovers', 'Marks', 'Time On Ground %', 'Effective Disposals']",0.9966894167418736,0.482006,0.510221,0.510221,0.56001,0.544346,0.544346,297332872150820.6,307997082784306.0,307997082784306.0,28.24,19260817.0,-1.0,0.517007,0.59434,0.59434
25.0,6.0,0.7,0.7,0.01,"['AFLCA_votes', 'Disposals', 'Contested Possessions', 'Goals', 'Centre Clearances', 'Intercepts', 'Clearances', 'Marks Inside 50', 'Hitouts', 'Handballs', 'Behinds', 'Contested Marks', 'Bounces', 'Ineffective Disposals', 'Stoppage Clearances', 'Tackles Inside 50', 'Rebound 50s', 'One Percenters', 'Goal Assists', 'Uncontested Possessions', 'Frees Agains', 'Inside 50s', 'Frees For', 'Metres Gained', 'Score Involvements', 'Behind Assists', 'Tackles Outside 50', 'Tackles', 'Clangers', 'Uncontested Marks', 'Marks Outside 50', 'Kicks', 'Turnovers', 'Marks', 'Time On Ground %', 'Effective Disposals', 'HomeAway']",0.9984280188842564,0.482047,0.508179,0.508179,0.559987,0.54548,0.54548,319047184328697.6,327144230303144.5,327144230303144.5,26.1,19260817.0,-1.0,0.514739,0.585954,0.585954
25.0,6.0,0.7,0.7,0.01,"['AFLCA_votes', 'Disposals', 'Contested Possessions', 'Goals', 'Centre Clearances', 'Intercepts', 'Clearances', 'Marks Inside 50', 'Hitouts', 'Handballs', 'Behinds', 'Contested Marks', 'Bounces', 'Ineffective Disposals', 'Stoppage Clearances', 'Tackles Inside 50', 'Rebound 50s', 'One Percenters', 'Goal Assists', 'Uncontested Possessions', 'Frees Agains', 'Inside 50s', 'Frees For', 'Metres Gained', 'Score Involvements', 'Behind Assists', 'Tackles Outside 50', 'Tackles', 'Clangers', 'Uncontested Marks', 'Marks Outside 50', 'Kicks', 'Turnovers', 'Marks', 'Time On Ground %', 'Effective Disposals', 'HomeAway', 'Winloss']",0.9999999999999998,0.492668,0.519809,0.519809,0.554217,0.538992,0.538992,340367405595906.7,348480484089479.94,348480484089479.9,27.52,19260817.0,-1.0,0.512245,0.571279,0.571279
25.0,3.0,0.7,0.7,0.01,"['AFLCA_votes', 'Disposals', 'Contested Possessions']",0.7562403677250018,0.468619,0.496523,0.496523,0.5672,0.551906,0.551906,270304930676204.9,282872972515812.06,282872972515812.06,2.06,19260817.0,-1.0,0.515873,0.58805,0.58805
25.0,12.0,0.7,0.7,0.01,"['AFLCA_votes', 'Disposals', 'Contested Possessions']",0.7562403677250018,0.486849,0.515668,0.515668,0.557386,0.541311,0.541311,317824303851881.6,326925650678719.6,326925650678719.6,4.64,19260817.0,-1.0,0.510884,0.589099,0.589099
25.0,24.0,0.7,0.7,0.01,"['AFLCA_votes', 'Disposals', 'Contested Possessions']",0.7562403677250018,0.486264,0.515574,0.515574,0.557704,0.541363,0.541363,313494969144572.25,323107044558993.25,323107044558993.2,20.71,19260817.0,-1.0,0.508844,0.580713,0.580713
25.0,48.0,0.7,0.7,0.01,"['AFLCA_votes', 'Disposals', 'Contested Possessions']",0.7562403677250018,0.47897,0.508585,0.508585,0.561649,0.545255,0.545255,295927103875548.2,305789258710876.3,305789258710876.3,20.78,19260817.0,-1.0,0.514286,0.591195,0.591195
25.0,96.0,0.7,0.7,0.01,"['AFLCA_votes', 'Disposals', 'Contested Possessions']",0.7562403677250018,0.47897,0.508585,0.508585,0.561649,0.545255,0.545255,295927103875548.2,305789258710876.3,305789258710876.3,22.37,19260817.0,-1.0,0.514286,0.591195,0.591195
25.0,192.0,0.7,0.7,0.01,"['AFLCA_votes', 'Disposals', 'Contested Possessions']",0.7562403677250018,0.47897,0.508585,0.508585,0.561649,0.545255,0.545255,295927103875548.2,305789258710876.3,305789258710876.3,19.97,19260817.0,-1.0,0.514286,0.591195,0.591195
25.0,6.0,0.7,0.4,0.01,"['AFLCA_votes', 'Disposals', 'Contested Possessions']",0.7562403677250018,0.434171,0.46578,0.46578,0.585296,0.568506,0.568506,327596127695159.7,341541643502771.8,341541643502771.8,1.58,19260817.0,-1.0,0.491156,0.510482,0.510482
25.0,6.0,0.7,0.55,0.01,"['AFLCA_votes', 'Disposals', 'Contested Possessions']",0.7562403677250018,0.434171,0.46578,0.46578,0.585296,0.568506,0.568506,327596127695159.7,341541643502771.8,341541643502771.8,1.62,19260817.0,-1.0,0.491156,0.510482,0.510482
25.0,6.0,0.7,0.85,0.01,"['AFLCA_votes', 'Disposals', 'Contested Possessions']",0.7562403677250018,0.482387,0.510922,0.510922,0.559804,0.543956,0.543956,333077623070206.5,344559440941718.3,344559440941718.3,3.81,19260817.0,-1.0,0.519274,0.607966,0.607966
25.0,6.0,0.4,0.7,0.01,"['AFLCA_votes', 'Disposals', 'Contested Possessions']",0.7562403677250018,0.484754,0.512049,0.512049,0.558523,0.543329,0.543329,317444345433513.75,328332494589807.4,328332494589807.4,2.01,19260817.0,-1.0,0.516327,0.591195,0.591195
25.0,6.0,0.55,0.7,0.01,"['AFLCA_votes', 'Disposals', 'Contested Possessions']",0.7562403677250018,0.481805,0.510818,0.510818,0.560118,0.544015,0.544015,321359660288861.1,331426578186591.2,331426578186591.2,2.15,19260817.0,-1.0,0.529025,0.601677,0.601677
25.0,6.0,0.85,0.7,0.01,"['AFLCA_votes', 'Disposals', 'Contested Possessions']",0.7562403677250018,0.483785,0.512638,0.512638,0.559047,0.543001,0.543001,306010730123206.25,316361812367344.75,316361812367344.75,3.24,19260817.0,-1.0,0.508617,0.578616,0.578616
50.0,6.0,0.7,0.7,0.01,"['AFLCA_votes', 'Disposals', 'Contested Possessions']",0.7562403677250018,0.484672,0.512835,0.512835,0.558567,0.542892,0.542892,327274034881924.9,337697431685300.06,337697431685300.06,6.62,19260817.0,-1.0,0.518141,0.611111,0.611111
100.0,6.0,0.7,0.7,0.01,"['AFLCA_votes', 'Disposals', 'Contested Possessions']",0.7562403677250018,0.484695,0.513679,0.513679,0.558554,0.542421,0.542421,319806991933273.06,330073917381461.06,330073917381461.06,11.93,19260817.0,-1.0,0.520862,0.607966,0.607966
200.0,6.0,0.7,0.7,0.01,"['AFLCA_votes', 'Disposals', 'Contested Possessions']",0.7562403677250018,0.485441,0.514571,0.514571,0.55815,0.541924,0.541924,314938403028766.6,324986720780867.1,324986720780867.1,22.52,19260817.0,-1.0,0.512018,0.592243,0.592243
400.0,6.0,0.7,0.7,0.01,"['AFLCA_votes', 'Disposals', 'Contested Possessions']",0.7562403677250018,0.483733,0.512599,0.512599,0.559076,0.543023,0.543023,311227245661742.8,321400450048216.44,321400450048216.44,46.68,19260817.0,-1.0,0.5161,0.611111,0.611111
50.0,6.0,0.7,0.7,1e-08,"['AFLCA_votes', 'Disposals', 'Contested Possessions']",0.7562403677250018,0.53101,0.562146,0.562146,0.532862,0.514683,0.514683,390425925854594.9,399144735368717.6,399144735368717.6,6.43,19260817.0,-1.0,0.509977,0.585954,0.585954
50.0,6.0,0.7,0.7,1e-06,"['AFLCA_votes', 'Disposals', 'Contested Possessions']",0.7562403677250018,0.53101,0.562145,0.562145,0.532862,0.514683,0.514683,390426057345856.4,399145545579729.9,399145545579729.9,5.28,19260817.0,-1.0,0.509977,0.585954,0.585954
50.0,6.0,0.7,0.7,0.0001,"['AFLCA_votes', 'Disposals', 'Contested Possessions']",0.7562403677250018,0.529774,0.562466,0.562466,0.533564,0.514495,0.514495,391074722707477.0,399506122595570.3,399506122595570.3,5.12,19260817.0,-1.0,0.510204,0.585954,0.585954
50.0,6.0,0.7,0.7,0.1,"['AFLCA_votes', 'Disposals', 'Contested Possessions']",0.7562403677250018,0.321299,0.336909,0.336909,0.641021,0.633376,0.633376,125254914674536.28,127375800171044.92,127375800171044.92,6.07,19260817.0,-1.0,0.514739,0.552411,0.552411
50.0,6.0,0.7,0.7,0.01,"['AFLCA_votes', 'Disposals', 'Contested Possessions', 'Goals']",0.7765535537689908,0.476711,0.503958,0.503958,0.562865,0.547816,0.547816,331504575490222.2,344747361471802.7,344747361471802.7,4.94,19260817.0,-1.0,0.534694,0.603774,0.603774
50.0,6.0,0.7,0.7,0.01,"['AFLCA_votes', 'Disposals', 'Contested Possessions', 'Goals', 'Centre Clearances']",0.7919471007529546,0.484322,0.512075,0.512075,0.558756,0.543315,0.543315,311607017770092.0,323502992245938.5,323502992245938.5,7.27,19260817.0,-1.0,0.534694,0.609015,0.609015
50.0,6.0,0.7,0.7,0.01,"['AFLCA_votes', 'Disposals', 'Contested Possessions', 'Goals', 'Centre Clearances', 'Intercepts']",0.8049857274440886,0.48284,0.510687,0.510687,0.559559,0.544087,0.544087,301056842943206.2,308942739926124.75,308942739926124.8,9.63,19260817.0,-1.0,0.510431,0.578616,0.578616
50.0,6.0,0.7,0.7,0.01,"['AFLCA_votes', 'Disposals', 'Contested Possessions', 'Goals', 'Centre Clearances', 'Intercepts', 'Clearances', 'Marks Inside 50']",0.8299825644950556,0.484679,0.512312,0.512312,0.558563,0.543183,0.543183,329467331170773.9,339826748373493.7,339826748373493.7,12.08,19260817.0,-1.0,0.522222,0.589099,0.589099
50.0,6.0,0.7,0.7,0.01,"['AFLCA_votes', 'Disposals', 'Contested Possessions', 'Goals', 'Centre Clearances', 'Intercepts', 'Clearances', 'Marks Inside 50', 'Hitouts']",0.8421594803742163,0.484065,0.51131,0.51131,0.558896,0.543741,0.543741,306409416992915.06,317055528779670.25,317055528779670.25,12.42,19260817.0,-1.0,0.519955,0.598532,0.598532
50.0,6.0,0.7,0.7,0.01,"['AFLCA_votes', 'Disposals', 'Contested Possessions', 'Goals', 'Centre Clearances', 'Intercepts', 'Clearances', 'Marks Inside 50', 'Hitouts', 'Handballs']",0.8541358029977908,0.487469,0.51609,0.51609,0.557049,0.541075,0.541075,305851367883374.75,314742072834412.8,314742072834412.8,16.69,19260817.0,-1.0,0.517007,0.58805,0.58805
50.0,6.0,0.7,0.7,0.01,"['AFLCA_votes', 'Disposals', 'Contested Possessions', 'Goals', 'Centre Clearances', 'Intercepts', 'Clearances', 'Marks Inside 50', 'Hitouts', 'Handballs', 'Behinds']",0.8659768297633487,0.484136,0.512864,0.512864,0.558857,0.542876,0.542876,301846841266633.1,312160922797991.5,312160922797991.5,15.54,19260817.0,-1.0,0.520408,0.600629,0.600629
50.0,6.0,0.7,0.7,0.01,"['AFLCA_votes', 'Disposals', 'Contested Possessions', 'Goals', 'Centre Clearances', 'Intercepts', 'Clearances', 'Marks Inside 50', 'Hitouts', 'Handballs', 'Behinds', 'Contested Marks']",0.8764627957636986,0.491034,0.519567,0.519567,0.555108,0.539128,0.539128,325361313385712.75,334705560012539.0,334705560012539.0,17.22,19260817.0,-1.0,0.513605,0.577568,0.577568
50.0,6.0,0.7,0.7,0.01,"['AFLCA_votes', 'Disposals', 'Contested Possessions', 'Goals', 'Centre Clearances', 'Intercepts', 'Clearances', 'Marks Inside 50', 'Hitouts', 'Handballs', 'Behinds', 'Contested Marks', 'Bounces']",0.8858545003433346,0.493724,0.523419,0.523419,0.553639,0.536962,0.536962,313150956395971.75,321477348490740.25,321477348490740.25,18.04,19260817.0,-1.0,0.508617,0.571279,0.571279
50.0,6.0,0.7,0.7,0.01,"['AFLCA_votes', 'Disposals', 'Contested Possessions', 'Goals', 'Centre Clearances', 'Intercepts', 'Clearances', 'Marks Inside 50', 'Hitouts', 'Handballs', 'Behinds', 'Contested Marks', 'Bounces', 'Ineffective Disposals']",0.8934391461254398,0.487054,0.516243,0.516243,0.557275,0.54099,0.54099,305449674017607.3,315704058026041.5,315704058026041.5,17.63,19260817.0,-1.0,0.512698,0.572327,0.572327
50.0,6.0,0.7,0.7,0.01,"['AFLCA_votes', 'Disposals', 'Contested Possessions', 'Goals', 'Centre Clearances', 'Intercepts', 'Clearances', 'Marks Inside 50', 'Hitouts', 'Handballs', 'Behinds', 'Contested Marks', 'Bounces', 'Ineffective Disposals', 'Stoppage Clearances']",0.9003977265227703,0.483927,0.51169,0.51169,0.558971,0.543529,0.543529,301872502628853.0,313110157523771.94,313110157523771.94,19.43,19260817.0,-1.0,0.529025,0.60587,0.60587
50.0,6.0,0.7,0.7,0.01,"['AFLCA_votes', 'Disposals', 'Contested Possessions', 'Goals', 'Centre Clearances', 'Intercepts', 'Clearances', 'Marks Inside 50', 'Hitouts', 'Handballs', 'Behinds', 'Contested Marks', 'Bounces', 'Ineffective Disposals', 'Stoppage Clearances', 'Tackles Inside 50']",0.906940299335011,0.493741,0.521961,0.521961,0.55363,0.537783,0.537783,329127110234751.06,339064595807087.5,339064595807087.5,21.86,19260817.0,-1.0,0.513152,0.571279,0.571279
50.0,6.0,0.7,0.7,0.01,"['AFLCA_votes', 'Disposals', 'Contested Possessions', 'Goals', 'Centre Clearances', 'Intercepts', 'Clearances', 'Marks Inside 50', 'Hitouts', 'Handballs', 'Behinds', 'Contested Marks', 'Bounces', 'Ineffective Disposals', 'Stoppage Clearances', 'Tackles Inside 50', 'Rebound 50s']",0.9130469708326392,0.487247,0.51577,0.51577,0.55717,0.541254,0.541254,336996189009896.1,347916862856461.9,347916862856461.9,20.34,19260817.0,-1.0,0.524036,0.596436,0.596436
50.0,6.0,0.7,0.7,0.01,"['AFLCA_votes', 'Disposals', 'Contested Possessions', 'Goals', 'Centre Clearances', 'Intercepts', 'Clearances', 'Marks Inside 50', 'Hitouts', 'Handballs', 'Behinds', 'Contested Marks', 'Bounces', 'Ineffective Disposals', 'Stoppage Clearances', 'Tackles Inside 50', 'Rebound 50s', 'One Percenters']",0.919120335160259,0.483779,0.510911,0.510911,0.559051,0.543963,0.543963,316863256545117.6,326572576278509.06,326572576278509.06,23.34,19260817.0,-1.0,0.520635,0.597484,0.597484
50.0,6.0,0.7,0.7,0.01,"['AFLCA_votes', 'Disposals', 'Contested Possessions', 'Goals', 'Centre Clearances', 'Intercepts', 'Clearances', 'Marks Inside 50', 'Hitouts', 'Handballs', 'Behinds', 'Contested Marks', 'Bounces', 'Ineffective Disposals', 'Stoppage Clearances', 'Tackles Inside 50', 'Rebound 50s', 'One Percenters', 'Goal Assists']",0.924898549042972,0.481298,0.510419,0.510419,0.560393,0.544236,0.544236,279088793549825.03,290102153254148.25,290102153254148.25,25.16,19260817.0,-1.0,0.536961,0.599581,0.599581
50.0,6.0,0.7,0.7,0.01,"['AFLCA_votes', 'Disposals', 'Contested Possessions', 'Goals', 'Centre Clearances', 'Intercepts', 'Clearances', 'Marks Inside 50', 'Hitouts', 'Handballs', 'Behinds', 'Contested Marks', 'Bounces', 'Ineffective Disposals', 'Stoppage Clearances', 'Tackles Inside 50', 'Rebound 50s', 'One Percenters', 'Goal Assists', 'Uncontested Possessions']",0.9306217431588558,0.490706,0.519998,0.519998,0.555287,0.538886,0.538886,295772432212899.9,303969781621703.6,303969781621703.6,26.62,19260817.0,-1.0,0.507937,0.572327,0.572327
50.0,6.0,0.7,0.7,0.01,"['AFLCA_votes', 'Disposals', 'Contested Possessions', 'Goals', 'Centre Clearances', 'Intercepts', 'Clearances', 'Marks Inside 50', 'Hitouts', 'Handballs', 'Behinds', 'Contested Marks', 'Bounces', 'Ineffective Disposals', 'Stoppage Clearances', 'Tackles Inside 50', 'Rebound 50s', 'One Percenters', 'Goal Assists', 'Uncontested Possessions', 'Frees Agains']",0.9362167668092988,0.483191,0.511556,0.511556,0.559369,0.543604,0.543604,315548364957265.7,325418405819404.5,325418405819404.5,26.2,19260817.0,-1.0,0.536054,0.598532,0.598532
50.0,6.0,0.7,0.7,0.01,"['AFLCA_votes', 'Disposals', 'Contested Possessions', 'Goals', 'Centre Clearances', 'Intercepts', 'Clearances', 'Marks Inside 50', 'Hitouts', 'Handballs', 'Behinds', 'Contested Marks', 'Bounces', 'Ineffective Disposals', 'Stoppage Clearances', 'Tackles Inside 50', 'Rebound 50s', 'One Percenters', 'Goal Assists', 'Uncontested Possessions', 'Frees Agains', 'Inside 50s']",0.9417404842109904,0.48691,0.514566,0.514566,0.557353,0.541926,0.541926,313708546947069.3,322739774191883.44,322739774191883.44,31.32,19260817.0,-1.0,0.515646,0.578616,0.578616
50.0,6.0,0.7,0.7,0.01,"['AFLCA_votes', 'Disposals', 'Contested Possessions', 'Goals', 'Centre Clearances', 'Intercepts', 'Clearances', 'Marks Inside 50', 'Hitouts', 'Handballs', 'Behinds', 'Contested Marks', 'Bounces', 'Ineffective Disposals', 'Stoppage Clearances', 'Tackles Inside 50', 'Rebound 50s', 'One Percenters', 'Goal Assists', 'Uncontested Possessions', 'Frees Agains', 'Inside 50s', 'Frees For']",0.9470934756360015,0.48758,0.516333,0.516333,0.556988,0.540939,0.540939,303405212000477.44,311201147311065.8,311201147311065.8,29.6,19260817.0,-1.0,0.507937,0.578616,0.578616
50.0,6.0,0.7,0.7,0.01,"['AFLCA_votes', 'Disposals', 'Contested Possessions', 'Goals', 'Centre Clearances', 'Intercepts', 'Clearances', 'Marks Inside 50', 'Hitouts', 'Handballs', 'Behinds', 'Contested Marks', 'Bounces', 'Ineffective Disposals', 'Stoppage Clearances', 'Tackles Inside 50', 'Rebound 50s', 'One Percenters', 'Goal Assists', 'Uncontested Possessions', 'Frees Agains', 'Inside 50s', 'Frees For', 'Metres Gained']",0.9523402288050722,0.486377,0.514506,0.514506,0.557642,0.54196,0.54196,299753825568135.44,309606004586515.1,309606004586515.1,31.75,19260817.0,-1.0,0.513605,0.589099,0.589099
50.0,6.0,0.7,0.7,0.01,"['AFLCA_votes', 'Disposals', 'Contested Possessions', 'Goals', 'Centre Clearances', 'Intercepts', 'Clearances', 'Marks Inside 50', 'Hitouts', 'Handballs', 'Behinds', 'Contested Marks', 'Bounces', 'Ineffective Disposals', 'Stoppage Clearances', 'Tackles Inside 50', 'Rebound 50s', 'One Percenters', 'Goal Assists', 'Uncontested Possessions', 'Frees Agains', 'Inside 50s', 'Frees For', 'Metres Gained', 'Score Involvements']",0.9575623339697504,0.484342,0.512364,0.512364,0.558746,0.543154,0.543154,301570508916078.6,314073390481290.06,314073390481290.06,34.48,19260817.0,-1.0,0.51678,0.592243,0.592243
50.0,6.0,0.7,0.7,0.01,"['AFLCA_votes', 'Disposals', 'Contested Possessions', 'Goals', 'Centre Clearances', 'Intercepts', 'Clearances', 'Marks Inside 50', 'Hitouts', 'Handballs', 'Behinds', 'Contested Marks', 'Bounces', 'Ineffective Disposals', 'Stoppage Clearances', 'Tackles Inside 50', 'Rebound 50s', 'One Percenters', 'Goal Assists', 'Uncontested Possessions', 'Frees Agains', 'Inside 50s', 'Frees For', 'Metres Gained', 'Score Involvements', 'Behind Assists']",0.96221169757485,0.486463,0.514762,0.514762,0.557596,0.541817,0.541817,301578638430597.0,310176484592784.25,310176484592784.25,38.16,19260817.0,-1.0,0.514512,0.575472,0.575472
50.0,6.0,0.7,0.7,0.01,"['AFLCA_votes', 'Disposals', 'Contested Possessions', 'Goals', 'Centre Clearances', 'Intercepts', 'Clearances', 'Marks Inside 50', 'Hitouts', 'Handballs', 'Behinds', 'Contested Marks', 'Bounces', 'Ineffective Disposals', 'Stoppage Clearances', 'Tackles Inside 50', 'Rebound 50s', 'One Percenters', 'Goal Assists', 'Uncontested Possessions', 'Frees Agains', 'Inside 50s', 'Frees For', 'Metres Gained', 'Score Involvements', 'Behind Assists', 'Tackles Outside 50']",0.9668398251654758,0.485715,0.514404,0.514404,0.558001,0.542017,0.542017,310700037100048.8,322019519674096.25,322019519674096.25,35.1,19260817.0,-1.0,0.527438,0.610063,0.610063
50.0,6.0,0.7,0.7,0.01,"['AFLCA_votes', 'Disposals', 'Contested Possessions', 'Goals', 'Centre Clearances', 'Intercepts', 'Clearances', 'Marks Inside 50', 'Hitouts', 'Handballs', 'Behinds', 'Contested Marks', 'Bounces', 'Ineffective Disposals', 'Stoppage Clearances', 'Tackles Inside 50', 'Rebound 50s', 'One Percenters', 'Goal Assists', 'Uncontested Possessions', 'Frees Agains', 'Inside 50s', 'Frees For', 'Metres Gained', 'Score Involvements', 'Behind Assists', 'Tackles Outside 50', 'Tackles']",0.9712453380319708,0.488787,0.51772,0.51772,0.556332,0.540163,0.540163,309144225003127.7,317761848830311.3,317761848830311.3,38.38,19260817.0,-1.0,0.512925,0.585954,0.585954
50.0,6.0,0.7,0.7,0.01,"['AFLCA_votes', 'Disposals', 'Contested Possessions', 'Goals', 'Centre Clearances', 'Intercepts', 'Clearances', 'Marks Inside 50', 'Hitouts', 'Handballs', 'Behinds', 'Contested Marks', 'Bounces', 'Ineffective Disposals', 'Stoppage Clearances', 'Tackles Inside 50', 'Rebound 50s', 'One Percenters', 'Goal Assists', 'Uncontested Possessions', 'Frees Agains', 'Inside 50s', 'Frees For', 'Metres Gained', 'Score Involvements', 'Behind Assists', 'Tackles Outside 50', 'Tackles', 'Clangers']",0.9750128387391142,0.492447,0.520773,0.520773,0.554337,0.53845,0.53845,308348526977621.75,316289940414501.44,316289940414501.4,40.44,19260817.0,-1.0,0.508163,0.574423,0.574423
50.0,6.0,0.7,0.7,0.01,"['AFLCA_votes', 'Disposals', 'Contested Possessions', 'Goals', 'Centre Clearances', 'Intercepts', 'Clearances', 'Marks Inside 50', 'Hitouts', 'Handballs', 'Behinds', 'Contested Marks', 'Bounces', 'Ineffective Disposals', 'Stoppage Clearances', 'Tackles Inside 50', 'Rebound 50s', 'One Percenters', 'Goal Assists', 'Uncontested Possessions', 'Frees Agains', 'Inside 50s', 'Frees For', 'Metres Gained', 'Score Involvements', 'Behind Assists', 'Tackles Outside 50', 'Tackles', 'Clangers', 'Uncontested Marks']",0.9786082458844692,0.489785,0.51826,0.51826,0.555789,0.53986,0.53986,323979513688535.0,332568995648913.0,332568995648913.0,45.84,19260817.0,-1.0,0.508163,0.578616,0.578616
50.0,6.0,0.7,0.7,0.01,"['AFLCA_votes', 'Disposals', 'Contested Possessions', 'Goals', 'Centre Clearances', 'Intercepts', 'Clearances', 'Marks Inside 50', 'Hitouts', 'Handballs', 'Behinds', 'Contested Marks', 'Bounces', 'Ineffective Disposals', 'Stoppage Clearances', 'Tackles Inside 50', 'Rebound 50s', 'One Percenters', 'Goal Assists', 'Uncontested Possessions', 'Frees Agains', 'Inside 50s', 'Frees For', 'Metres Gained', 'Score Involvements', 'Behind Assists', 'Tackles Outside 50', 'Tackles', 'Clangers', 'Uncontested Marks', 'Marks Outside 50']",0.9821571136477903,0.485559,0.5144,0.5144,0.558086,0.542019,0.542019,300833886025148.6,310414601175956.2,310414601175956.2,42.93,19260817.0,-1.0,0.51746,0.593291,0.593291
50.0,6.0,0.7,0.7,0.01,"['AFLCA_votes', 'Disposals', 'Contested Possessions', 'Goals', 'Centre Clearances', 'Intercepts', 'Clearances', 'Marks Inside 50', 'Hitouts', 'Handballs', 'Behinds', 'Contested Marks', 'Bounces', 'Ineffective Disposals', 'Stoppage Clearances', 'Tackles Inside 50', 'Rebound 50s', 'One Percenters', 'Goal Assists', 'Uncontested Possessions', 'Frees Agains', 'Inside 50s', 'Frees For', 'Metres Gained', 'Score Involvements', 'Behind Assists', 'Tackles Outside 50', 'Tackles', 'Clangers', 'Uncontested Marks', 'Marks Outside 50', 'Kicks']",0.9855366104335248,0.492099,0.521082,0.521082,0.554527,0.538277,0.538277,303222643262326.25,310562957243937.44,310562957243937.44,46.95,19260817.0,-1.0,0.507937,0.571279,0.571279
50.0,6.0,0.7,0.7,0.01,"['AFLCA_votes', 'Disposals', 'Contested Possessions', 'Goals', 'Centre Clearances', 'Intercepts', 'Clearances', 'Marks Inside 50', 'Hitouts', 'Handballs', 'Behinds', 'Contested Marks', 'Bounces', 'Ineffective Disposals', 'Stoppage Clearances', 'Tackles Inside 50', 'Rebound 50s', 'One Percenters', 'Goal Assists', 'Uncontested Possessions', 'Frees Agains', 'Inside 50s', 'Frees For', 'Metres Gained', 'Score Involvements', 'Behind Assists', 'Tackles Outside 50', 'Tackles', 'Clangers', 'Uncontested Marks', 'Marks Outside 50', 'Kicks', 'Turnovers']",0.9888737229850916,0.491099,0.518578,0.518578,0.555073,0.539682,0.539682,330623026110528.0,339527994129669.1,339527994129669.0,48.16,19260817.0,-1.0,0.511565,0.584906,0.584906
50.0,6.0,0.7,0.7,0.01,"['AFLCA_votes', 'Disposals', 'Contested Possessions', 'Goals', 'Centre Clearances', 'Intercepts', 'Clearances', 'Marks Inside 50', 'Hitouts', 'Handballs', 'Behinds', 'Contested Marks', 'Bounces', 'Ineffective Disposals', 'Stoppage Clearances', 'Tackles Inside 50', 'Rebound 50s', 'One Percenters', 'Goal Assists', 'Uncontested Possessions', 'Frees Agains', 'Inside 50s', 'Frees For', 'Metres Gained', 'Score Involvements', 'Behind Assists', 'Tackles Outside 50', 'Tackles', 'Clangers', 'Uncontested Marks', 'Marks Outside 50', 'Kicks', 'Turnovers', 'Marks']",0.9918657644199986,0.486782,0.515437,0.515437,0.557422,0.54144,0.54144,304350696411107.75,314440869567412.56,314440869567412.56,49.54,19260817.0,-1.0,0.52585,0.579665,0.579665
50.0,6.0,0.7,0.7,0.01,"['AFLCA_votes', 'Disposals', 'Contested Possessions', 'Goals', 'Centre Clearances', 'Intercepts', 'Clearances', 'Marks Inside 50', 'Hitouts', 'Handballs', 'Behinds', 'Contested Marks', 'Bounces', 'Ineffective Disposals', 'Stoppage Clearances', 'Tackles Inside 50', 'Rebound 50s', 'One Percenters', 'Goal Assists', 'Uncontested Possessions', 'Frees Agains', 'Inside 50s', 'Frees For', 'Metres Gained', 'Score Involvements', 'Behind Assists', 'Tackles Outside 50', 'Tackles', 'Clangers', 'Uncontested Marks', 'Marks Outside 50', 'Kicks', 'Turnovers', 'Marks', 'Time On Ground %']",0.9946253824061244,0.485013,0.511603,0.511603,0.558382,0.543578,0.543578,314882888780114.94,324751761824915.06,324751761824915.06,49.4,19260817.0,-1.0,0.527438,0.597484,0.597484
50.0,6.0,0.7,0.7,0.01,"['AFLCA_votes', 'Disposals', 'Contested Possessions', 'Goals', 'Centre Clearances', 'Intercepts', 'Clearances', 'Marks Inside 50', 'Hitouts', 'Handballs', 'Behinds', 'Contested Marks', 'Bounces', 'Ineffective Disposals', 'Stoppage Clearances', 'Tackles Inside 50', 'Rebound 50s', 'One Percenters', 'Goal Assists', 'Uncontested Possessions', 'Frees Agains', 'Inside 50s', 'Frees For', 'Metres Gained', 'Score Involvements', 'Behind Assists', 'Tackles Outside 50', 'Tackles', 'Clangers', 'Uncontested Marks', 'Marks Outside 50', 'Kicks', 'Turnovers', 'Marks', 'Time On Ground %', 'Effective Disposals']",0.9966894167418736,0.482638,0.510454,0.510454,0.559668,0.544217,0.544217,295348604274751.4,306602775692898.7,306602775692898.7,53.59,19260817.0,-1.0,0.528345,0.587002,0.587002
50.0,6.0,0.7,0.7,0.01,"['AFLCA_votes', 'Disposals', 'Contested Possessions', 'Goals', 'Centre Clearances', 'Intercepts', 'Clearances', 'Marks Inside 50', 'Hitouts', 'Handballs', 'Behinds', 'Contested Marks', 'Bounces', 'Ineffective Disposals', 'Stoppage Clearances', 'Tackles Inside 50', 'Rebound 50s', 'One Percenters', 'Goal Assists', 'Uncontested Possessions', 'Frees Agains', 'Inside 50s', 'Frees For', 'Metres Gained', 'Score Involvements', 'Behind Assists', 'Tackles Outside 50', 'Tackles', 'Clangers', 'Uncontested Marks', 'Marks Outside 50', 'Kicks', 'Turnovers', 'Marks', 'Time On Ground %', 'Effective Disposals', 'HomeAway']",0.9984280188842564,0.487165,0.514916,0.514916,0.557214,0.541731,0.541731,311739916680649.0,320688220661931.25,320688220661931.25,51.0,19260817.0,-1.0,0.513832,0.583857,0.583857
50.0,6.0,0.7,0.7,0.01,"['AFLCA_votes', 'Disposals', 'Contested Possessions', 'Goals', 'Centre Clearances', 'Intercepts', 'Clearances', 'Marks Inside 50', 'Hitouts', 'Handballs', 'Behinds', 'Contested Marks', 'Bounces', 'Ineffective Disposals', 'Stoppage Clearances', 'Tackles Inside 50', 'Rebound 50s', 'One Percenters', 'Goal Assists', 'Uncontested Possessions', 'Frees Agains', 'Inside 50s', 'Frees For', 'Metres Gained', 'Score Involvements', 'Behind Assists', 'Tackles Outside 50', 'Tackles', 'Clangers', 'Uncontested Marks', 'Marks Outside 50', 'Kicks', 'Turnovers', 'Marks', 'Time On Ground %', 'Effective Disposals', 'HomeAway', 'Winloss']",0.9999999999999998,0.493368,0.520706,0.520706,0.553834,0.538488,0.538488,333381976207706.4,340953857485837.06,340953857485837.06,54.92,19260817.0,-1.0,0.511791,0.577568,0.577568
50.0,3.0,0.7,0.7,0.01,"['AFLCA_votes', 'Disposals', 'Contested Possessions']",0.7562403677250018,0.469276,0.496512,0.496512,0.566849,0.551912,0.551912,259506300623821.84,272123473225318.56,272123473225318.53,2.74,19260817.0,-1.0,0.516327,0.591195,0.591195
50.0,24.0,0.7,0.7,0.01,"['AFLCA_votes', 'Disposals', 'Contested Possessions']",0.7562403677250018,0.48484,0.513508,0.513508,0.558476,0.542516,0.542516,307673412064275.8,318209495713990.4,318209495713990.4,39.53,19260817.0,-1.0,0.520862,0.607966,0.607966
50.0,48.0,0.7,0.7,0.01,"['AFLCA_votes', 'Disposals', 'Contested Possessions']",0.7562403677250018,0.482698,0.511759,0.511759,0.559636,0.543491,0.543491,297579313242717.7,307324953781764.8,307324953781764.8,39.78,19260817.0,-1.0,0.514966,0.591195,0.591195
50.0,96.0,0.7,0.7,0.01,"['AFLCA_votes', 'Disposals', 'Contested Possessions']",0.7562403677250018,0.482698,0.511759,0.511759,0.559636,0.543491,0.543491,297579313242717.7,307324953781764.8,307324953781764.8,41.2,19260817.0,-1.0,0.514966,0.591195,0.591195
50.0,192.0,0.7,0.7,0.01,"['AFLCA_votes', 'Disposals', 'Contested Possessions']",0.7562403677250018,0.482698,0.511759,0.511759,0.559636,0.543491,0.543491,297579313242717.7,307324953781764.8,307324953781764.8,39.55,19260817.0,-1.0,0.514966,0.591195,0.591195
50.0,6.0,0.7,0.4,0.01,"['AFLCA_votes', 'Disposals', 'Contested Possessions']",0.7562403677250018,0.440701,0.470391,0.470391,0.581909,0.566048,0.566048,329161033071982.44,344962739876771.3,344962739876771.3,3.12,19260817.0,-1.0,0.524036,0.532495,0.532495
50.0,6.0,0.7,0.55,0.01,"['AFLCA_votes', 'Disposals', 'Contested Possessions']",0.7562403677250018,0.440701,0.470391,0.470391,0.581909,0.566048,0.566048,329161033071982.44,344962739876771.3,344962739876771.3,3.34,19260817.0,-1.0,0.524036,0.532495,0.532495
50.0,6.0,0.7,0.85,0.01,"['AFLCA_votes', 'Disposals', 'Contested Possessions']",0.7562403677250018,0.484672,0.512835,0.512835,0.558567,0.542892,0.542892,327274034881924.9,337697431685300.06,337697431685300.06,5.13,19260817.0,-1.0,0.518141,0.611111,0.611111
50.0,6.0,0.4,0.7,0.01,"['AFLCA_votes', 'Disposals', 'Contested Possessions']",0.7562403677250018,0.484566,0.512074,0.512074,0.558624,0.543316,0.543316,328725590711312.44,339537855111656.6,339537855111656.6,4.54,19260817.0,-1.0,0.519048,0.591195,0.591195
50.0,6.0,0.55,0.7,0.01,"['AFLCA_votes', 'Disposals', 'Contested Possessions']",0.7562403677250018,0.483972,0.512354,0.512354,0.558946,0.54316,0.54316,324807104998740.06,335795395760289.8,335795395760289.9,4.41,19260817.0,-1.0,0.522222,0.610063,0.610063
50.0,6.0,0.85,0.7,0.01,"['AFLCA_votes', 'Disposals', 'Contested Possessions']",0.7562403677250018,0.484682,0.513415,0.513415,0.558562,0.542568,0.542568,314344855891423.6,325331745450833.8,325331745450833.8,6.18,19260817.0,-1.0,0.512245,0.598532,0.598532
25.0,3.0,0.7,0.7,0.01,"['AFLCA_votes', 'Disposals', 'Contested Possessions', 'Goals', 'Centre Clearances', 'Intercepts', 'Clearances']",0.8175406880045384,0.450237,0.479518,0.479518,0.576927,0.561149,0.561149,265179512304234.97,282843303865557.25,282843303865557.25,2.12,19260817.0,-1.0,0.529478,0.551363,0.551363
25.0,12.0,0.7,0.7,0.01,"['AFLCA_votes', 'Disposals', 'Contested Possessions', 'Goals', 'Centre Clearances', 'Intercepts', 'Clearances']",0.8175406880045384,0.47049,0.498668,0.498668,0.566201,0.550729,0.550729,324951547338363.5,339366117111866.8,339366117111866.8,7.3,19260817.0,-1.0,0.529932,0.585954,0.585954
25.0,24.0,0.7,0.7,0.01,"['AFLCA_votes', 'Disposals', 'Contested Possessions', 'Goals', 'Centre Clearances', 'Intercepts', 'Clearances']",0.8175406880045384,0.476113,0.503349,0.503349,0.563187,0.548152,0.548152,337707584617383.2,352169111925559.9,352169111925559.9,51.87,19260817.0,-1.0,0.535147,0.596436,0.596436
25.0,48.0,0.7,0.7,0.01,"['AFLCA_votes', 'Disposals', 'Contested Possessions', 'Goals', 'Centre Clearances', 'Intercepts', 'Clearances']",0.8175406880045384,0.476056,0.504681,0.504681,0.563217,0.547416,0.547416,319469851631939.56,335312966253581.06,335312966253581.06,87.6,19260817.0,-1.0,0.522449,0.583857,0.583857
25.0,96.0,0.7,0.7,0.01,"['AFLCA_votes', 'Disposals', 'Contested Possessions', 'Goals', 'Centre Clearances', 'Intercepts', 'Clearances']",0.8175406880045384,0.477006,0.505821,0.505821,0.562706,0.546786,0.546786,318979220221447.7,334836538770004.7,334836538770004.7,89.39,19260817.0,-1.0,0.522449,0.583857,0.583857
25.0,192.0,0.7,0.7,0.01,"['AFLCA_votes', 'Disposals', 'Contested Possessions', 'Goals', 'Centre Clearances', 'Intercepts', 'Clearances']",0.8175406880045384,0.477006,0.505821,0.505821,0.562706,0.546786,0.546786,318979220221447.7,334836538770004.7,334836538770004.7,89.84,19260817.0,-1.0,0.522449,0.583857,0.583857
25.0,6.0,0.7,0.4,0.01,"['AFLCA_votes', 'Disposals', 'Contested Possessions', 'Goals', 'Centre Clearances', 'Intercepts', 'Clearances']",0.8175406880045384,0.434486,0.460408,0.460408,0.585133,0.571358,0.571358,345490898372386.1,362079791908555.4,362079791908555.4,2.88,19260817.0,-1.0,0.501361,0.504193,0.504193
25.0,6.0,0.7,0.55,0.01,"['AFLCA_votes', 'Disposals', 'Contested Possessions', 'Goals', 'Centre Clearances', 'Intercepts', 'Clearances']",0.8175406880045384,0.454259,0.478494,0.478494,0.574813,0.561701,0.561701,331926552962234.3,350268912170665.56,350268912170665.56,2.88,19260817.0,-1.0,0.540136,0.578616,0.578616
25.0,6.0,0.7,0.85,0.01,"['AFLCA_votes', 'Disposals', 'Contested Possessions', 'Goals', 'Centre Clearances', 'Intercepts', 'Clearances']",0.8175406880045384,0.488548,0.518333,0.518333,0.556462,0.539819,0.539819,304907071957601.3,314616863004475.8,314616863004475.8,5.79,19260817.0,-1.0,0.512472,0.583857,0.583857
25.0,6.0,0.4,0.7,0.01,"['AFLCA_votes', 'Disposals', 'Contested Possessions', 'Goals', 'Centre Clearances', 'Intercepts', 'Clearances']",0.8175406880045384,0.476896,0.504179,0.504179,0.562766,0.547694,0.547694,356373650006945.8,371629663770723.7,371629663770723.7,2.57,19260817.0,-1.0,0.531293,0.60587,0.60587
25.0,6.0,0.55,0.7,0.01,"['AFLCA_votes', 'Disposals', 'Contested Possessions', 'Goals', 'Centre Clearances', 'Intercepts', 'Clearances']",0.8175406880045384,0.477177,0.50505,0.50505,0.562614,0.547212,0.547212,352806032203830.7,368634346355296.56,368634346355296.56,4.36,19260817.0,-1.0,0.535601,0.585954,0.585954
25.0,6.0,0.85,0.7,0.01,"['AFLCA_votes', 'Disposals', 'Contested Possessions', 'Goals', 'Centre Clearances', 'Intercepts', 'Clearances']",0.8175406880045384,0.477545,0.505368,0.505368,0.562416,0.547036,0.547036,321554243495469.56,336367236080726.56,336367236080726.56,3.88,19260817.0,-1.0,0.541723,0.592243,0.592243
