n_estimators,max_depth,subsample,colsample_bytree,gamma,eta,features,feature combo ningxiang score,Train r2,Val r2,Test r2,Train RMSE,Val RMSE,Test RMSE,Train MAPE,Val MAPE,Test MAPE,Time,random_state,Train Brownlow Metric,Val Brownlow Metric,Test Brownlow Metric
50.0,12.0,0.7,0.7,0.01,0.01,"['AFLCA_votes', 'Disposals', 'Contested Possessions']",0.7562403677250018,0.10898,0.126624,0.126624,0.734475,0.726902,0.726902,1194459647542492.2,1197597995465656.8,1197597995465656.8,22.56,19260817.0,0.530839,0.571279,0.571279
50.0,12.0,0.7,0.7,0.01,0.01,"['AFLCA_votes', 'Disposals', 'Contested Possessions', 'Goals']",0.7765535537689908,0.121957,0.139429,0.139429,0.729107,0.721554,0.721554,1192701669039321.0,1195116334675209.0,1195116334675209.0,20.54,19260817.0,0.547392,0.550314,0.550314
50.0,12.0,0.7,0.7,0.01,0.01,"['AFLCA_votes', 'Disposals', 'Contested Possessions', 'Goals', 'Centre Clearances']",0.7919471007529546,0.147801,0.152374,0.152374,0.718296,0.716106,0.716106,1192793229190545.0,1199794581558763.8,1199794581558763.8,28.87,19260817.0,0.563492,0.560797,0.560797
50.0,12.0,0.7,0.7,0.01,0.01,"['AFLCA_votes', 'Disposals', 'Contested Possessions', 'Goals', 'Centre Clearances', 'Intercepts']",0.8049857274440886,0.194436,0.184844,0.184844,0.698366,0.702256,0.702256,1195242725085716.5,1206154451006953.5,1206154451006953.5,33.7,19260817.0,0.571429,0.568134,0.568134
50.0,12.0,0.7,0.7,0.01,0.01,"['AFLCA_votes', 'Disposals', 'Contested Possessions', 'Goals', 'Centre Clearances', 'Intercepts', 'Clearances']",0.8175406880045384,0.128259,0.12462,0.12462,0.726486,0.727735,0.727735,1189250168066415.5,1198180870006945.8,1198180870006945.8,33.96,19260817.0,0.588209,0.574423,0.574423
50.0,12.0,0.7,0.7,0.01,0.01,"['AFLCA_votes', 'Disposals', 'Contested Possessions', 'Goals', 'Centre Clearances', 'Intercepts', 'Clearances', 'Marks Inside 50']",0.8299825644950556,0.189578,0.169396,0.169396,0.700469,0.708879,0.708879,1191076380658636.2,1204631791386683.5,1204631791386683.5,38.5,19260817.0,0.589342,0.556604,0.556604
50.0,12.0,0.7,0.7,0.01,0.01,"['AFLCA_votes', 'Disposals', 'Contested Possessions', 'Goals', 'Centre Clearances', 'Intercepts', 'Clearances', 'Marks Inside 50', 'Hitouts']",0.8421594803742163,0.203573,0.175473,0.175473,0.694395,0.706281,0.706281,1191068897653073.0,1206499451622914.8,1206499451622914.8,42.58,19260817.0,0.608163,0.561845,0.561845
50.0,12.0,0.7,0.7,0.01,0.01,"['AFLCA_votes', 'Disposals', 'Contested Possessions', 'Goals', 'Centre Clearances', 'Intercepts', 'Clearances', 'Marks Inside 50', 'Hitouts', 'Handballs']",0.8541358029977908,0.21942,0.185832,0.185832,0.687452,0.70183,0.70183,1190949260326219.0,1209107968258393.0,1209107968258393.0,46.13,19260817.0,0.61678,0.551363,0.551363
50.0,12.0,0.7,0.7,0.01,0.01,"['AFLCA_votes', 'Disposals', 'Contested Possessions', 'Goals', 'Centre Clearances', 'Intercepts', 'Clearances', 'Marks Inside 50', 'Hitouts', 'Handballs', 'Behinds']",0.8659768297633487,0.201534,0.170028,0.170028,0.695283,0.708609,0.708609,1189047742854020.5,1204978200262256.5,1204978200262256.5,45.86,19260817.0,0.61542,0.554507,0.554507
50.0,12.0,0.7,0.7,0.01,0.01,"['AFLCA_votes', 'Disposals', 'Contested Possessions', 'Goals', 'Centre Clearances', 'Intercepts', 'Clearances', 'Marks Inside 50', 'Hitouts', 'Handballs', 'Behinds', 'Contested Marks']",0.8764627957636986,0.218716,0.182877,0.182877,0.687761,0.703103,0.703103,1189519937883457.0,1208414361994693.0,1208414361994693.0,48.58,19260817.0,0.610204,0.552411,0.552411
50.0,12.0,0.7,0.7,0.01,0.01,"['AFLCA_votes', 'Disposals', 'Contested Possessions', 'Goals', 'Centre Clearances', 'Intercepts', 'Clearances', 'Marks Inside 50', 'Hitouts', 'Handballs', 'Behinds', 'Contested Marks', 'Bounces']",0.8858545003433346,0.225978,0.18436,0.18436,0.684557,0.702465,0.702465,1189264241612694.2,1208622590554889.2,1208622590554889.2,54.6,19260817.0,0.621315,0.566038,0.566038
50.0,12.0,0.7,0.7,0.01,0.01,"['AFLCA_votes', 'Disposals', 'Contested Possessions', 'Goals', 'Centre Clearances', 'Intercepts', 'Clearances', 'Marks Inside 50', 'Hitouts', 'Handballs', 'Behinds', 'Contested Marks', 'Bounces', 'Ineffective Disposals']",0.8934391461254398,0.227098,0.18371,0.18371,0.684062,0.702744,0.702744,1189444413491019.0,1208544272591068.2,1208544272591068.2,58.42,19260817.0,0.610658,0.532495,0.532495
50.0,12.0,0.7,0.7,0.01,0.01,"['AFLCA_votes', 'Disposals', 'Contested Possessions', 'Goals', 'Centre Clearances', 'Intercepts', 'Clearances', 'Marks Inside 50', 'Hitouts', 'Handballs', 'Behinds', 'Contested Marks', 'Bounces', 'Ineffective Disposals', 'Stoppage Clearances']",0.9003977265227703,0.232098,0.184532,0.184532,0.681846,0.70239,0.70239,1188904431837923.5,1208589420611651.8,1208589420611651.8,57.82,19260817.0,0.624036,0.538784,0.538784
50.0,12.0,0.7,0.7,0.01,0.01,"['AFLCA_votes', 'Disposals', 'Contested Possessions', 'Goals', 'Centre Clearances', 'Intercepts', 'Clearances', 'Marks Inside 50', 'Hitouts', 'Handballs', 'Behinds', 'Contested Marks', 'Bounces', 'Ineffective Disposals', 'Stoppage Clearances', 'Tackles Inside 50']",0.906940299335011,0.23172,0.182197,0.182197,0.682014,0.703396,0.703396,1188976394302660.8,1208489297580873.8,1208489297580873.8,64.17,19260817.0,0.626984,0.555556,0.555556
50.0,12.0,0.7,0.7,0.01,0.01,"['AFLCA_votes', 'Disposals', 'Contested Possessions', 'Goals', 'Centre Clearances', 'Intercepts', 'Clearances', 'Marks Inside 50', 'Hitouts', 'Handballs', 'Behinds', 'Contested Marks', 'Bounces', 'Ineffective Disposals', 'Stoppage Clearances', 'Tackles Inside 50', 'Rebound 50s']",0.9130469708326392,0.221405,0.17324,0.17324,0.686577,0.707237,0.707237,1187947425286956.5,1205997666993819.5,1205997666993819.5,64.36,19260817.0,0.629252,0.560797,0.560797
50.0,12.0,0.7,0.7,0.01,0.01,"['AFLCA_votes', 'Disposals', 'Contested Possessions', 'Goals', 'Centre Clearances', 'Intercepts', 'Clearances', 'Marks Inside 50', 'Hitouts', 'Handballs', 'Behinds', 'Contested Marks', 'Bounces', 'Ineffective Disposals', 'Stoppage Clearances', 'Tackles Inside 50', 'Rebound 50s', 'One Percenters']",0.919120335160259,0.223755,0.174901,0.174901,0.68554,0.706526,0.706526,1188979989710161.0,1206131219543962.0,1206131219543962.0,65.53,19260817.0,0.623356,0.548218,0.548218
50.0,12.0,0.7,0.7,0.01,0.01,"['AFLCA_votes', 'Disposals', 'Contested Possessions', 'Goals', 'Centre Clearances', 'Intercepts', 'Clearances', 'Marks Inside 50', 'Hitouts', 'Handballs', 'Behinds', 'Contested Marks', 'Bounces', 'Ineffective Disposals', 'Stoppage Clearances', 'Tackles Inside 50', 'Rebound 50s', 'One Percenters', 'Goal Assists']",0.924898549042972,0.227902,0.176074,0.176074,0.683706,0.706024,0.706024,1188678918470907.8,1206009687336455.8,1206009687336455.8,71.26,19260817.0,0.635828,0.548218,0.548218
50.0,12.0,0.7,0.7,0.01,0.01,"['AFLCA_votes', 'Disposals', 'Contested Possessions', 'Goals', 'Centre Clearances', 'Intercepts', 'Clearances', 'Marks Inside 50', 'Hitouts', 'Handballs', 'Behinds', 'Contested Marks', 'Bounces', 'Ineffective Disposals', 'Stoppage Clearances', 'Tackles Inside 50', 'Rebound 50s', 'One Percenters', 'Goal Assists', 'Uncontested Possessions']",0.9306217431588558,0.230514,0.177406,0.177406,0.682549,0.705453,0.705453,1188979390130712.5,1206786280267865.2,1206786280267865.2,75.59,19260817.0,0.636508,0.533543,0.533543
50.0,12.0,0.7,0.7,0.01,0.01,"['AFLCA_votes', 'Disposals', 'Contested Possessions', 'Goals', 'Centre Clearances', 'Intercepts', 'Clearances', 'Marks Inside 50', 'Hitouts', 'Handballs', 'Behinds', 'Contested Marks', 'Bounces', 'Ineffective Disposals', 'Stoppage Clearances', 'Tackles Inside 50', 'Rebound 50s', 'One Percenters', 'Goal Assists', 'Uncontested Possessions', 'Frees Agains']",0.9362167668092988,0.231572,0.176391,0.176391,0.682079,0.705888,0.705888,1188252557144602.5,1206681489352659.0,1206681489352659.0,78.08,19260817.0,0.639683,0.559748,0.559748
50.0,12.0,0.7,0.7,0.01,0.01,"['AFLCA_votes', 'Disposals', 'Contested Possessions', 'Goals', 'Centre Clearances', 'Intercepts', 'Clearances', 'Marks Inside 50', 'Hitouts', 'Handballs', 'Behinds', 'Contested Marks', 'Bounces', 'Ineffective Disposals', 'Stoppage Clearances', 'Tackles Inside 50', 'Rebound 50s', 'One Percenters', 'Goal Assists', 'Uncontested Possessions', 'Frees Agains', 'Inside 50s']",0.9417404842109904,0.220619,0.168324,0.168324,0.686923,0.709337,0.709337,1187834271930439.5,1204061997701832.0,1204061997701832.0,82.32,19260817.0,0.645351,0.570231,0.570231
50.0,12.0,0.7,0.7,0.01,0.01,"['AFLCA_votes', 'Disposals', 'Contested Possessions', 'Goals', 'Centre Clearances', 'Intercepts', 'Clearances', 'Marks Inside 50', 'Hitouts', 'Handballs', 'Behinds', 'Contested Marks', 'Bounces', 'Ineffective Disposals', 'Stoppage Clearances', 'Tackles Inside 50', 'Rebound 50s', 'One Percenters', 'Goal Assists', 'Uncontested Possessions', 'Frees Agains', 'Inside 50s', 'Frees For']",0.9470934756360015,0.250142,0.191888,0.191888,0.673787,0.699215,0.699215,1188821582489607.8,1210537129671974.2,1210537129671974.2,84.36,19260817.0,0.629705,0.551363,0.551363
50.0,12.0,0.7,0.7,0.01,0.01,"['AFLCA_votes', 'Disposals', 'Contested Possessions', 'Goals', 'Centre Clearances', 'Intercepts', 'Clearances', 'Marks Inside 50', 'Hitouts', 'Handballs', 'Behinds', 'Contested Marks', 'Bounces', 'Ineffective Disposals', 'Stoppage Clearances', 'Tackles Inside 50', 'Rebound 50s', 'One Percenters', 'Goal Assists', 'Uncontested Possessions', 'Frees Agains', 'Inside 50s', 'Frees For', 'Metres Gained']",0.9523402288050722,0.21963,0.166044,0.166044,0.687359,0.710308,0.710308,1187658920210216.2,1204194364186488.5,1204194364186488.5,85.42,19260817.0,0.652154,0.57652,0.57652
50.0,12.0,0.7,0.7,0.01,0.01,"['AFLCA_votes', 'Disposals', 'Contested Possessions', 'Goals', 'Centre Clearances', 'Intercepts', 'Clearances', 'Marks Inside 50', 'Hitouts', 'Handballs', 'Behinds', 'Contested Marks', 'Bounces', 'Ineffective Disposals', 'Stoppage Clearances', 'Tackles Inside 50', 'Rebound 50s', 'One Percenters', 'Goal Assists', 'Uncontested Possessions', 'Frees Agains', 'Inside 50s', 'Frees For', 'Metres Gained', 'Score Involvements']",0.9575623339697504,0.253643,0.194038,0.194038,0.672213,0.698285,0.698285,1188815949353358.2,1210423554686901.2,1210423554686901.2,92.75,19260817.0,0.626757,0.540881,0.540881
50.0,12.0,0.7,0.7,0.01,0.01,"['AFLCA_votes', 'Disposals', 'Contested Possessions', 'Goals', 'Centre Clearances', 'Intercepts', 'Clearances', 'Marks Inside 50', 'Hitouts', 'Handballs', 'Behinds', 'Contested Marks', 'Bounces', 'Ineffective Disposals', 'Stoppage Clearances', 'Tackles Inside 50', 'Rebound 50s', 'One Percenters', 'Goal Assists', 'Uncontested Possessions', 'Frees Agains', 'Inside 50s', 'Frees For', 'Metres Gained', 'Score Involvements', 'Behind Assists']",0.96221169757485,0.228357,0.172798,0.172798,0.683505,0.707426,0.707426,1187658052124903.8,1205090716789638.2,1205090716789638.2,99.28,19260817.0,0.645805,0.563941,0.563941
50.0,12.0,0.7,0.7,0.01,0.01,"['AFLCA_votes', 'Disposals', 'Contested Possessions', 'Goals', 'Centre Clearances', 'Intercepts', 'Clearances', 'Marks Inside 50', 'Hitouts', 'Handballs', 'Behinds', 'Contested Marks', 'Bounces', 'Ineffective Disposals', 'Stoppage Clearances', 'Tackles Inside 50', 'Rebound 50s', 'One Percenters', 'Goal Assists', 'Uncontested Possessions', 'Frees Agains', 'Inside 50s', 'Frees For', 'Metres Gained', 'Score Involvements', 'Behind Assists', 'Tackles Outside 50']",0.9668398251654758,0.255088,0.193283,0.193283,0.671561,0.698612,0.698612,1188302209914517.0,1210835642601205.0,1210835642601205.0,94.01,19260817.0,0.635601,0.553459,0.553459
50.0,12.0,0.7,0.7,0.01,0.01,"['AFLCA_votes', 'Disposals', 'Contested Possessions', 'Goals', 'Centre Clearances', 'Intercepts', 'Clearances', 'Marks Inside 50', 'Hitouts', 'Handballs', 'Behinds', 'Contested Marks', 'Bounces', 'Ineffective Disposals', 'Stoppage Clearances', 'Tackles Inside 50', 'Rebound 50s', 'One Percenters', 'Goal Assists', 'Uncontested Possessions', 'Frees Agains', 'Inside 50s', 'Frees For', 'Metres Gained', 'Score Involvements', 'Behind Assists', 'Tackles Outside 50', 'Tackles']",0.9712453380319708,0.219839,0.16347,0.16347,0.687267,0.711403,0.711403,1186652055654830.0,1203144358003825.2,1203144358003825.2,100.81,19260817.0,0.650567,0.54717,0.54717
50.0,12.0,0.7,0.7,0.01,0.01,"['AFLCA_votes', 'Disposals', 'Contested Possessions', 'Goals', 'Centre Clearances', 'Intercepts', 'Clearances', 'Marks Inside 50', 'Hitouts', 'Handballs', 'Behinds', 'Contested Marks', 'Bounces', 'Ineffective Disposals', 'Stoppage Clearances', 'Tackles Inside 50', 'Rebound 50s', 'One Percenters', 'Goal Assists', 'Uncontested Possessions', 'Frees Agains', 'Inside 50s', 'Frees For', 'Metres Gained', 'Score Involvements', 'Behind Assists', 'Tackles Outside 50', 'Tackles', 'Clangers']",0.9750128387391142,0.261846,0.197573,0.197573,0.668508,0.696752,0.696752,1188843298436227.5,1212118334659905.5,1212118334659905.5,102.71,19260817.0,0.634014,0.539832,0.539832
50.0,12.0,0.7,0.7,0.01,0.01,"['AFLCA_votes', 'Disposals', 'Contested Possessions', 'Goals', 'Centre Clearances', 'Intercepts', 'Clearances', 'Marks Inside 50', 'Hitouts', 'Handballs', 'Behinds', 'Contested Marks', 'Bounces', 'Ineffective Disposals', 'Stoppage Clearances', 'Tackles Inside 50', 'Rebound 50s', 'One Percenters', 'Goal Assists', 'Uncontested Possessions', 'Frees Agains', 'Inside 50s', 'Frees For', 'Metres Gained', 'Score Involvements', 'Behind Assists', 'Tackles Outside 50', 'Tackles', 'Clangers', 'Uncontested Marks']",0.9786082458844692,0.234716,0.174353,0.174353,0.680683,0.706761,0.706761,1186795101426785.5,1205636569363143.8,1205636569363143.8,109.89,19260817.0,0.648299,0.5587,0.5587
50.0,12.0,0.7,0.7,0.01,0.01,"['AFLCA_votes', 'Disposals', 'Contested Possessions', 'Goals', 'Centre Clearances', 'Intercepts', 'Clearances', 'Marks Inside 50', 'Hitouts', 'Handballs', 'Behinds', 'Contested Marks', 'Bounces', 'Ineffective Disposals', 'Stoppage Clearances', 'Tackles Inside 50', 'Rebound 50s', 'One Percenters', 'Goal Assists', 'Uncontested Possessions', 'Frees Agains', 'Inside 50s', 'Frees For', 'Metres Gained', 'Score Involvements', 'Behind Assists', 'Tackles Outside 50', 'Tackles', 'Clangers', 'Uncontested Marks', 'Marks Outside 50']",0.9821571136477903,0.256806,0.192187,0.192187,0.670787,0.699086,0.699086,1188442723005336.2,1211153734651865.0,1211153734651865.0,112.59,19260817.0,0.639229,0.54717,0.54717
50.0,12.0,0.7,0.7,0.01,0.01,"['AFLCA_votes', 'Disposals', 'Contested Possessions', 'Goals', 'Centre Clearances', 'Intercepts', 'Clearances', 'Marks Inside 50', 'Hitouts', 'Handballs', 'Behinds', 'Contested Marks', 'Bounces', 'Ineffective Disposals', 'Stoppage Clearances', 'Tackles Inside 50', 'Rebound 50s', 'One Percenters', 'Goal Assists', 'Uncontested Possessions', 'Frees Agains', 'Inside 50s', 'Frees For', 'Metres Gained', 'Score Involvements', 'Behind Assists', 'Tackles Outside 50', 'Tackles', 'Clangers', 'Uncontested Marks', 'Marks Outside 50', 'Kicks']",0.9855366104335248,0.240068,0.178097,0.178097,0.678298,0.705156,0.705156,1187219914233822.0,1206549956149998.5,1206549956149998.5,112.99,19260817.0,0.650113,0.556604,0.556604
50.0,12.0,0.7,0.7,0.01,0.01,"['AFLCA_votes', 'Disposals', 'Contested Possessions', 'Goals', 'Centre Clearances', 'Intercepts', 'Clearances', 'Marks Inside 50', 'Hitouts', 'Handballs', 'Behinds', 'Contested Marks', 'Bounces', 'Ineffective Disposals', 'Stoppage Clearances', 'Tackles Inside 50', 'Rebound 50s', 'One Percenters', 'Goal Assists', 'Uncontested Possessions', 'Frees Agains', 'Inside 50s', 'Frees For', 'Metres Gained', 'Score Involvements', 'Behind Assists', 'Tackles Outside 50', 'Tackles', 'Clangers', 'Uncontested Marks', 'Marks Outside 50', 'Kicks', 'Turnovers']",0.9888737229850916,0.253462,0.188136,0.188136,0.672294,0.700837,0.700837,1188267961145888.0,1210058367671778.0,1210058367671778.0,120.14,19260817.0,0.636961,0.549266,0.549266
50.0,12.0,0.7,0.7,0.01,0.01,"['AFLCA_votes', 'Disposals', 'Contested Possessions', 'Goals', 'Centre Clearances', 'Intercepts', 'Clearances', 'Marks Inside 50', 'Hitouts', 'Handballs', 'Behinds', 'Contested Marks', 'Bounces', 'Ineffective Disposals', 'Stoppage Clearances', 'Tackles Inside 50', 'Rebound 50s', 'One Percenters', 'Goal Assists', 'Uncontested Possessions', 'Frees Agains', 'Inside 50s', 'Frees For', 'Metres Gained', 'Score Involvements', 'Behind Assists', 'Tackles Outside 50', 'Tackles', 'Clangers', 'Uncontested Marks', 'Marks Outside 50', 'Kicks', 'Turnovers', 'Marks']",0.9918657644199986,0.237108,0.174361,0.174361,0.679618,0.706757,0.706757,1187002148174477.5,1205566584855374.8,1205566584855374.8,121.02,19260817.0,0.648753,0.560797,0.560797
50.0,12.0,0.7,0.7,0.01,0.01,"['AFLCA_votes', 'Disposals', 'Contested Possessions', 'Goals', 'Centre Clearances', 'Intercepts', 'Clearances', 'Marks Inside 50', 'Hitouts', 'Handballs', 'Behinds', 'Contested Marks', 'Bounces', 'Ineffective Disposals', 'Stoppage Clearances', 'Tackles Inside 50', 'Rebound 50s', 'One Percenters', 'Goal Assists', 'Uncontested Possessions', 'Frees Agains', 'Inside 50s', 'Frees For', 'Metres Gained', 'Score Involvements', 'Behind Assists', 'Tackles Outside 50', 'Tackles', 'Clangers', 'Uncontested Marks', 'Marks Outside 50', 'Kicks', 'Turnovers', 'Marks', 'Time On Ground %']",0.9946253824061244,0.241982,0.179654,0.179654,0.677443,0.704488,0.704488,1187612086659570.5,1207707964013997.0,1207707964013997.0,124.14,19260817.0,0.64263,0.550314,0.550314
50.0,12.0,0.7,0.7,0.01,0.01,"['AFLCA_votes', 'Disposals', 'Contested Possessions', 'Goals', 'Centre Clearances', 'Intercepts', 'Clearances', 'Marks Inside 50', 'Hitouts', 'Handballs', 'Behinds', 'Contested Marks', 'Bounces', 'Ineffective Disposals', 'Stoppage Clearances', 'Tackles Inside 50', 'Rebound 50s', 'One Percenters', 'Goal Assists', 'Uncontested Possessions', 'Frees Agains', 'Inside 50s', 'Frees For', 'Metres Gained', 'Score Involvements', 'Behind Assists', 'Tackles Outside 50', 'Tackles', 'Clangers', 'Uncontested Marks', 'Marks Outside 50', 'Kicks', 'Turnovers', 'Marks', 'Time On Ground %', 'Effective Disposals']",0.9966894167418736,0.242068,0.178217,0.178217,0.677405,0.705105,0.705105,1187476647115020.0,1207480629896801.0,1207480629896801.0,128.67,19260817.0,0.650113,0.554507,0.554507
50.0,12.0,0.7,0.7,0.01,0.01,"['AFLCA_votes', 'Disposals', 'Contested Possessions', 'Goals', 'Centre Clearances', 'Intercepts', 'Clearances', 'Marks Inside 50', 'Hitouts', 'Handballs', 'Behinds', 'Contested Marks', 'Bounces', 'Ineffective Disposals', 'Stoppage Clearances', 'Tackles Inside 50', 'Rebound 50s', 'One Percenters', 'Goal Assists', 'Uncontested Possessions', 'Frees Agains', 'Inside 50s', 'Frees For', 'Metres Gained', 'Score Involvements', 'Behind Assists', 'Tackles Outside 50', 'Tackles', 'Clangers', 'Uncontested Marks', 'Marks Outside 50', 'Kicks', 'Turnovers', 'Marks', 'Time On Ground %', 'Effective Disposals', 'HomeAway']",0.9984280188842564,0.244851,0.180593,0.180593,0.67616,0.704085,0.704085,1187865631220193.0,1208075900521643.8,1208075900521643.8,127.41,19260817.0,0.645351,0.555556,0.555556
50.0,12.0,0.7,0.7,0.01,0.01,"['AFLCA_votes', 'Disposals', 'Contested Possessions', 'Goals', 'Centre Clearances', 'Intercepts', 'Clearances', 'Marks Inside 50', 'Hitouts', 'Handballs', 'Behinds', 'Contested Marks', 'Bounces', 'Ineffective Disposals', 'Stoppage Clearances', 'Tackles Inside 50', 'Rebound 50s', 'One Percenters', 'Goal Assists', 'Uncontested Possessions', 'Frees Agains', 'Inside 50s', 'Frees For', 'Metres Gained', 'Score Involvements', 'Behind Assists', 'Tackles Outside 50', 'Tackles', 'Clangers', 'Uncontested Marks', 'Marks Outside 50', 'Kicks', 'Turnovers', 'Marks', 'Time On Ground %', 'Effective Disposals', 'HomeAway', 'Winloss']",0.9999999999999998,0.247652,0.184089,0.184089,0.674905,0.702581,0.702581,1187902579052544.8,1208502371766641.0,1208502371766641.0,136.93,19260817.0,0.640136,0.545073,0.545073
50.0,3.0,0.7,0.7,0.01,0.01,"['AFLCA_votes', 'Disposals', 'Contested Possessions', 'Goals', 'Centre Clearances', 'Intercepts', 'Clearances', 'Marks Inside 50', 'Hitouts', 'Handballs', 'Behinds', 'Contested Marks', 'Bounces', 'Ineffective Disposals', 'Stoppage Clearances', 'Tackles Inside 50', 'Rebound 50s', 'One Percenters', 'Goal Assists', 'Uncontested Possessions', 'Frees Agains', 'Inside 50s', 'Frees For', 'Metres Gained']",0.9523402288050722,0.103563,0.120151,0.120151,0.736704,0.729591,0.729591,1191711822339567.0,1193233128827571.8,1193233128827571.8,18.36,19260817.0,0.519728,0.561845,0.561845
50.0,6.0,0.7,0.7,0.01,0.01,"['AFLCA_votes', 'Disposals', 'Contested Possessions', 'Goals', 'Centre Clearances', 'Intercepts', 'Clearances', 'Marks Inside 50', 'Hitouts', 'Handballs', 'Behinds', 'Contested Marks', 'Bounces', 'Ineffective Disposals', 'Stoppage Clearances', 'Tackles Inside 50', 'Rebound 50s', 'One Percenters', 'Goal Assists', 'Uncontested Possessions', 'Frees Agains', 'Inside 50s', 'Frees For', 'Metres Gained']",0.9523402288050722,0.144859,0.156182,0.156182,0.719536,0.714496,0.714496,1192833081654522.8,1198368974118666.8,1198368974118666.8,39.18,19260817.0,0.555102,0.551363,0.551363
50.0,24.0,0.7,0.7,0.01,0.01,"['AFLCA_votes', 'Disposals', 'Contested Possessions', 'Goals', 'Centre Clearances', 'Intercepts', 'Clearances', 'Marks Inside 50', 'Hitouts', 'Handballs', 'Behinds', 'Contested Marks', 'Bounces', 'Ineffective Disposals', 'Stoppage Clearances', 'Tackles Inside 50', 'Rebound 50s', 'One Percenters', 'Goal Assists', 'Uncontested Possessions', 'Frees Agains', 'Inside 50s', 'Frees For', 'Metres Gained']",0.9523402288050722,0.331514,0.148875,0.148875,0.636179,0.717583,0.717583,1191685782545705.8,1214119473135516.0,1214119473135516.0,208.48,19260817.0,0.744671,0.553459,0.553459
50.0,48.0,0.7,0.7,0.01,0.01,"['AFLCA_votes', 'Disposals', 'Contested Possessions', 'Goals', 'Centre Clearances', 'Intercepts', 'Clearances', 'Marks Inside 50', 'Hitouts', 'Handballs', 'Behinds', 'Contested Marks', 'Bounces', 'Ineffective Disposals', 'Stoppage Clearances', 'Tackles Inside 50', 'Rebound 50s', 'One Percenters', 'Goal Assists', 'Uncontested Possessions', 'Frees Agains', 'Inside 50s', 'Frees For', 'Metres Gained']",0.9523402288050722,0.35681,0.145536,0.145536,0.624027,0.718989,0.718989,1195913181038540.2,1223853205245815.0,1223853205245815.0,375.0,19260817.0,0.773923,0.559748,0.559748
50.0,96.0,0.7,0.7,0.01,0.01,"['AFLCA_votes', 'Disposals', 'Contested Possessions', 'Goals', 'Centre Clearances', 'Intercepts', 'Clearances', 'Marks Inside 50', 'Hitouts', 'Handballs', 'Behinds', 'Contested Marks', 'Bounces', 'Ineffective Disposals', 'Stoppage Clearances', 'Tackles Inside 50', 'Rebound 50s', 'One Percenters', 'Goal Assists', 'Uncontested Possessions', 'Frees Agains', 'Inside 50s', 'Frees For', 'Metres Gained']",0.9523402288050722,0.357075,0.145337,0.145337,0.623898,0.719072,0.719072,1195878796256297.2,1224096908824136.0,1224096908824136.0,402.03,19260817.0,0.774603,0.569182,0.569182
50.0,192.0,0.7,0.7,0.01,0.01,"['AFLCA_votes', 'Disposals', 'Contested Possessions', 'Goals', 'Centre Clearances', 'Intercepts', 'Clearances', 'Marks Inside 50', 'Hitouts', 'Handballs', 'Behinds', 'Contested Marks', 'Bounces', 'Ineffective Disposals', 'Stoppage Clearances', 'Tackles Inside 50', 'Rebound 50s', 'One Percenters', 'Goal Assists', 'Uncontested Possessions', 'Frees Agains', 'Inside 50s', 'Frees For', 'Metres Gained']",0.9523402288050722,0.357075,0.145337,0.145337,0.623898,0.719072,0.719072,1195878796256297.2,1224096908824136.0,1224096908824136.0,392.95,19260817.0,0.774603,0.569182,0.569182
50.0,12.0,0.7,0.4,0.01,0.01,"['AFLCA_votes', 'Disposals', 'Contested Possessions', 'Goals', 'Centre Clearances', 'Intercepts', 'Clearances', 'Marks Inside 50', 'Hitouts', 'Handballs', 'Behinds', 'Contested Marks', 'Bounces', 'Ineffective Disposals', 'Stoppage Clearances', 'Tackles Inside 50', 'Rebound 50s', 'One Percenters', 'Goal Assists', 'Uncontested Possessions', 'Frees Agains', 'Inside 50s', 'Frees For', 'Metres Gained']",0.9523402288050722,0.150798,0.11246,0.11246,0.717032,0.732772,0.732772,1185611186512676.5,1195923085647921.5,1195923085647921.5,57.82,19260817.0,0.643084,0.595388,0.595388
50.0,12.0,0.7,0.55,0.01,0.01,"['AFLCA_votes', 'Disposals', 'Contested Possessions', 'Goals', 'Centre Clearances', 'Intercepts', 'Clearances', 'Marks Inside 50', 'Hitouts', 'Handballs', 'Behinds', 'Contested Marks', 'Bounces', 'Ineffective Disposals', 'Stoppage Clearances', 'Tackles Inside 50', 'Rebound 50s', 'One Percenters', 'Goal Assists', 'Uncontested Possessions', 'Frees Agains', 'Inside 50s', 'Frees For', 'Metres Gained']",0.9523402288050722,0.198359,0.148723,0.148723,0.696664,0.717647,0.717647,1186466973081419.0,1201256634901242.5,1201256634901242.5,74.83,19260817.0,0.639456,0.581761,0.581761
50.0,12.0,0.7,0.85,0.01,0.01,"['AFLCA_votes', 'Disposals', 'Contested Possessions', 'Goals', 'Centre Clearances', 'Intercepts', 'Clearances', 'Marks Inside 50', 'Hitouts', 'Handballs', 'Behinds', 'Contested Marks', 'Bounces', 'Ineffective Disposals', 'Stoppage Clearances', 'Tackles Inside 50', 'Rebound 50s', 'One Percenters', 'Goal Assists', 'Uncontested Possessions', 'Frees Agains', 'Inside 50s', 'Frees For', 'Metres Gained']",0.9523402288050722,0.258049,0.196002,0.196002,0.670226,0.697433,0.697433,1189400911042499.5,1211753539437962.8,1211753539437962.8,103.79,19260817.0,0.643991,0.559748,0.559748
50.0,12.0,0.4,0.4,0.01,0.01,"['AFLCA_votes', 'Disposals', 'Contested Possessions', 'Goals', 'Centre Clearances', 'Intercepts', 'Clearances', 'Marks Inside 50', 'Hitouts', 'Handballs', 'Behinds', 'Contested Marks', 'Bounces', 'Ineffective Disposals', 'Stoppage Clearances', 'Tackles Inside 50', 'Rebound 50s', 'One Percenters', 'Goal Assists', 'Uncontested Possessions', 'Frees Agains', 'Inside 50s', 'Frees For', 'Metres Gained']",0.9523402288050722,0.142833,0.110382,0.110382,0.720387,0.73363,0.73363,1185943202026952.5,1195381029886322.5,1195381029886322.5,56.42,19260817.0,0.634694,0.554507,0.554507
50.0,12.0,0.55,0.4,0.01,0.01,"['AFLCA_votes', 'Disposals', 'Contested Possessions', 'Goals', 'Centre Clearances', 'Intercepts', 'Clearances', 'Marks Inside 50', 'Hitouts', 'Handballs', 'Behinds', 'Contested Marks', 'Bounces', 'Ineffective Disposals', 'Stoppage Clearances', 'Tackles Inside 50', 'Rebound 50s', 'One Percenters', 'Goal Assists', 'Uncontested Possessions', 'Frees Agains', 'Inside 50s', 'Frees For', 'Metres Gained']",0.9523402288050722,0.147696,0.111485,0.111485,0.718341,0.733175,0.733175,1185804919678533.2,1195384938352305.5,1195384938352305.5,60.52,19260817.0,0.636281,0.555556,0.555556
50.0,12.0,0.85,0.4,0.01,0.01,"['AFLCA_votes', 'Disposals', 'Contested Possessions', 'Goals', 'Centre Clearances', 'Intercepts', 'Clearances', 'Marks Inside 50', 'Hitouts', 'Handballs', 'Behinds', 'Contested Marks', 'Bounces', 'Ineffective Disposals', 'Stoppage Clearances', 'Tackles Inside 50', 'Rebound 50s', 'One Percenters', 'Goal Assists', 'Uncontested Possessions', 'Frees Agains', 'Inside 50s', 'Frees For', 'Metres Gained']",0.9523402288050722,0.153223,0.112697,0.112697,0.716008,0.732675,0.732675,1185858431680127.2,1196063353957918.8,1196063353957918.8,56.94,19260817.0,0.637642,0.574423,0.574423
25.0,12.0,0.7,0.4,0.01,0.01,"['AFLCA_votes', 'Disposals', 'Contested Possessions', 'Goals', 'Centre Clearances', 'Intercepts', 'Clearances', 'Marks Inside 50', 'Hitouts', 'Handballs', 'Behinds', 'Contested Marks', 'Bounces', 'Ineffective Disposals', 'Stoppage Clearances', 'Tackles Inside 50', 'Rebound 50s', 'One Percenters', 'Goal Assists', 'Uncontested Possessions', 'Frees Agains', 'Inside 50s', 'Frees For', 'Metres Gained']",0.9523402288050722,-0.07144,-0.090846,-0.090846,0.80541,0.812376,0.812376,1521423264980088.2,1522468675946823.5,1522468675946823.5,29.3,19260817.0,0.479819,0.377358,0.377358
100.0,12.0,0.7,0.4,0.01,0.01,"['AFLCA_votes', 'Disposals', 'Contested Possessions', 'Goals', 'Centre Clearances', 'Intercepts', 'Clearances', 'Marks Inside 50', 'Hitouts', 'Handballs', 'Behinds', 'Contested Marks', 'Bounces', 'Ineffective Disposals', 'Stoppage Clearances', 'Tackles Inside 50', 'Rebound 50s', 'One Percenters', 'Goal Assists', 'Uncontested Possessions', 'Frees Agains', 'Inside 50s', 'Frees For', 'Metres Gained']",0.9523402288050722,0.413497,0.341583,0.341583,0.595893,0.63114,0.63114,762816524908075.2,819823943434396.6,819823943434396.6,113.72,19260817.0,0.615646,0.545073,0.545073
200.0,12.0,0.7,0.4,0.01,0.01,"['AFLCA_votes', 'Disposals', 'Contested Possessions', 'Goals', 'Centre Clearances', 'Intercepts', 'Clearances', 'Marks Inside 50', 'Hitouts', 'Handballs', 'Behinds', 'Contested Marks', 'Bounces', 'Ineffective Disposals', 'Stoppage Clearances', 'Tackles Inside 50', 'Rebound 50s', 'One Percenters', 'Goal Assists', 'Uncontested Possessions', 'Frees Agains', 'Inside 50s', 'Frees For', 'Metres Gained']",0.9523402288050722,0.615264,0.493651,0.493651,0.482631,0.553478,0.553478,460209609765572.5,582774427448053.0,582774427448053.0,228.85,19260817.0,0.641043,0.596436,0.596436
400.0,12.0,0.7,0.4,0.01,0.01,"['AFLCA_votes', 'Disposals', 'Contested Possessions', 'Goals', 'Centre Clearances', 'Intercepts', 'Clearances', 'Marks Inside 50', 'Hitouts', 'Handballs', 'Behinds', 'Contested Marks', 'Bounces', 'Ineffective Disposals', 'Stoppage Clearances', 'Tackles Inside 50', 'Rebound 50s', 'One Percenters', 'Goal Assists', 'Uncontested Possessions', 'Frees Agains', 'Inside 50s', 'Frees For', 'Metres Gained']",0.9523402288050722,0.734573,0.554,0.554,0.400872,0.519449,0.519449,350157879879554.6,532307862806031.1,532307862806031.1,450.13,19260817.0,0.668027,0.581761,0.581761
200.0,12.0,0.7,0.4,1e-08,0.01,"['AFLCA_votes', 'Disposals', 'Contested Possessions', 'Goals', 'Centre Clearances', 'Intercepts', 'Clearances', 'Marks Inside 50', 'Hitouts', 'Handballs', 'Behinds', 'Contested Marks', 'Bounces', 'Ineffective Disposals', 'Stoppage Clearances', 'Tackles Inside 50', 'Rebound 50s', 'One Percenters', 'Goal Assists', 'Uncontested Possessions', 'Frees Agains', 'Inside 50s', 'Frees For', 'Metres Gained']",0.9523402288050722,0.615265,0.493596,0.493596,0.48263,0.553508,0.553508,460176742073629.6,582690032416019.9,582690032416019.9,231.76,19260817.0,0.639683,0.596436,0.596436
200.0,12.0,0.7,0.4,1e-06,0.01,"['AFLCA_votes', 'Disposals', 'Contested Possessions', 'Goals', 'Centre Clearances', 'Intercepts', 'Clearances', 'Marks Inside 50', 'Hitouts', 'Handballs', 'Behinds', 'Contested Marks', 'Bounces', 'Ineffective Disposals', 'Stoppage Clearances', 'Tackles Inside 50', 'Rebound 50s', 'One Percenters', 'Goal Assists', 'Uncontested Possessions', 'Frees Agains', 'Inside 50s', 'Frees For', 'Metres Gained']",0.9523402288050722,0.615265,0.493596,0.493596,0.48263,0.553508,0.553508,460176742073629.6,582690032416019.9,582690032416019.9,229.87,19260817.0,0.639683,0.596436,0.596436
200.0,12.0,0.7,0.4,0.0001,0.01,"['AFLCA_votes', 'Disposals', 'Contested Possessions', 'Goals', 'Centre Clearances', 'Intercepts', 'Clearances', 'Marks Inside 50', 'Hitouts', 'Handballs', 'Behinds', 'Contested Marks', 'Bounces', 'Ineffective Disposals', 'Stoppage Clearances', 'Tackles Inside 50', 'Rebound 50s', 'One Percenters', 'Goal Assists', 'Uncontested Possessions', 'Frees Agains', 'Inside 50s', 'Frees For', 'Metres Gained']",0.9523402288050722,0.615265,0.493592,0.493592,0.48263,0.55351,0.55351,460175362938379.3,582695185781744.2,582695185781744.2,227.08,19260817.0,0.639683,0.596436,0.596436
200.0,12.0,0.7,0.4,0.1,0.01,"['AFLCA_votes', 'Disposals', 'Contested Possessions', 'Goals', 'Centre Clearances', 'Intercepts', 'Clearances', 'Marks Inside 50', 'Hitouts', 'Handballs', 'Behinds', 'Contested Marks', 'Bounces', 'Ineffective Disposals', 'Stoppage Clearances', 'Tackles Inside 50', 'Rebound 50s', 'One Percenters', 'Goal Assists', 'Uncontested Possessions', 'Frees Agains', 'Inside 50s', 'Frees For', 'Metres Gained']",0.9523402288050722,0.615181,0.49368,0.49368,0.482683,0.553462,0.553462,460212925201881.9,582837274309035.8,582837274309035.8,228.93,19260817.0,0.638776,0.595388,0.595388
200.0,12.0,0.7,0.4,0.01,0.0001,"['AFLCA_votes', 'Disposals', 'Contested Possessions', 'Goals', 'Centre Clearances', 'Intercepts', 'Clearances', 'Marks Inside 50', 'Hitouts', 'Handballs', 'Behinds', 'Contested Marks', 'Bounces', 'Ineffective Disposals', 'Stoppage Clearances', 'Tackles Inside 50', 'Rebound 50s', 'One Percenters', 'Goal Assists', 'Uncontested Possessions', 'Frees Agains', 'Inside 50s', 'Frees For', 'Metres Gained']",0.9523402288050722,-0.380834,-0.382635,-0.382635,0.914332,0.914595,0.914595,1916987759666521.2,1917268916600108.0,1917268916600108.0,226.88,19260817.0,0.235374,0.21174,0.21174
200.0,12.0,0.7,0.4,0.01,0.001,"['AFLCA_votes', 'Disposals', 'Contested Possessions', 'Goals', 'Centre Clearances', 'Intercepts', 'Clearances', 'Marks Inside 50', 'Hitouts', 'Handballs', 'Behinds', 'Contested Marks', 'Bounces', 'Ineffective Disposals', 'Stoppage Clearances', 'Tackles Inside 50', 'Rebound 50s', 'One Percenters', 'Goal Assists', 'Uncontested Possessions', 'Frees Agains', 'Inside 50s', 'Frees For', 'Metres Gained']",0.9523402288050722,-0.134705,-0.150098,-0.150098,0.828848,0.834147,0.834147,1601302602087849.5,1602053355060266.2,1602053355060266.2,233.43,19260817.0,0.29932,0.231656,0.231656
200.0,12.0,0.7,0.4,0.01,0.1,"['AFLCA_votes', 'Disposals', 'Contested Possessions', 'Goals', 'Centre Clearances', 'Intercepts', 'Clearances', 'Marks Inside 50', 'Hitouts', 'Handballs', 'Behinds', 'Contested Marks', 'Bounces', 'Ineffective Disposals', 'Stoppage Clearances', 'Tackles Inside 50', 'Rebound 50s', 'One Percenters', 'Goal Assists', 'Uncontested Possessions', 'Frees Agains', 'Inside 50s', 'Frees For', 'Metres Gained']",0.9523402288050722,0.872395,0.532552,0.532552,0.27795,0.531792,0.531792,237408526878856.1,543763282481472.4,543763282481472.4,230.02,19260817.0,0.782313,0.578616,0.578616
200.0,12.0,0.7,0.4,0.01,1.0,"['AFLCA_votes', 'Disposals', 'Contested Possessions', 'Goals', 'Centre Clearances', 'Intercepts', 'Clearances', 'Marks Inside 50', 'Hitouts', 'Handballs', 'Behinds', 'Contested Marks', 'Bounces', 'Ineffective Disposals', 'Stoppage Clearances', 'Tackles Inside 50', 'Rebound 50s', 'One Percenters', 'Goal Assists', 'Uncontested Possessions', 'Frees Agains', 'Inside 50s', 'Frees For', 'Metres Gained']",0.9523402288050722,0.952256,-0.089833,-0.089833,0.170017,0.811998,0.811998,382341345390774.3,1227045704462656.0,1227045704462656.0,230.49,19260817.0,0.83288,0.515723,0.515723
200.0,12.0,0.7,0.4,0.01,10.0,"['AFLCA_votes', 'Disposals', 'Contested Possessions', 'Goals', 'Centre Clearances', 'Intercepts', 'Clearances', 'Marks Inside 50', 'Hitouts', 'Handballs', 'Behinds', 'Contested Marks', 'Bounces', 'Ineffective Disposals', 'Stoppage Clearances', 'Tackles Inside 50', 'Rebound 50s', 'One Percenters', 'Goal Assists', 'Uncontested Possessions', 'Frees Agains', 'Inside 50s', 'Frees For', 'Metres Gained']",0.9523402288050722,0.0,0.0,0.0,0.0,0.0,0.0,0.0,0.0,0.0,35.25,19260817.0,0.0,0.0,0.0
200.0,12.0,0.7,0.4,0.01,0.01,"['AFLCA_votes', 'Disposals', 'Contested Possessions']",0.7562403677250018,0.412268,0.447739,0.447739,0.596517,0.578026,0.578026,578852307752672.2,598440274619189.1,598440274619189.1,52.64,19260817.0,0.534921,0.554507,0.554507
200.0,12.0,0.7,0.4,0.01,0.01,"['AFLCA_votes', 'Disposals', 'Contested Possessions', 'Goals']",0.7765535537689908,0.404197,0.435716,0.435716,0.600599,0.584284,0.584284,527415343971384.06,547540878796870.1,547540878796870.1,44.4,19260817.0,0.549887,0.567086,0.567086
200.0,12.0,0.7,0.4,0.01,0.01,"['AFLCA_votes', 'Disposals', 'Contested Possessions', 'Goals', 'Centre Clearances']",0.7919471007529546,0.468942,0.488873,0.488873,0.567028,0.556083,0.556083,547985361719921.1,583517400317288.8,583517400317288.8,87.17,19260817.0,0.57415,0.568134,0.568134
200.0,12.0,0.7,0.4,0.01,0.01,"['AFLCA_votes', 'Disposals', 'Contested Possessions', 'Goals', 'Centre Clearances', 'Intercepts']",0.8049857274440886,0.463163,0.482824,0.482824,0.570105,0.559364,0.559364,532694001603719.5,565545165831237.6,565545165831237.6,84.61,19260817.0,0.573243,0.566038,0.566038
200.0,12.0,0.7,0.4,0.01,0.01,"['AFLCA_votes', 'Disposals', 'Contested Possessions', 'Goals', 'Centre Clearances', 'Intercepts', 'Clearances']",0.8175406880045384,0.419707,0.439741,0.439741,0.59273,0.582196,0.582196,535267980694556.0,569795397911061.2,569795397911061.2,83.36,19260817.0,0.561678,0.545073,0.545073
200.0,12.0,0.7,0.4,0.01,0.01,"['AFLCA_votes', 'Disposals', 'Contested Possessions', 'Goals', 'Centre Clearances', 'Intercepts', 'Clearances', 'Marks Inside 50']",0.8299825644950556,0.518559,0.495488,0.495488,0.539889,0.552473,0.552473,514326472313717.9,573602380411012.1,573602380411012.1,113.98,19260817.0,0.60068,0.561845,0.561845
200.0,12.0,0.7,0.4,0.01,0.01,"['AFLCA_votes', 'Disposals', 'Contested Possessions', 'Goals', 'Centre Clearances', 'Intercepts', 'Clearances', 'Marks Inside 50', 'Hitouts']",0.8421594803742163,0.492968,0.469821,0.469821,0.554053,0.566352,0.566352,522224548964413.75,583305619884185.5,583305619884185.5,113.52,19260817.0,0.598186,0.557652,0.557652
200.0,12.0,0.7,0.4,0.01,0.01,"['AFLCA_votes', 'Disposals', 'Contested Possessions', 'Goals', 'Centre Clearances', 'Intercepts', 'Clearances', 'Marks Inside 50', 'Hitouts', 'Handballs']",0.8541358029977908,0.567905,0.511583,0.511583,0.511473,0.543589,0.543589,491839237747767.2,572154341855725.0,572154341855725.0,135.5,19260817.0,0.609977,0.572327,0.572327
200.0,12.0,0.7,0.4,0.01,0.01,"['AFLCA_votes', 'Disposals', 'Contested Possessions', 'Goals', 'Centre Clearances', 'Intercepts', 'Clearances', 'Marks Inside 50', 'Hitouts', 'Handballs', 'Behinds']",0.8659768297633487,0.524812,0.475012,0.475012,0.536372,0.563572,0.563572,504030231099506.06,583615457777805.5,583615457777805.5,124.44,19260817.0,0.617914,0.551363,0.551363
200.0,12.0,0.7,0.4,0.01,0.01,"['AFLCA_votes', 'Disposals', 'Contested Possessions', 'Goals', 'Centre Clearances', 'Intercepts', 'Clearances', 'Marks Inside 50', 'Hitouts', 'Handballs', 'Behinds', 'Contested Marks']",0.8764627957636986,0.551478,0.497212,0.497212,0.521105,0.551528,0.551528,492793146471179.7,574173175576519.4,574173175576519.4,122.68,19260817.0,0.608163,0.598532,0.598532
200.0,12.0,0.7,0.4,0.01,0.01,"['AFLCA_votes', 'Disposals', 'Contested Possessions', 'Goals', 'Centre Clearances', 'Intercepts', 'Clearances', 'Marks Inside 50', 'Hitouts', 'Handballs', 'Behinds', 'Contested Marks', 'Bounces']",0.8858545003433346,0.576501,0.501292,0.501292,0.50636,0.549286,0.549286,479715198841784.1,572992278260045.0,572992278260045.0,146.63,19260817.0,0.624263,0.57652,0.57652
200.0,12.0,0.7,0.4,0.01,0.01,"['AFLCA_votes', 'Disposals', 'Contested Possessions', 'Goals', 'Centre Clearances', 'Intercepts', 'Clearances', 'Marks Inside 50', 'Hitouts', 'Handballs', 'Behinds', 'Contested Marks', 'Bounces', 'Ineffective Disposals']",0.8934391461254398,0.580598,0.503237,0.503237,0.503905,0.548214,0.548214,478156378596494.4,567113197353872.9,567113197353872.9,144.99,19260817.0,0.618594,0.575472,0.575472
200.0,12.0,0.7,0.4,0.01,0.01,"['AFLCA_votes', 'Disposals', 'Contested Possessions', 'Goals', 'Centre Clearances', 'Intercepts', 'Clearances', 'Marks Inside 50', 'Hitouts', 'Handballs', 'Behinds', 'Contested Marks', 'Bounces', 'Ineffective Disposals', 'Stoppage Clearances']",0.9003977265227703,0.601575,0.509259,0.509259,0.491142,0.544881,0.544881,466641703283324.0,565951348693714.2,565951348693714.2,158.47,19260817.0,0.619501,0.597484,0.597484
200.0,12.0,0.7,0.4,0.01,0.01,"['AFLCA_votes', 'Disposals', 'Contested Possessions', 'Goals', 'Centre Clearances', 'Intercepts', 'Clearances', 'Marks Inside 50', 'Hitouts', 'Handballs', 'Behinds', 'Contested Marks', 'Bounces', 'Ineffective Disposals', 'Stoppage Clearances', 'Tackles Inside 50']",0.906940299335011,0.603656,0.509004,0.509004,0.489857,0.545022,0.545022,465603061347651.8,565865770625252.4,565865770625252.4,158.44,19260817.0,0.631293,0.579665,0.579665
200.0,12.0,0.7,0.4,0.01,0.01,"['AFLCA_votes', 'Disposals', 'Contested Possessions', 'Goals', 'Centre Clearances', 'Intercepts', 'Clearances', 'Marks Inside 50', 'Hitouts', 'Handballs', 'Behinds', 'Contested Marks', 'Bounces', 'Ineffective Disposals', 'Stoppage Clearances', 'Tackles Inside 50', 'Rebound 50s']",0.9130469708326392,0.58927,0.499471,0.499471,0.498668,0.550288,0.550288,469976838856903.1,567078999997389.5,567078999997389.5,161.63,19260817.0,0.636735,0.567086,0.567086
200.0,12.0,0.7,0.4,0.01,0.01,"['AFLCA_votes', 'Disposals', 'Contested Possessions', 'Goals', 'Centre Clearances', 'Intercepts', 'Clearances', 'Marks Inside 50', 'Hitouts', 'Handballs', 'Behinds', 'Contested Marks', 'Bounces', 'Ineffective Disposals', 'Stoppage Clearances', 'Tackles Inside 50', 'Rebound 50s', 'One Percenters']",0.919120335160259,0.60803,0.506447,0.506447,0.487147,0.54644,0.54644,461739610529415.5,566937576865089.4,566937576865089.4,181.72,19260817.0,0.635147,0.582809,0.582809
200.0,12.0,0.7,0.4,0.01,0.01,"['AFLCA_votes', 'Disposals', 'Contested Possessions', 'Goals', 'Centre Clearances', 'Intercepts', 'Clearances', 'Marks Inside 50', 'Hitouts', 'Handballs', 'Behinds', 'Contested Marks', 'Bounces', 'Ineffective Disposals', 'Stoppage Clearances', 'Tackles Inside 50', 'Rebound 50s', 'One Percenters', 'Goal Assists']",0.924898549042972,0.615616,0.509674,0.509674,0.48241,0.54465,0.54465,455160943224003.75,561657166939590.8,561657166939590.8,177.23,19260817.0,0.619728,0.593291,0.593291
200.0,12.0,0.7,0.4,0.01,0.01,"['AFLCA_votes', 'Disposals', 'Contested Possessions', 'Goals', 'Centre Clearances', 'Intercepts', 'Clearances', 'Marks Inside 50', 'Hitouts', 'Handballs', 'Behinds', 'Contested Marks', 'Bounces', 'Ineffective Disposals', 'Stoppage Clearances', 'Tackles Inside 50', 'Rebound 50s', 'One Percenters', 'Goal Assists', 'Uncontested Possessions']",0.9306217431588558,0.620656,0.506014,0.506014,0.479237,0.546679,0.546679,456846745105680.1,572539353441584.6,572539353441584.6,204.28,19260817.0,0.634014,0.592243,0.592243
200.0,12.0,0.7,0.4,0.01,0.01,"['AFLCA_votes', 'Disposals', 'Contested Possessions', 'Goals', 'Centre Clearances', 'Intercepts', 'Clearances', 'Marks Inside 50', 'Hitouts', 'Handballs', 'Behinds', 'Contested Marks', 'Bounces', 'Ineffective Disposals', 'Stoppage Clearances', 'Tackles Inside 50', 'Rebound 50s', 'One Percenters', 'Goal Assists', 'Uncontested Possessions', 'Frees Agains']",0.9362167668092988,0.624564,0.509853,0.509853,0.476761,0.544551,0.544551,454261096151143.25,570510198039645.9,570510198039645.9,207.61,19260817.0,0.631746,0.610063,0.610063
200.0,12.0,0.7,0.4,0.01,0.01,"['AFLCA_votes', 'Disposals', 'Contested Possessions', 'Goals', 'Centre Clearances', 'Intercepts', 'Clearances', 'Marks Inside 50', 'Hitouts', 'Handballs', 'Behinds', 'Contested Marks', 'Bounces', 'Ineffective Disposals', 'Stoppage Clearances', 'Tackles Inside 50', 'Rebound 50s', 'One Percenters', 'Goal Assists', 'Uncontested Possessions', 'Frees Agains', 'Inside 50s']",0.9417404842109904,0.610315,0.496818,0.496818,0.485725,0.551744,0.551744,461498337082358.06,575703114561416.8,575703114561416.8,213.15,19260817.0,0.63424,0.591195,0.591195
200.0,12.0,0.7,0.4,0.01,0.01,"['AFLCA_votes', 'Disposals', 'Contested Possessions', 'Goals', 'Centre Clearances', 'Intercepts', 'Clearances', 'Marks Inside 50', 'Hitouts', 'Handballs', 'Behinds', 'Contested Marks', 'Bounces', 'Ineffective Disposals', 'Stoppage Clearances', 'Tackles Inside 50', 'Rebound 50s', 'One Percenters', 'Goal Assists', 'Uncontested Possessions', 'Frees Agains', 'Inside 50s', 'Frees For']",0.9470934756360015,0.634424,0.510154,0.510154,0.470459,0.544384,0.544384,449216387098267.1,573265423835755.2,573265423835755.2,237.68,19260817.0,0.631293,0.59434,0.59434
200.0,12.0,0.7,0.4,0.01,0.01,"['AFLCA_votes', 'Disposals', 'Contested Possessions', 'Goals', 'Centre Clearances', 'Intercepts', 'Clearances', 'Marks Inside 50', 'Hitouts', 'Handballs', 'Behinds', 'Contested Marks', 'Bounces', 'Ineffective Disposals', 'Stoppage Clearances', 'Tackles Inside 50', 'Rebound 50s', 'One Percenters', 'Goal Assists', 'Uncontested Possessions', 'Frees Agains', 'Inside 50s', 'Frees For', 'Metres Gained', 'Score Involvements']",0.9575623339697504,0.64847,0.515364,0.515364,0.461333,0.541481,0.541481,444976540660237.6,572319156809252.8,572319156809252.8,265.1,19260817.0,0.643991,0.577568,0.577568
200.0,12.0,0.7,0.4,0.01,0.01,"['AFLCA_votes', 'Disposals', 'Contested Possessions', 'Goals', 'Centre Clearances', 'Intercepts', 'Clearances', 'Marks Inside 50', 'Hitouts', 'Handballs', 'Behinds', 'Contested Marks', 'Bounces', 'Ineffective Disposals', 'Stoppage Clearances', 'Tackles Inside 50', 'Rebound 50s', 'One Percenters', 'Goal Assists', 'Uncontested Possessions', 'Frees Agains', 'Inside 50s', 'Frees For', 'Metres Gained', 'Score Involvements', 'Behind Assists']",0.96221169757485,0.626919,0.497004,0.497004,0.475264,0.551642,0.551642,457817952037461.44,585284027845324.4,585284027845324.4,269.43,19260817.0,0.640136,0.593291,0.593291
200.0,12.0,0.7,0.4,0.01,0.01,"['AFLCA_votes', 'Disposals', 'Contested Possessions', 'Goals', 'Centre Clearances', 'Intercepts', 'Clearances', 'Marks Inside 50', 'Hitouts', 'Handballs', 'Behinds', 'Contested Marks', 'Bounces', 'Ineffective Disposals', 'Stoppage Clearances', 'Tackles Inside 50', 'Rebound 50s', 'One Percenters', 'Goal Assists', 'Uncontested Possessions', 'Frees Agains', 'Inside 50s', 'Frees For', 'Metres Gained', 'Score Involvements', 'Behind Assists', 'Tackles Outside 50']",0.9668398251654758,0.642662,0.50801,0.50801,0.465128,0.545573,0.545573,448377219504218.5,574784596875100.8,574784596875100.8,249.26,19260817.0,0.643084,0.578616,0.578616
200.0,12.0,0.7,0.4,0.01,0.01,"['AFLCA_votes', 'Disposals', 'Contested Possessions', 'Goals', 'Centre Clearances', 'Intercepts', 'Clearances', 'Marks Inside 50', 'Hitouts', 'Handballs', 'Behinds', 'Contested Marks', 'Bounces', 'Ineffective Disposals', 'Stoppage Clearances', 'Tackles Inside 50', 'Rebound 50s', 'One Percenters', 'Goal Assists', 'Uncontested Possessions', 'Frees Agains', 'Inside 50s', 'Frees For', 'Metres Gained', 'Score Involvements', 'Behind Assists', 'Tackles Outside 50', 'Tackles']",0.9712453380319708,0.636847,0.497203,0.497203,0.468898,0.551533,0.551533,451769584494419.4,585604892690420.8,585604892690420.8,272.82,19260817.0,0.642857,0.596436,0.596436
200.0,12.0,0.7,0.4,0.01,0.01,"['AFLCA_votes', 'Disposals', 'Contested Possessions', 'Goals', 'Centre Clearances', 'Intercepts', 'Clearances', 'Marks Inside 50', 'Hitouts', 'Handballs', 'Behinds', 'Contested Marks', 'Bounces', 'Ineffective Disposals', 'Stoppage Clearances', 'Tackles Inside 50', 'Rebound 50s', 'One Percenters', 'Goal Assists', 'Uncontested Possessions', 'Frees Agains', 'Inside 50s', 'Frees For', 'Metres Gained', 'Score Involvements', 'Behind Assists', 'Tackles Outside 50', 'Tackles', 'Clangers']",0.9750128387391142,0.648267,0.510195,0.510195,0.461466,0.544361,0.544361,444401511982406.2,573600759026138.2,573600759026138.2,261.3,19260817.0,0.636508,0.575472,0.575472
200.0,12.0,0.7,0.4,0.01,0.01,"['AFLCA_votes', 'Disposals', 'Contested Possessions', 'Goals', 'Centre Clearances', 'Intercepts', 'Clearances', 'Marks Inside 50', 'Hitouts', 'Handballs', 'Behinds', 'Contested Marks', 'Bounces', 'Ineffective Disposals', 'Stoppage Clearances', 'Tackles Inside 50', 'Rebound 50s', 'One Percenters', 'Goal Assists', 'Uncontested Possessions', 'Frees Agains', 'Inside 50s', 'Frees For', 'Metres Gained', 'Score Involvements', 'Behind Assists', 'Tackles Outside 50', 'Tackles', 'Clangers', 'Uncontested Marks']",0.9786082458844692,0.642966,0.500022,0.500022,0.464931,0.549985,0.549985,447342688227152.2,581423609712067.9,581423609712067.9,286.04,19260817.0,0.650567,0.58805,0.58805
200.0,12.0,0.7,0.4,0.01,0.01,"['AFLCA_votes', 'Disposals', 'Contested Possessions', 'Goals', 'Centre Clearances', 'Intercepts', 'Clearances', 'Marks Inside 50', 'Hitouts', 'Handballs', 'Behinds', 'Contested Marks', 'Bounces', 'Ineffective Disposals', 'Stoppage Clearances', 'Tackles Inside 50', 'Rebound 50s', 'One Percenters', 'Goal Assists', 'Uncontested Possessions', 'Frees Agains', 'Inside 50s', 'Frees For', 'Metres Gained', 'Score Involvements', 'Behind Assists', 'Tackles Outside 50', 'Tackles', 'Clangers', 'Uncontested Marks', 'Marks Outside 50']",0.9821571136477903,0.65831,0.512766,0.512766,0.45483,0.54293,0.54293,438711795309021.8,572571959419315.2,572571959419315.2,284.33,19260817.0,0.637642,0.571279,0.571279
200.0,12.0,0.7,0.4,0.01,0.01,"['AFLCA_votes', 'Disposals', 'Contested Possessions', 'Goals', 'Centre Clearances', 'Intercepts', 'Clearances', 'Marks Inside 50', 'Hitouts', 'Handballs', 'Behinds', 'Contested Marks', 'Bounces', 'Ineffective Disposals', 'Stoppage Clearances', 'Tackles Inside 50', 'Rebound 50s', 'One Percenters', 'Goal Assists', 'Uncontested Possessions', 'Frees Agains', 'Inside 50s', 'Frees For', 'Metres Gained', 'Score Involvements', 'Behind Assists', 'Tackles Outside 50', 'Tackles', 'Clangers', 'Uncontested Marks', 'Marks Outside 50', 'Kicks']",0.9855366104335248,0.636265,0.496041,0.496041,0.469273,0.55217,0.55217,451955444908022.3,583042047028483.2,583042047028483.2,287.75,19260817.0,0.640136,0.587002,0.587002
200.0,12.0,0.7,0.4,0.01,0.01,"['AFLCA_votes', 'Disposals', 'Contested Possessions', 'Goals', 'Centre Clearances', 'Intercepts', 'Clearances', 'Marks Inside 50', 'Hitouts', 'Handballs', 'Behinds', 'Contested Marks', 'Bounces', 'Ineffective Disposals', 'Stoppage Clearances', 'Tackles Inside 50', 'Rebound 50s', 'One Percenters', 'Goal Assists', 'Uncontested Possessions', 'Frees Agains', 'Inside 50s', 'Frees For', 'Metres Gained', 'Score Involvements', 'Behind Assists', 'Tackles Outside 50', 'Tackles', 'Clangers', 'Uncontested Marks', 'Marks Outside 50', 'Kicks', 'Turnovers']",0.9888737229850916,0.663703,0.516423,0.516423,0.451227,0.540889,0.540889,436252649890053.75,570777540947139.0,570777540947139.0,316.6,19260817.0,0.637868,0.571279,0.571279
200.0,12.0,0.7,0.4,0.01,0.01,"['AFLCA_votes', 'Disposals', 'Contested Possessions', 'Goals', 'Centre Clearances', 'Intercepts', 'Clearances', 'Marks Inside 50', 'Hitouts', 'Handballs', 'Behinds', 'Contested Marks', 'Bounces', 'Ineffective Disposals', 'Stoppage Clearances', 'Tackles Inside 50', 'Rebound 50s', 'One Percenters', 'Goal Assists', 'Uncontested Possessions', 'Frees Agains', 'Inside 50s', 'Frees For', 'Metres Gained', 'Score Involvements', 'Behind Assists', 'Tackles Outside 50', 'Tackles', 'Clangers', 'Uncontested Marks', 'Marks Outside 50', 'Kicks', 'Turnovers', 'Marks']",0.9918657644199986,0.637805,0.493229,0.493229,0.468279,0.553708,0.553708,450132551465133.94,584464708972389.1,584464708972389.1,303.62,19260817.0,0.649887,0.589099,0.589099
200.0,12.0,0.7,0.4,0.01,0.01,"['AFLCA_votes', 'Disposals', 'Contested Possessions', 'Goals', 'Centre Clearances', 'Intercepts', 'Clearances', 'Marks Inside 50', 'Hitouts', 'Handballs', 'Behinds', 'Contested Marks', 'Bounces', 'Ineffective Disposals', 'Stoppage Clearances', 'Tackles Inside 50', 'Rebound 50s', 'One Percenters', 'Goal Assists', 'Uncontested Possessions', 'Frees Agains', 'Inside 50s', 'Frees For', 'Metres Gained', 'Score Involvements', 'Behind Assists', 'Tackles Outside 50', 'Tackles', 'Clangers', 'Uncontested Marks', 'Marks Outside 50', 'Kicks', 'Turnovers', 'Marks', 'Time On Ground %']",0.9946253824061244,0.669283,0.517741,0.517741,0.447468,0.540151,0.540151,433502204735943.75,570512745935833.5,570512745935833.5,318.14,19260817.0,0.645351,0.570231,0.570231
200.0,12.0,0.7,0.4,0.01,0.01,"['AFLCA_votes', 'Disposals', 'Contested Possessions', 'Goals', 'Centre Clearances', 'Intercepts', 'Clearances', 'Marks Inside 50', 'Hitouts', 'Handballs', 'Behinds', 'Contested Marks', 'Bounces', 'Ineffective Disposals', 'Stoppage Clearances', 'Tackles Inside 50', 'Rebound 50s', 'One Percenters', 'Goal Assists', 'Uncontested Possessions', 'Frees Agains', 'Inside 50s', 'Frees For', 'Metres Gained', 'Score Involvements', 'Behind Assists', 'Tackles Outside 50', 'Tackles', 'Clangers', 'Uncontested Marks', 'Marks Outside 50', 'Kicks', 'Turnovers', 'Marks', 'Time On Ground %', 'Effective Disposals']",0.9966894167418736,0.645595,0.499046,0.499046,0.463215,0.550521,0.550521,447448808378814.5,586126427673155.8,586126427673155.8,330.28,19260817.0,0.639002,0.603774,0.603774
200.0,12.0,0.7,0.4,0.01,0.01,"['AFLCA_votes', 'Disposals', 'Contested Possessions', 'Goals', 'Centre Clearances', 'Intercepts', 'Clearances', 'Marks Inside 50', 'Hitouts', 'Handballs', 'Behinds', 'Contested Marks', 'Bounces', 'Ineffective Disposals', 'Stoppage Clearances', 'Tackles Inside 50', 'Rebound 50s', 'One Percenters', 'Goal Assists', 'Uncontested Possessions', 'Frees Agains', 'Inside 50s', 'Frees For', 'Metres Gained', 'Score Involvements', 'Behind Assists', 'Tackles Outside 50', 'Tackles', 'Clangers', 'Uncontested Marks', 'Marks Outside 50', 'Kicks', 'Turnovers', 'Marks', 'Time On Ground %', 'Effective Disposals', 'HomeAway']",0.9984280188842564,0.662742,0.515379,0.515379,0.451871,0.541472,0.541472,438135185913688.8,572726330137531.4,572726330137531.4,328.51,19260817.0,0.642177,0.580713,0.580713
200.0,12.0,0.7,0.4,0.01,0.01,"['AFLCA_votes', 'Disposals', 'Contested Possessions', 'Goals', 'Centre Clearances', 'Intercepts', 'Clearances', 'Marks Inside 50', 'Hitouts', 'Handballs', 'Behinds', 'Contested Marks', 'Bounces', 'Ineffective Disposals', 'Stoppage Clearances', 'Tackles Inside 50', 'Rebound 50s', 'One Percenters', 'Goal Assists', 'Uncontested Possessions', 'Frees Agains', 'Inside 50s', 'Frees For', 'Metres Gained', 'Score Involvements', 'Behind Assists', 'Tackles Outside 50', 'Tackles', 'Clangers', 'Uncontested Marks', 'Marks Outside 50', 'Kicks', 'Turnovers', 'Marks', 'Time On Ground %', 'Effective Disposals', 'HomeAway', 'Winloss']",0.9999999999999998,0.657274,0.51112,0.51112,0.455519,0.543847,0.543847,442301614407489.8,582761172044405.0,582761172044405.0,352.83,19260817.0,0.635601,0.590147,0.590147
200.0,3.0,0.7,0.4,0.01,0.01,"['AFLCA_votes', 'Disposals', 'Contested Possessions', 'Goals', 'Centre Clearances', 'Intercepts', 'Clearances', 'Marks Inside 50', 'Hitouts', 'Handballs', 'Behinds', 'Contested Marks', 'Bounces', 'Ineffective Disposals', 'Stoppage Clearances', 'Tackles Inside 50', 'Rebound 50s', 'One Percenters', 'Goal Assists', 'Uncontested Possessions', 'Frees Agains']",0.9362167668092988,0.455727,0.486724,0.486724,0.57404,0.557251,0.557251,503785159508260.1,525207648125219.4,525207648125219.4,46.48,19260817.0,0.54127,0.581761,0.581761
200.0,6.0,0.7,0.4,0.01,0.01,"['AFLCA_votes', 'Disposals', 'Contested Possessions', 'Goals', 'Centre Clearances', 'Intercepts', 'Clearances', 'Marks Inside 50', 'Hitouts', 'Handballs', 'Behinds', 'Contested Marks', 'Bounces', 'Ineffective Disposals', 'Stoppage Clearances', 'Tackles Inside 50', 'Rebound 50s', 'One Percenters', 'Goal Assists', 'Uncontested Possessions', 'Frees Agains']",0.9362167668092988,0.5046,0.510295,0.510295,0.54766,0.544305,0.544305,518061314985023.7,563191049015109.2,563191049015109.2,89.42,19260817.0,0.551927,0.587002,0.587002
200.0,24.0,0.7,0.4,0.01,0.01,"['AFLCA_votes', 'Disposals', 'Contested Possessions', 'Goals', 'Centre Clearances', 'Intercepts', 'Clearances', 'Marks Inside 50', 'Hitouts', 'Handballs', 'Behinds', 'Contested Marks', 'Bounces', 'Ineffective Disposals', 'Stoppage Clearances', 'Tackles Inside 50', 'Rebound 50s', 'One Percenters', 'Goal Assists', 'Uncontested Possessions', 'Frees Agains']",0.9362167668092988,0.824674,0.479098,0.479098,0.325804,0.561375,0.561375,313306255541804.56,570358408038793.1,570358408038793.1,499.26,19260817.0,0.817007,0.567086,0.567086
200.0,48.0,0.7,0.4,0.01,0.01,"['AFLCA_votes', 'Disposals', 'Contested Possessions', 'Goals', 'Centre Clearances', 'Intercepts', 'Clearances', 'Marks Inside 50', 'Hitouts', 'Handballs', 'Behinds', 'Contested Marks', 'Bounces', 'Ineffective Disposals', 'Stoppage Clearances', 'Tackles Inside 50', 'Rebound 50s', 'One Percenters', 'Goal Assists', 'Uncontested Possessions', 'Frees Agains']",0.9362167668092988,0.873123,0.471081,0.471081,0.277156,0.565679,0.565679,303000468443347.25,583772970052781.4,583772970052781.4,896.88,19260817.0,0.832653,0.584906,0.584906
200.0,96.0,0.7,0.4,0.01,0.01,"['AFLCA_votes', 'Disposals', 'Contested Possessions', 'Goals', 'Centre Clearances', 'Intercepts', 'Clearances', 'Marks Inside 50', 'Hitouts', 'Handballs', 'Behinds', 'Contested Marks', 'Bounces', 'Ineffective Disposals', 'Stoppage Clearances', 'Tackles Inside 50', 'Rebound 50s', 'One Percenters', 'Goal Assists', 'Uncontested Possessions', 'Frees Agains']",0.9362167668092989,0.873188,0.471081,0.471081,0.277085,0.565679,0.565679,303036640545100.6,583744370780218.0,583744370780218.0,544.46,19260817.0,0.832653,0.563941,0.563941
200.0,192.0,0.7,0.4,0.01,0.01,"['AFLCA_votes', 'Disposals', 'Contested Possessions', 'Goals', 'Centre Clearances', 'Intercepts', 'Clearances', 'Marks Inside 50', 'Hitouts', 'Handballs', 'Behinds', 'Contested Marks', 'Bounces', 'Ineffective Disposals', 'Stoppage Clearances', 'Tackles Inside 50', 'Rebound 50s', 'One Percenters', 'Goal Assists', 'Uncontested Possessions', 'Frees Agains']",0.9362167668092989,0.873188,0.471081,0.471081,0.277085,0.565679,0.565679,303036640545100.6,583744370780218.0,583744370780218.0,537.94,19260817.0,0.832653,0.563941,0.563941
200.0,12.0,0.7,0.55,0.01,0.01,"['AFLCA_votes', 'Disposals', 'Contested Possessions', 'Goals', 'Centre Clearances', 'Intercepts', 'Clearances', 'Marks Inside 50', 'Hitouts', 'Handballs', 'Behinds', 'Contested Marks', 'Bounces', 'Ineffective Disposals', 'Stoppage Clearances', 'Tackles Inside 50', 'Rebound 50s', 'One Percenters', 'Goal Assists', 'Uncontested Possessions', 'Frees Agains']",0.9362167668092989,0.673955,0.533087,0.533087,0.444295,0.531488,0.531488,430044322586310.06,564896756121605.8,564896756121605.8,149.56,19260817.0,0.621088,0.591195,0.591195
200.0,12.0,0.7,0.7,0.01,0.01,"['AFLCA_votes', 'Disposals', 'Contested Possessions', 'Goals', 'Centre Clearances', 'Intercepts', 'Clearances', 'Marks Inside 50', 'Hitouts', 'Handballs', 'Behinds', 'Contested Marks', 'Bounces', 'Ineffective Disposals', 'Stoppage Clearances', 'Tackles Inside 50', 'Rebound 50s', 'One Percenters', 'Goal Assists', 'Uncontested Possessions', 'Frees Agains']",0.9362167668092989,0.705617,0.541298,0.541298,0.422172,0.526794,0.526794,408463999404840.94,557181390428545.3,557181390428545.3,173.07,19260817.0,0.617007,0.58805,0.58805
200.0,12.0,0.7,0.85,0.01,0.01,"['AFLCA_votes', 'Disposals', 'Contested Possessions', 'Goals', 'Centre Clearances', 'Intercepts', 'Clearances', 'Marks Inside 50', 'Hitouts', 'Handballs', 'Behinds', 'Contested Marks', 'Bounces', 'Ineffective Disposals', 'Stoppage Clearances', 'Tackles Inside 50', 'Rebound 50s', 'One Percenters', 'Goal Assists', 'Uncontested Possessions', 'Frees Agains']",0.9362167668092989,0.721851,0.541779,0.541779,0.410367,0.526517,0.526517,395950554745716.3,552857636340829.44,552857636340829.44,204.54,19260817.0,0.61542,0.569182,0.569182
200.0,12.0,0.4,0.4,0.01,0.01,"['AFLCA_votes', 'Disposals', 'Contested Possessions', 'Goals', 'Centre Clearances', 'Intercepts', 'Clearances', 'Marks Inside 50', 'Hitouts', 'Handballs', 'Behinds', 'Contested Marks', 'Bounces', 'Ineffective Disposals', 'Stoppage Clearances', 'Tackles Inside 50', 'Rebound 50s', 'One Percenters', 'Goal Assists', 'Uncontested Possessions', 'Frees Agains']",0.9362167668092989,0.61242,0.509021,0.509021,0.484411,0.545013,0.545013,460196341641933.4,567770018908026.5,567770018908026.5,116.9,19260817.0,0.61678,0.591195,0.591195
200.0,12.0,0.55,0.4,0.01,0.01,"['AFLCA_votes', 'Disposals', 'Contested Possessions', 'Goals', 'Centre Clearances', 'Intercepts', 'Clearances', 'Marks Inside 50', 'Hitouts', 'Handballs', 'Behinds', 'Contested Marks', 'Bounces', 'Ineffective Disposals', 'Stoppage Clearances', 'Tackles Inside 50', 'Rebound 50s', 'One Percenters', 'Goal Assists', 'Uncontested Possessions', 'Frees Agains']",0.9362167668092989,0.619585,0.509016,0.509016,0.479913,0.545015,0.545015,456828728289502.3,567742846450960.4,567742846450960.4,124.28,19260817.0,0.630385,0.597484,0.597484
200.0,12.0,0.85,0.4,0.01,0.01,"['AFLCA_votes', 'Disposals', 'Contested Possessions', 'Goals', 'Centre Clearances', 'Intercepts', 'Clearances', 'Marks Inside 50', 'Hitouts', 'Handballs', 'Behinds', 'Contested Marks', 'Bounces', 'Ineffective Disposals', 'Stoppage Clearances', 'Tackles Inside 50', 'Rebound 50s', 'One Percenters', 'Goal Assists', 'Uncontested Possessions', 'Frees Agains']",0.9362167668092989,0.62838,0.509766,0.509766,0.474333,0.544599,0.544599,452497728236816.75,570830443324238.9,570830443324238.9,113.19,19260817.0,0.633333,0.579665,0.579665
25.0,12.0,0.7,0.4,0.01,0.01,"['AFLCA_votes', 'Disposals', 'Contested Possessions', 'Goals', 'Centre Clearances', 'Intercepts', 'Clearances', 'Marks Inside 50', 'Hitouts', 'Handballs', 'Behinds', 'Contested Marks', 'Bounces', 'Ineffective Disposals', 'Stoppage Clearances', 'Tackles Inside 50', 'Rebound 50s', 'One Percenters', 'Goal Assists', 'Uncontested Possessions', 'Frees Agains']",0.9362167668092989,-0.076963,-0.094235,-0.094235,0.807483,0.813637,0.813637,1521551992944477.8,1522654926625596.0,1522654926625596.0,14.87,19260817.0,0.460544,0.372117,0.372117
50.0,12.0,0.7,0.4,0.01,0.01,"['AFLCA_votes', 'Disposals', 'Contested Possessions', 'Goals', 'Centre Clearances', 'Intercepts', 'Clearances', 'Marks Inside 50', 'Hitouts', 'Handballs', 'Behinds', 'Contested Marks', 'Bounces', 'Ineffective Disposals', 'Stoppage Clearances', 'Tackles Inside 50', 'Rebound 50s', 'One Percenters', 'Goal Assists', 'Uncontested Possessions', 'Frees Agains']",0.9362167668092989,0.156151,0.121427,0.121427,0.714769,0.729061,0.729061,1185956463474789.5,1195769487872804.5,1195769487872804.5,28.97,19260817.0,0.625397,0.580713,0.580713
100.0,12.0,0.7,0.4,0.01,0.01,"['AFLCA_votes', 'Disposals', 'Contested Possessions', 'Goals', 'Centre Clearances', 'Intercepts', 'Clearances', 'Marks Inside 50', 'Hitouts', 'Handballs', 'Behinds', 'Contested Marks', 'Bounces', 'Ineffective Disposals', 'Stoppage Clearances', 'Tackles Inside 50', 'Rebound 50s', 'One Percenters', 'Goal Assists', 'Uncontested Possessions', 'Frees Agains']",0.9362167668092989,0.427274,0.359649,0.359649,0.588853,0.622421,0.622421,762133788578998.2,815882332398139.9,815882332398139.9,58.17,19260817.0,0.610204,0.568134,0.568134
400.0,12.0,0.7,0.4,0.01,0.01,"['AFLCA_votes', 'Disposals', 'Contested Possessions', 'Goals', 'Centre Clearances', 'Intercepts', 'Clearances', 'Marks Inside 50', 'Hitouts', 'Handballs', 'Behinds', 'Contested Marks', 'Bounces', 'Ineffective Disposals', 'Stoppage Clearances', 'Tackles Inside 50', 'Rebound 50s', 'One Percenters', 'Goal Assists', 'Uncontested Possessions', 'Frees Agains']",0.9362167668092989,0.735735,0.560428,0.560428,0.399994,0.515692,0.515692,344306604352941.56,518411276911136.56,518411276911136.56,236.07,19260817.0,0.661224,0.59434,0.59434
200.0,12.0,0.7,0.4,1e-08,0.01,"['AFLCA_votes', 'Disposals', 'Contested Possessions', 'Goals', 'Centre Clearances', 'Intercepts', 'Clearances', 'Marks Inside 50', 'Hitouts', 'Handballs', 'Behinds', 'Contested Marks', 'Bounces', 'Ineffective Disposals', 'Stoppage Clearances', 'Tackles Inside 50', 'Rebound 50s', 'One Percenters', 'Goal Assists', 'Uncontested Possessions', 'Frees Agains']",0.9362167668092989,0.624577,0.509899,0.509899,0.476753,0.544525,0.544525,454260134881064.5,570510433074402.6,570510433074402.6,118.24,19260817.0,0.634014,0.610063,0.610063
200.0,12.0,0.7,0.4,1e-06,0.01,"['AFLCA_votes', 'Disposals', 'Contested Possessions', 'Goals', 'Centre Clearances', 'Intercepts', 'Clearances', 'Marks Inside 50', 'Hitouts', 'Handballs', 'Behinds', 'Contested Marks', 'Bounces', 'Ineffective Disposals', 'Stoppage Clearances', 'Tackles Inside 50', 'Rebound 50s', 'One Percenters', 'Goal Assists', 'Uncontested Possessions', 'Frees Agains']",0.9362167668092989,0.624577,0.509899,0.509899,0.476753,0.544525,0.544525,454260134881064.5,570510433074402.6,570510433074402.6,116.73,19260817.0,0.634014,0.610063,0.610063
200.0,12.0,0.7,0.4,0.0001,0.01,"['AFLCA_votes', 'Disposals', 'Contested Possessions', 'Goals', 'Centre Clearances', 'Intercepts', 'Clearances', 'Marks Inside 50', 'Hitouts', 'Handballs', 'Behinds', 'Contested Marks', 'Bounces', 'Ineffective Disposals', 'Stoppage Clearances', 'Tackles Inside 50', 'Rebound 50s', 'One Percenters', 'Goal Assists', 'Uncontested Possessions', 'Frees Agains']",0.9362167668092989,0.624567,0.509897,0.509897,0.476759,0.544526,0.544526,454288803745170.6,570495170190940.0,570495170190940.0,115.98,19260817.0,0.632653,0.610063,0.610063
200.0,12.0,0.7,0.4,0.1,0.01,"['AFLCA_votes', 'Disposals', 'Contested Possessions', 'Goals', 'Centre Clearances', 'Intercepts', 'Clearances', 'Marks Inside 50', 'Hitouts', 'Handballs', 'Behinds', 'Contested Marks', 'Bounces', 'Ineffective Disposals', 'Stoppage Clearances', 'Tackles Inside 50', 'Rebound 50s', 'One Percenters', 'Goal Assists', 'Uncontested Possessions', 'Frees Agains']",0.9362167668092989,0.624565,0.50988,0.50988,0.476761,0.544536,0.544536,454278025876625.7,570758184377249.4,570758184377249.4,117.44,19260817.0,0.633333,0.610063,0.610063
200.0,12.0,0.7,0.4,0.01,0.0001,"['AFLCA_votes', 'Disposals', 'Contested Possessions', 'Goals', 'Centre Clearances', 'Intercepts', 'Clearances', 'Marks Inside 50', 'Hitouts', 'Handballs', 'Behinds', 'Contested Marks', 'Bounces', 'Ineffective Disposals', 'Stoppage Clearances', 'Tackles Inside 50', 'Rebound 50s', 'One Percenters', 'Goal Assists', 'Uncontested Possessions', 'Frees Agains']",0.9362167668092989,-0.380394,-0.382057,-0.382057,0.914187,0.914404,0.914404,1916992241127873.0,1917254342839758.8,1917254342839758.8,119.07,19260817.0,0.235374,0.21174,0.21174
200.0,12.0,0.7,0.4,0.01,0.001,"['AFLCA_votes', 'Disposals', 'Contested Possessions', 'Goals', 'Centre Clearances', 'Intercepts', 'Clearances', 'Marks Inside 50', 'Hitouts', 'Handballs', 'Behinds', 'Contested Marks', 'Bounces', 'Ineffective Disposals', 'Stoppage Clearances', 'Tackles Inside 50', 'Rebound 50s', 'One Percenters', 'Goal Assists', 'Uncontested Possessions', 'Frees Agains']",0.9362167668092989,-0.130764,-0.144909,-0.144909,0.827407,0.832263,0.832263,1601384145086016.2,1601970113845698.8,1601970113845698.8,116.48,19260817.0,0.295692,0.221174,0.221174
200.0,12.0,0.7,0.4,0.01,0.1,"['AFLCA_votes', 'Disposals', 'Contested Possessions', 'Goals', 'Centre Clearances', 'Intercepts', 'Clearances', 'Marks Inside 50', 'Hitouts', 'Handballs', 'Behinds', 'Contested Marks', 'Bounces', 'Ineffective Disposals', 'Stoppage Clearances', 'Tackles Inside 50', 'Rebound 50s', 'One Percenters', 'Goal Assists', 'Uncontested Possessions', 'Frees Agains']",0.9362167668092989,0.869176,0.537169,0.537169,0.281435,0.529159,0.529159,236571321582843.34,532521425516022.25,532521425516022.25,116.4,19260817.0,0.764626,0.562893,0.562893
200.0,12.0,0.7,0.4,0.01,1.0,"['AFLCA_votes', 'Disposals', 'Contested Possessions', 'Goals', 'Centre Clearances', 'Intercepts', 'Clearances', 'Marks Inside 50', 'Hitouts', 'Handballs', 'Behinds', 'Contested Marks', 'Bounces', 'Ineffective Disposals', 'Stoppage Clearances', 'Tackles Inside 50', 'Rebound 50s', 'One Percenters', 'Goal Assists', 'Uncontested Possessions', 'Frees Agains']",0.9362167668092989,0.949594,0.001038,0.001038,0.174693,0.777409,0.777409,343397006003656.56,1083581129859630.2,1083581129859630.2,117.92,19260817.0,0.831973,0.538784,0.538784
200.0,12.0,0.7,0.4,0.01,10.0,"['AFLCA_votes', 'Disposals', 'Contested Possessions', 'Goals', 'Centre Clearances', 'Intercepts', 'Clearances', 'Marks Inside 50', 'Hitouts', 'Handballs', 'Behinds', 'Contested Marks', 'Bounces', 'Ineffective Disposals', 'Stoppage Clearances', 'Tackles Inside 50', 'Rebound 50s', 'One Percenters', 'Goal Assists', 'Uncontested Possessions', 'Frees Agains']",0.9362167668092989,0.0,0.0,0.0,0.0,0.0,0.0,0.0,0.0,0.0,18.34,19260817.0,0.0,0.0,0.0
