n_estimators,max_depth,subsample,colsample_bylevel,max_bin,reg_lambda,learning_rate,features,feature combo ningxiang score,Train r2,Val r2,Test r2,Train RMSE,Val RMSE,Test RMSE,Train MAPE,Val MAPE,Test MAPE,Time,random_state,verbose,Train Brownlow Metric,Val Brownlow Metric,Test Brownlow Metric
50.0,16.0,0.7,0.7,256.0,0.01,0.1,"['AFLCA_votes', 'Disposals', 'Contested Possessions']",0.7562403677250018,0.539516,0.56458,0.56458,0.528008,0.513251,0.513251,429863599774993.94,440447820587057.2,440447820587057.2,14.09,19260817.0,False,0.531519,0.582809,0.582809
50.0,16.0,0.7,0.7,256.0,0.01,0.1,"['AFLCA_votes', 'Disposals', 'Contested Possessions', 'Goals']",0.7765535537689908,0.566763,0.57267,0.57267,0.512149,0.50846,0.50846,419993967513830.7,446413733746354.25,446413733746354.25,12.64,19260817.0,False,0.565986,0.593291,0.593291
50.0,16.0,0.7,0.7,256.0,0.01,0.1,"['AFLCA_votes', 'Disposals', 'Contested Possessions', 'Goals', 'Centre Clearances']",0.7919471007529546,0.591794,0.567914,0.567914,0.497133,0.511282,0.511282,401258753661918.56,453345849295571.2,453345849295571.2,13.03,19260817.0,False,0.569615,0.590147,0.590147
50.0,16.0,0.7,0.7,256.0,0.01,0.1,"['AFLCA_votes', 'Disposals', 'Contested Possessions', 'Goals', 'Centre Clearances', 'Intercepts']",0.8049857274440886,0.604841,0.576433,0.576433,0.489125,0.506216,0.506216,392667306445243.0,446956629834882.7,446956629834882.7,14.6,19260817.0,False,0.573469,0.59434,0.59434
50.0,16.0,0.7,0.7,256.0,0.01,0.1,"['AFLCA_votes', 'Disposals', 'Contested Possessions', 'Goals', 'Centre Clearances', 'Intercepts', 'Clearances']",0.8175406880045384,0.618278,0.578651,0.578651,0.480736,0.504889,0.504889,387670653221929.7,447829425375778.94,447829425375778.94,15.79,19260817.0,False,0.576644,0.600629,0.600629
50.0,16.0,0.7,0.7,256.0,0.01,0.1,"['AFLCA_votes', 'Disposals', 'Contested Possessions', 'Goals', 'Centre Clearances', 'Intercepts', 'Clearances', 'Marks Inside 50']",0.8299825644950556,0.629983,0.576617,0.576617,0.473308,0.506106,0.506106,380246100026203.94,451446657679542.25,451446657679542.25,17.66,19260817.0,False,0.58322,0.598532,0.598532
50.0,16.0,0.7,0.7,256.0,0.01,0.1,"['AFLCA_votes', 'Disposals', 'Contested Possessions', 'Goals', 'Centre Clearances', 'Intercepts', 'Clearances', 'Marks Inside 50', 'Hitouts']",0.8421594803742163,0.639149,0.572359,0.572359,0.46741,0.508645,0.508645,372936947661710.7,456403011899147.7,456403011899147.7,20.35,19260817.0,False,0.602041,0.599581,0.599581
50.0,16.0,0.7,0.7,256.0,0.01,0.1,"['AFLCA_votes', 'Disposals', 'Contested Possessions', 'Goals', 'Centre Clearances', 'Intercepts', 'Clearances', 'Marks Inside 50', 'Hitouts', 'Handballs']",0.8541358029977908,0.638975,0.574343,0.574343,0.467522,0.507464,0.507464,374801172835189.75,455873495164290.9,455873495164290.9,27.91,19260817.0,False,0.592744,0.582809,0.582809
50.0,16.0,0.7,0.7,256.0,0.01,0.1,"['AFLCA_votes', 'Disposals', 'Contested Possessions', 'Goals', 'Centre Clearances', 'Intercepts', 'Clearances', 'Marks Inside 50', 'Hitouts', 'Handballs', 'Behinds']",0.8659768297633487,0.653791,0.568403,0.568403,0.457828,0.510993,0.510993,364984307515355.25,460693520689476.7,460693520689476.7,24.64,19260817.0,False,0.59229,0.589099,0.589099
50.0,16.0,0.7,0.7,256.0,0.01,0.1,"['AFLCA_votes', 'Disposals', 'Contested Possessions', 'Goals', 'Centre Clearances', 'Intercepts', 'Clearances', 'Marks Inside 50', 'Hitouts', 'Handballs', 'Behinds', 'Contested Marks']",0.8764627957636986,0.664728,0.571818,0.571818,0.450539,0.508967,0.508967,360650582778954.3,464347885640239.56,464347885640239.56,24.3,19260817.0,False,0.597052,0.556604,0.556604
50.0,16.0,0.7,0.7,256.0,0.01,0.1,"['AFLCA_votes', 'Disposals', 'Contested Possessions', 'Goals', 'Centre Clearances', 'Intercepts', 'Clearances', 'Marks Inside 50', 'Hitouts', 'Handballs', 'Behinds', 'Contested Marks', 'Bounces']",0.8858545003433346,0.676201,0.573821,0.573821,0.442763,0.507775,0.507775,352463357338280.44,463855036324044.56,463855036324044.56,25.75,19260817.0,False,0.60839,0.581761,0.581761
50.0,16.0,0.7,0.7,256.0,0.01,0.1,"['AFLCA_votes', 'Disposals', 'Contested Possessions', 'Goals', 'Centre Clearances', 'Intercepts', 'Clearances', 'Marks Inside 50', 'Hitouts', 'Handballs', 'Behinds', 'Contested Marks', 'Bounces', 'Ineffective Disposals']",0.8934391461254398,0.680457,0.572647,0.572647,0.439843,0.508474,0.508474,348985479407922.7,457710413540224.3,457710413540224.3,26.54,19260817.0,False,0.599093,0.590147,0.590147
50.0,16.0,0.7,0.7,256.0,0.01,0.1,"['AFLCA_votes', 'Disposals', 'Contested Possessions', 'Goals', 'Centre Clearances', 'Intercepts', 'Clearances', 'Marks Inside 50', 'Hitouts', 'Handballs', 'Behinds', 'Contested Marks', 'Bounces', 'Ineffective Disposals', 'Stoppage Clearances']",0.9003977265227703,0.686388,0.573137,0.573137,0.435742,0.508182,0.508182,345920675886035.0,457546672675010.56,457546672675010.56,27.73,19260817.0,False,0.604535,0.601677,0.601677
50.0,16.0,0.7,0.7,256.0,0.01,0.1,"['AFLCA_votes', 'Disposals', 'Contested Possessions', 'Goals', 'Centre Clearances', 'Intercepts', 'Clearances', 'Marks Inside 50', 'Hitouts', 'Handballs', 'Behinds', 'Contested Marks', 'Bounces', 'Ineffective Disposals', 'Stoppage Clearances', 'Tackles Inside 50']",0.906940299335011,0.693417,0.57305,0.57305,0.430831,0.508234,0.508234,343906790323428.0,458351198241815.06,458351198241815.06,27.11,19260817.0,False,0.611791,0.582809,0.582809
50.0,16.0,0.7,0.7,256.0,0.01,0.1,"['AFLCA_votes', 'Disposals', 'Contested Possessions', 'Goals', 'Centre Clearances', 'Intercepts', 'Clearances', 'Marks Inside 50', 'Hitouts', 'Handballs', 'Behinds', 'Contested Marks', 'Bounces', 'Ineffective Disposals', 'Stoppage Clearances', 'Tackles Inside 50', 'Rebound 50s']",0.9130469708326392,0.692246,0.572123,0.572123,0.431653,0.508786,0.508786,344519763626781.7,459760886743559.8,459760886743559.8,26.91,19260817.0,False,0.6161,0.575472,0.575472
50.0,16.0,0.7,0.7,256.0,0.01,0.1,"['AFLCA_votes', 'Disposals', 'Contested Possessions', 'Goals', 'Centre Clearances', 'Intercepts', 'Clearances', 'Marks Inside 50', 'Hitouts', 'Handballs', 'Behinds', 'Contested Marks', 'Bounces', 'Ineffective Disposals', 'Stoppage Clearances', 'Tackles Inside 50', 'Rebound 50s', 'One Percenters']",0.919120335160259,0.688008,0.573316,0.573316,0.434615,0.508076,0.508076,347324057881184.44,458743361351717.44,458743361351717.44,28.45,19260817.0,False,0.621995,0.583857,0.583857
50.0,16.0,0.7,0.7,256.0,0.01,0.1,"['AFLCA_votes', 'Disposals', 'Contested Possessions', 'Goals', 'Centre Clearances', 'Intercepts', 'Clearances', 'Marks Inside 50', 'Hitouts', 'Handballs', 'Behinds', 'Contested Marks', 'Bounces', 'Ineffective Disposals', 'Stoppage Clearances', 'Tackles Inside 50', 'Rebound 50s', 'One Percenters', 'Goal Assists']",0.9248985490429719,0.702258,0.567302,0.567302,0.424574,0.511644,0.511644,341130785849415.75,461723445384659.06,461723445384659.06,31.11,19260817.0,False,0.630839,0.571279,0.571279
50.0,16.0,0.7,0.7,256.0,0.01,0.1,"['AFLCA_votes', 'Disposals', 'Contested Possessions', 'Goals', 'Centre Clearances', 'Intercepts', 'Clearances', 'Marks Inside 50', 'Hitouts', 'Handballs', 'Behinds', 'Contested Marks', 'Bounces', 'Ineffective Disposals', 'Stoppage Clearances', 'Tackles Inside 50', 'Rebound 50s', 'One Percenters', 'Goal Assists', 'Uncontested Possessions']",0.9306217431588558,0.70165,0.571465,0.571465,0.425007,0.509177,0.509177,340167965456488.0,459395351658994.2,459395351658994.2,31.64,19260817.0,False,0.627438,0.60587,0.60587
50.0,16.0,0.7,0.7,256.0,0.01,0.1,"['AFLCA_votes', 'Disposals', 'Contested Possessions', 'Goals', 'Centre Clearances', 'Intercepts', 'Clearances', 'Marks Inside 50', 'Hitouts', 'Handballs', 'Behinds', 'Contested Marks', 'Bounces', 'Ineffective Disposals', 'Stoppage Clearances', 'Tackles Inside 50', 'Rebound 50s', 'One Percenters', 'Goal Assists', 'Uncontested Possessions', 'Frees Agains']",0.9362167668092989,0.707955,0.571121,0.571121,0.420493,0.509381,0.509381,339751002184065.1,463070542668290.3,463070542668290.3,32.44,19260817.0,False,0.6322,0.589099,0.589099
50.0,16.0,0.7,0.7,256.0,0.01,0.1,"['AFLCA_votes', 'Disposals', 'Contested Possessions', 'Goals', 'Centre Clearances', 'Intercepts', 'Clearances', 'Marks Inside 50', 'Hitouts', 'Handballs', 'Behinds', 'Contested Marks', 'Bounces', 'Ineffective Disposals', 'Stoppage Clearances', 'Tackles Inside 50', 'Rebound 50s', 'One Percenters', 'Goal Assists', 'Uncontested Possessions', 'Frees Agains', 'Inside 50s']",0.9417404842109905,0.710046,0.574601,0.574601,0.418984,0.50731,0.50731,338939739272494.7,456768047291976.3,456768047291976.3,34.62,19260817.0,False,0.642857,0.568134,0.568134
50.0,16.0,0.7,0.7,256.0,0.01,0.1,"['AFLCA_votes', 'Disposals', 'Contested Possessions', 'Goals', 'Centre Clearances', 'Intercepts', 'Clearances', 'Marks Inside 50', 'Hitouts', 'Handballs', 'Behinds', 'Contested Marks', 'Bounces', 'Ineffective Disposals', 'Stoppage Clearances', 'Tackles Inside 50', 'Rebound 50s', 'One Percenters', 'Goal Assists', 'Uncontested Possessions', 'Frees Agains', 'Inside 50s', 'Frees For']",0.9470934756360015,0.714548,0.571016,0.571016,0.415719,0.509443,0.509443,336055076399499.8,463366876432878.8,463366876432878.8,34.97,19260817.0,False,0.642177,0.583857,0.583857
50.0,16.0,0.7,0.7,256.0,0.01,0.1,"['AFLCA_votes', 'Disposals', 'Contested Possessions', 'Goals', 'Centre Clearances', 'Intercepts', 'Clearances', 'Marks Inside 50', 'Hitouts', 'Handballs', 'Behinds', 'Contested Marks', 'Bounces', 'Ineffective Disposals', 'Stoppage Clearances', 'Tackles Inside 50', 'Rebound 50s', 'One Percenters', 'Goal Assists', 'Uncontested Possessions', 'Frees Agains', 'Inside 50s', 'Frees For', 'Metres Gained']",0.9523402288050722,0.717244,0.570729,0.570729,0.413751,0.509614,0.509614,334825084415877.25,459812124635280.75,459812124635280.75,57.44,19260817.0,False,0.64263,0.615304,0.615304
50.0,16.0,0.7,0.7,256.0,0.01,0.1,"['AFLCA_votes', 'Disposals', 'Contested Possessions', 'Goals', 'Centre Clearances', 'Intercepts', 'Clearances', 'Marks Inside 50', 'Hitouts', 'Handballs', 'Behinds', 'Contested Marks', 'Bounces', 'Ineffective Disposals', 'Stoppage Clearances', 'Tackles Inside 50', 'Rebound 50s', 'One Percenters', 'Goal Assists', 'Uncontested Possessions', 'Frees Agains', 'Inside 50s', 'Frees For', 'Metres Gained', 'Score Involvements']",0.9575623339697504,0.715236,0.568794,0.568794,0.415218,0.510761,0.510761,338350336194717.6,459986330682210.44,459986330682210.44,48.79,19260817.0,False,0.645805,0.596436,0.596436
50.0,16.0,0.7,0.7,256.0,0.01,0.1,"['AFLCA_votes', 'Disposals', 'Contested Possessions', 'Goals', 'Centre Clearances', 'Intercepts', 'Clearances', 'Marks Inside 50', 'Hitouts', 'Handballs', 'Behinds', 'Contested Marks', 'Bounces', 'Ineffective Disposals', 'Stoppage Clearances', 'Tackles Inside 50', 'Rebound 50s', 'One Percenters', 'Goal Assists', 'Uncontested Possessions', 'Frees Agains', 'Inside 50s', 'Frees For', 'Metres Gained', 'Score Involvements', 'Behind Assists']",0.9622116975748499,0.717073,0.566953,0.566953,0.413876,0.51185,0.51185,337173016458548.0,465567129075960.4,465567129075960.4,49.38,19260817.0,False,0.648753,0.579665,0.579665
50.0,16.0,0.7,0.7,256.0,0.01,0.1,"['AFLCA_votes', 'Disposals', 'Contested Possessions', 'Goals', 'Centre Clearances', 'Intercepts', 'Clearances', 'Marks Inside 50', 'Hitouts', 'Handballs', 'Behinds', 'Contested Marks', 'Bounces', 'Ineffective Disposals', 'Stoppage Clearances', 'Tackles Inside 50', 'Rebound 50s', 'One Percenters', 'Goal Assists', 'Uncontested Possessions', 'Frees Agains', 'Inside 50s', 'Frees For', 'Metres Gained', 'Score Involvements', 'Behind Assists', 'Tackles Outside 50']",0.9668398251654758,0.717417,0.566449,0.566449,0.413625,0.512148,0.512148,336043508847437.06,461859610114148.56,461859610114148.56,49.76,19260817.0,False,0.643991,0.592243,0.592243
50.0,16.0,0.7,0.7,256.0,0.01,0.1,"['AFLCA_votes', 'Disposals', 'Contested Possessions', 'Goals', 'Centre Clearances', 'Intercepts', 'Clearances', 'Marks Inside 50', 'Hitouts', 'Handballs', 'Behinds', 'Contested Marks', 'Bounces', 'Ineffective Disposals', 'Stoppage Clearances', 'Tackles Inside 50', 'Rebound 50s', 'One Percenters', 'Goal Assists', 'Uncontested Possessions', 'Frees Agains', 'Inside 50s', 'Frees For', 'Metres Gained', 'Score Involvements', 'Behind Assists', 'Tackles Outside 50', 'Tackles']",0.9712453380319709,0.724162,0.56506,0.56506,0.408658,0.512968,0.512968,333039282030101.7,462867633583223.2,462867633583223.2,54.13,19260817.0,False,0.655782,0.574423,0.574423
50.0,16.0,0.7,0.7,256.0,0.01,0.1,"['AFLCA_votes', 'Disposals', 'Contested Possessions', 'Goals', 'Centre Clearances', 'Intercepts', 'Clearances', 'Marks Inside 50', 'Hitouts', 'Handballs', 'Behinds', 'Contested Marks', 'Bounces', 'Ineffective Disposals', 'Stoppage Clearances', 'Tackles Inside 50', 'Rebound 50s', 'One Percenters', 'Goal Assists', 'Uncontested Possessions', 'Frees Agains', 'Inside 50s', 'Frees For', 'Metres Gained', 'Score Involvements', 'Behind Assists', 'Tackles Outside 50', 'Tackles', 'Clangers']",0.9750128387391142,0.724538,0.566029,0.566029,0.40838,0.512396,0.512396,335164904443051.6,465398974305541.2,465398974305541.2,51.65,19260817.0,False,0.660998,0.596436,0.596436
50.0,16.0,0.7,0.7,256.0,0.01,0.1,"['AFLCA_votes', 'Disposals', 'Contested Possessions', 'Goals', 'Centre Clearances', 'Intercepts', 'Clearances', 'Marks Inside 50', 'Hitouts', 'Handballs', 'Behinds', 'Contested Marks', 'Bounces', 'Ineffective Disposals', 'Stoppage Clearances', 'Tackles Inside 50', 'Rebound 50s', 'One Percenters', 'Goal Assists', 'Uncontested Possessions', 'Frees Agains', 'Inside 50s', 'Frees For', 'Metres Gained', 'Score Involvements', 'Behind Assists', 'Tackles Outside 50', 'Tackles', 'Clangers', 'Uncontested Marks']",0.9786082458844693,0.721468,0.564333,0.564333,0.410649,0.513396,0.513396,336046918921550.0,465707799746907.0,465707799746907.0,54.66,19260817.0,False,0.648073,0.571279,0.571279
50.0,16.0,0.7,0.7,256.0,0.01,0.1,"['AFLCA_votes', 'Disposals', 'Contested Possessions', 'Goals', 'Centre Clearances', 'Intercepts', 'Clearances', 'Marks Inside 50', 'Hitouts', 'Handballs', 'Behinds', 'Contested Marks', 'Bounces', 'Ineffective Disposals', 'Stoppage Clearances', 'Tackles Inside 50', 'Rebound 50s', 'One Percenters', 'Goal Assists', 'Uncontested Possessions', 'Frees Agains', 'Inside 50s', 'Frees For', 'Metres Gained', 'Score Involvements', 'Behind Assists', 'Tackles Outside 50', 'Tackles', 'Clangers', 'Uncontested Marks', 'Marks Outside 50']",0.9821571136477905,0.716136,0.567551,0.567551,0.414561,0.511497,0.511497,343396350811752.0,467598747844115.1,467598747844115.1,58.77,19260817.0,False,0.65034,0.575472,0.575472
50.0,16.0,0.7,0.7,256.0,0.01,0.1,"['AFLCA_votes', 'Disposals', 'Contested Possessions', 'Goals', 'Centre Clearances', 'Intercepts', 'Clearances', 'Marks Inside 50', 'Hitouts', 'Handballs', 'Behinds', 'Contested Marks', 'Bounces', 'Ineffective Disposals', 'Stoppage Clearances', 'Tackles Inside 50', 'Rebound 50s', 'One Percenters', 'Goal Assists', 'Uncontested Possessions', 'Frees Agains', 'Inside 50s', 'Frees For', 'Metres Gained', 'Score Involvements', 'Behind Assists', 'Tackles Outside 50', 'Tackles', 'Clangers', 'Uncontested Marks', 'Marks Outside 50', 'Kicks']",0.9855366104335249,0.721703,0.562138,0.562138,0.410476,0.514688,0.514688,336734608760018.06,470288219421855.8,470288219421855.8,56.76,19260817.0,False,0.65034,0.581761,0.581761
50.0,16.0,0.7,0.7,256.0,0.01,0.1,"['AFLCA_votes', 'Disposals', 'Contested Possessions', 'Goals', 'Centre Clearances', 'Intercepts', 'Clearances', 'Marks Inside 50', 'Hitouts', 'Handballs', 'Behinds', 'Contested Marks', 'Bounces', 'Ineffective Disposals', 'Stoppage Clearances', 'Tackles Inside 50', 'Rebound 50s', 'One Percenters', 'Goal Assists', 'Uncontested Possessions', 'Frees Agains', 'Inside 50s', 'Frees For', 'Metres Gained', 'Score Involvements', 'Behind Assists', 'Tackles Outside 50', 'Tackles', 'Clangers', 'Uncontested Marks', 'Marks Outside 50', 'Kicks', 'Turnovers']",0.9888737229850916,0.724027,0.564603,0.564603,0.408758,0.513237,0.513237,333735518968133.3,465323487558423.2,465323487558423.2,56.65,19260817.0,False,0.652381,0.583857,0.583857
50.0,16.0,0.7,0.7,256.0,0.01,0.1,"['AFLCA_votes', 'Disposals', 'Contested Possessions', 'Goals', 'Centre Clearances', 'Intercepts', 'Clearances', 'Marks Inside 50', 'Hitouts', 'Handballs', 'Behinds', 'Contested Marks', 'Bounces', 'Ineffective Disposals', 'Stoppage Clearances', 'Tackles Inside 50', 'Rebound 50s', 'One Percenters', 'Goal Assists', 'Uncontested Possessions', 'Frees Agains', 'Inside 50s', 'Frees For', 'Metres Gained', 'Score Involvements', 'Behind Assists', 'Tackles Outside 50', 'Tackles', 'Clangers', 'Uncontested Marks', 'Marks Outside 50', 'Kicks', 'Turnovers', 'Marks']",0.9918657644199986,0.722134,0.566433,0.566433,0.410158,0.512157,0.512157,336027255565533.44,461877301912454.7,461877301912454.7,58.57,19260817.0,False,0.665533,0.583857,0.583857
50.0,16.0,0.7,0.7,256.0,0.01,0.1,"['AFLCA_votes', 'Disposals', 'Contested Possessions', 'Goals', 'Centre Clearances', 'Intercepts', 'Clearances', 'Marks Inside 50', 'Hitouts', 'Handballs', 'Behinds', 'Contested Marks', 'Bounces', 'Ineffective Disposals', 'Stoppage Clearances', 'Tackles Inside 50', 'Rebound 50s', 'One Percenters', 'Goal Assists', 'Uncontested Possessions', 'Frees Agains', 'Inside 50s', 'Frees For', 'Metres Gained', 'Score Involvements', 'Behind Assists', 'Tackles Outside 50', 'Tackles', 'Clangers', 'Uncontested Marks', 'Marks Outside 50', 'Kicks', 'Turnovers', 'Marks', 'Time On Ground %']",0.9946253824061244,0.723506,0.560273,0.560273,0.409144,0.515783,0.515783,336492051252854.0,470268300169001.25,470268300169001.25,68.53,19260817.0,False,0.649433,0.569182,0.569182
50.0,16.0,0.7,0.7,256.0,0.01,0.1,"['AFLCA_votes', 'Disposals', 'Contested Possessions', 'Goals', 'Centre Clearances', 'Intercepts', 'Clearances', 'Marks Inside 50', 'Hitouts', 'Handballs', 'Behinds', 'Contested Marks', 'Bounces', 'Ineffective Disposals', 'Stoppage Clearances', 'Tackles Inside 50', 'Rebound 50s', 'One Percenters', 'Goal Assists', 'Uncontested Possessions', 'Frees Agains', 'Inside 50s', 'Frees For', 'Metres Gained', 'Score Involvements', 'Behind Assists', 'Tackles Outside 50', 'Tackles', 'Clangers', 'Uncontested Marks', 'Marks Outside 50', 'Kicks', 'Turnovers', 'Marks', 'Time On Ground %', 'Effective Disposals']",0.9966894167418735,0.717521,0.566261,0.566261,0.413548,0.512259,0.512259,340562733352334.5,466958982918374.5,466958982918374.5,69.52,19260817.0,False,0.654875,0.572327,0.572327
50.0,16.0,0.7,0.7,256.0,0.01,0.1,"['AFLCA_votes', 'Disposals', 'Contested Possessions', 'Goals', 'Centre Clearances', 'Intercepts', 'Clearances', 'Marks Inside 50', 'Hitouts', 'Handballs', 'Behinds', 'Contested Marks', 'Bounces', 'Ineffective Disposals', 'Stoppage Clearances', 'Tackles Inside 50', 'Rebound 50s', 'One Percenters', 'Goal Assists', 'Uncontested Possessions', 'Frees Agains', 'Inside 50s', 'Frees For', 'Metres Gained', 'Score Involvements', 'Behind Assists', 'Tackles Outside 50', 'Tackles', 'Clangers', 'Uncontested Marks', 'Marks Outside 50', 'Kicks', 'Turnovers', 'Marks', 'Time On Ground %', 'Effective Disposals', 'HomeAway']",0.9984280188842564,0.718905,0.563651,0.563651,0.412534,0.513798,0.513798,338923018058314.7,466593463987614.44,466593463987614.44,71.58,19260817.0,False,0.664172,0.587002,0.587002
50.0,16.0,0.7,0.7,256.0,0.01,0.1,"['AFLCA_votes', 'Disposals', 'Contested Possessions', 'Goals', 'Centre Clearances', 'Intercepts', 'Clearances', 'Marks Inside 50', 'Hitouts', 'Handballs', 'Behinds', 'Contested Marks', 'Bounces', 'Ineffective Disposals', 'Stoppage Clearances', 'Tackles Inside 50', 'Rebound 50s', 'One Percenters', 'Goal Assists', 'Uncontested Possessions', 'Frees Agains', 'Inside 50s', 'Frees For', 'Metres Gained', 'Score Involvements', 'Behind Assists', 'Tackles Outside 50', 'Tackles', 'Clangers', 'Uncontested Marks', 'Marks Outside 50', 'Kicks', 'Turnovers', 'Marks', 'Time On Ground %', 'Effective Disposals', 'HomeAway', 'Winloss']",0.9999999999999998,0.728501,0.568826,0.568826,0.405431,0.510742,0.510742,336881384792386.8,466885855287182.1,466885855287182.1,70.69,19260817.0,False,0.648526,0.585954,0.585954
50.0,2.0,0.7,0.7,256.0,0.01,0.1,"['AFLCA_votes', 'Disposals', 'Contested Possessions', 'Goals', 'Centre Clearances', 'Intercepts', 'Clearances', 'Marks Inside 50', 'Hitouts', 'Handballs', 'Behinds', 'Contested Marks', 'Bounces', 'Ineffective Disposals', 'Stoppage Clearances', 'Tackles Inside 50', 'Rebound 50s', 'One Percenters', 'Goal Assists', 'Uncontested Possessions', 'Frees Agains', 'Inside 50s', 'Frees For', 'Metres Gained']",0.9523402288050722,0.527105,0.557458,0.557458,0.535076,0.517431,0.517431,442890210813488.44,457108938710023.4,457108938710023.4,1.95,19260817.0,False,0.520635,0.580713,0.580713
50.0,4.0,0.7,0.7,256.0,0.01,0.1,"['AFLCA_votes', 'Disposals', 'Contested Possessions', 'Goals', 'Centre Clearances', 'Intercepts', 'Clearances', 'Marks Inside 50', 'Hitouts', 'Handballs', 'Behinds', 'Contested Marks', 'Bounces', 'Ineffective Disposals', 'Stoppage Clearances', 'Tackles Inside 50', 'Rebound 50s', 'One Percenters', 'Goal Assists', 'Uncontested Possessions', 'Frees Agains', 'Inside 50s', 'Frees For', 'Metres Gained']",0.9523402288050722,0.545975,0.573383,0.573383,0.524292,0.508036,0.508036,440566904076867.56,463332472088044.3,463332472088044.3,3.8,19260817.0,False,0.530385,0.563941,0.563941
50.0,8.0,0.7,0.7,256.0,0.01,0.1,"['AFLCA_votes', 'Disposals', 'Contested Possessions', 'Goals', 'Centre Clearances', 'Intercepts', 'Clearances', 'Marks Inside 50', 'Hitouts', 'Handballs', 'Behinds', 'Contested Marks', 'Bounces', 'Ineffective Disposals', 'Stoppage Clearances', 'Tackles Inside 50', 'Rebound 50s', 'One Percenters', 'Goal Assists', 'Uncontested Possessions', 'Frees Agains', 'Inside 50s', 'Frees For', 'Metres Gained']",0.9523402288050722,0.57441,0.581393,0.581393,0.507609,0.503244,0.503244,416774227269951.94,454880108251907.0,454880108251907.0,3.84,19260817.0,False,0.54059,0.581761,0.581761
50.0,16.0,0.7,0.7,64.0,0.01,0.1,"['AFLCA_votes', 'Disposals', 'Contested Possessions', 'Goals', 'Centre Clearances', 'Intercepts', 'Clearances', 'Marks Inside 50', 'Hitouts', 'Handballs', 'Behinds', 'Contested Marks', 'Bounces', 'Ineffective Disposals', 'Stoppage Clearances', 'Tackles Inside 50', 'Rebound 50s', 'One Percenters', 'Goal Assists', 'Uncontested Possessions', 'Frees Agains', 'Inside 50s', 'Frees For', 'Metres Gained']",0.9523402288050722,0.712692,0.568741,0.568741,0.417068,0.510793,0.510793,336471835445022.1,461883308864176.7,461883308864176.7,34.36,19260817.0,False,0.641497,0.592243,0.592243
50.0,16.0,0.7,0.4,256.0,0.01,0.1,"['AFLCA_votes', 'Disposals', 'Contested Possessions', 'Goals', 'Centre Clearances', 'Intercepts', 'Clearances', 'Marks Inside 50', 'Hitouts', 'Handballs', 'Behinds', 'Contested Marks', 'Bounces', 'Ineffective Disposals', 'Stoppage Clearances', 'Tackles Inside 50', 'Rebound 50s', 'One Percenters', 'Goal Assists', 'Uncontested Possessions', 'Frees Agains', 'Inside 50s', 'Frees For', 'Metres Gained']",0.9523402288050722,0.710303,0.569521,0.569521,0.418799,0.51033,0.51033,340566446733130.94,465952597559772.1,465952597559772.1,30.21,19260817.0,False,0.64263,0.583857,0.583857
50.0,16.0,0.7,0.55,256.0,0.01,0.1,"['AFLCA_votes', 'Disposals', 'Contested Possessions', 'Goals', 'Centre Clearances', 'Intercepts', 'Clearances', 'Marks Inside 50', 'Hitouts', 'Handballs', 'Behinds', 'Contested Marks', 'Bounces', 'Ineffective Disposals', 'Stoppage Clearances', 'Tackles Inside 50', 'Rebound 50s', 'One Percenters', 'Goal Assists', 'Uncontested Possessions', 'Frees Agains', 'Inside 50s', 'Frees For', 'Metres Gained']",0.9523402288050722,0.71583,0.57059,0.57059,0.414785,0.509696,0.509696,335341894383814.25,464052079015701.0,464052079015701.0,39.85,19260817.0,False,0.636508,0.566038,0.566038
50.0,16.0,0.7,0.85,256.0,0.01,0.1,"['AFLCA_votes', 'Disposals', 'Contested Possessions', 'Goals', 'Centre Clearances', 'Intercepts', 'Clearances', 'Marks Inside 50', 'Hitouts', 'Handballs', 'Behinds', 'Contested Marks', 'Bounces', 'Ineffective Disposals', 'Stoppage Clearances', 'Tackles Inside 50', 'Rebound 50s', 'One Percenters', 'Goal Assists', 'Uncontested Possessions', 'Frees Agains', 'Inside 50s', 'Frees For', 'Metres Gained']",0.9523402288050722,0.71972,0.566464,0.566464,0.411935,0.512139,0.512139,332424401056914.7,461150761700268.56,461150761700268.56,61.98,19260817.0,False,0.639002,0.585954,0.585954
50.0,16.0,0.4,0.7,256.0,0.01,0.1,"['AFLCA_votes', 'Disposals', 'Contested Possessions', 'Goals', 'Centre Clearances', 'Intercepts', 'Clearances', 'Marks Inside 50', 'Hitouts', 'Handballs', 'Behinds', 'Contested Marks', 'Bounces', 'Ineffective Disposals', 'Stoppage Clearances', 'Tackles Inside 50', 'Rebound 50s', 'One Percenters', 'Goal Assists', 'Uncontested Possessions', 'Frees Agains', 'Inside 50s', 'Frees For', 'Metres Gained']",0.9523402288050722,0.720283,0.57144,0.57144,0.411522,0.509191,0.509191,330777277064269.2,463383931270316.25,463383931270316.25,44.33,19260817.0,False,0.646485,0.593291,0.593291
50.0,16.0,0.55,0.7,256.0,0.01,0.1,"['AFLCA_votes', 'Disposals', 'Contested Possessions', 'Goals', 'Centre Clearances', 'Intercepts', 'Clearances', 'Marks Inside 50', 'Hitouts', 'Handballs', 'Behinds', 'Contested Marks', 'Bounces', 'Ineffective Disposals', 'Stoppage Clearances', 'Tackles Inside 50', 'Rebound 50s', 'One Percenters', 'Goal Assists', 'Uncontested Possessions', 'Frees Agains', 'Inside 50s', 'Frees For', 'Metres Gained']",0.9523402288050722,0.711296,0.570368,0.570368,0.41808,0.509828,0.509828,338349293693276.94,461323397785290.75,461323397785290.75,45.29,19260817.0,False,0.648753,0.574423,0.574423
50.0,16.0,0.85,0.7,256.0,0.01,0.1,"['AFLCA_votes', 'Disposals', 'Contested Possessions', 'Goals', 'Centre Clearances', 'Intercepts', 'Clearances', 'Marks Inside 50', 'Hitouts', 'Handballs', 'Behinds', 'Contested Marks', 'Bounces', 'Ineffective Disposals', 'Stoppage Clearances', 'Tackles Inside 50', 'Rebound 50s', 'One Percenters', 'Goal Assists', 'Uncontested Possessions', 'Frees Agains', 'Inside 50s', 'Frees For', 'Metres Gained']",0.9523402288050722,0.717514,0.570602,0.570602,0.413554,0.509689,0.509689,333382516301320.56,459301556731196.5,459301556731196.5,48.69,19260817.0,False,0.653515,0.584906,0.584906
25.0,16.0,0.7,0.7,256.0,0.01,0.1,"['AFLCA_votes', 'Disposals', 'Contested Possessions', 'Goals', 'Centre Clearances', 'Intercepts', 'Clearances', 'Marks Inside 50', 'Hitouts', 'Handballs', 'Behinds', 'Contested Marks', 'Bounces', 'Ineffective Disposals', 'Stoppage Clearances', 'Tackles Inside 50', 'Rebound 50s', 'One Percenters', 'Goal Assists', 'Uncontested Possessions', 'Frees Agains', 'Inside 50s', 'Frees For', 'Metres Gained']",0.9523402288050722,0.641809,0.570736,0.570736,0.465683,0.509609,0.509609,345788450371914.44,418789398765066.9,418789398765066.9,23.73,19260817.0,False,0.606349,0.584906,0.584906
100.0,16.0,0.7,0.7,256.0,0.01,0.1,"['AFLCA_votes', 'Disposals', 'Contested Possessions', 'Goals', 'Centre Clearances', 'Intercepts', 'Clearances', 'Marks Inside 50', 'Hitouts', 'Handballs', 'Behinds', 'Contested Marks', 'Bounces', 'Ineffective Disposals', 'Stoppage Clearances', 'Tackles Inside 50', 'Rebound 50s', 'One Percenters', 'Goal Assists', 'Uncontested Possessions', 'Frees Agains', 'Inside 50s', 'Frees For', 'Metres Gained']",0.9523402288050722,0.796077,0.558724,0.558724,0.351372,0.51669,0.51669,283602196138926.94,480910562454897.1,480910562454897.1,94.52,19260817.0,False,0.691383,0.583857,0.583857
200.0,16.0,0.7,0.7,256.0,0.01,0.1,"['AFLCA_votes', 'Disposals', 'Contested Possessions', 'Goals', 'Centre Clearances', 'Intercepts', 'Clearances', 'Marks Inside 50', 'Hitouts', 'Handballs', 'Behinds', 'Contested Marks', 'Bounces', 'Ineffective Disposals', 'Stoppage Clearances', 'Tackles Inside 50', 'Rebound 50s', 'One Percenters', 'Goal Assists', 'Uncontested Possessions', 'Frees Agains', 'Inside 50s', 'Frees For', 'Metres Gained']",0.9523402288050722,0.887771,0.54583,0.54583,0.260667,0.524185,0.524185,221500585345883.0,511387992332845.0,511387992332845.0,197.24,19260817.0,False,0.792517,0.583857,0.583857
400.0,16.0,0.7,0.7,256.0,0.01,0.1,"['AFLCA_votes', 'Disposals', 'Contested Possessions', 'Goals', 'Centre Clearances', 'Intercepts', 'Clearances', 'Marks Inside 50', 'Hitouts', 'Handballs', 'Behinds', 'Contested Marks', 'Bounces', 'Ineffective Disposals', 'Stoppage Clearances', 'Tackles Inside 50', 'Rebound 50s', 'One Percenters', 'Goal Assists', 'Uncontested Possessions', 'Frees Agains', 'Inside 50s', 'Frees For', 'Metres Gained']",0.9523402288050722,0.952953,0.536976,0.536976,0.168772,0.52927,0.52927,162185353556369.7,535865440630295.56,535865440630295.56,376.78,19260817.0,False,0.833787,0.581761,0.581761
50.0,16.0,0.7,0.7,256.0,0.0001,0.1,"['AFLCA_votes', 'Disposals', 'Contested Possessions', 'Goals', 'Centre Clearances', 'Intercepts', 'Clearances', 'Marks Inside 50', 'Hitouts', 'Handballs', 'Behinds', 'Contested Marks', 'Bounces', 'Ineffective Disposals', 'Stoppage Clearances', 'Tackles Inside 50', 'Rebound 50s', 'One Percenters', 'Goal Assists', 'Uncontested Possessions', 'Frees Agains', 'Inside 50s', 'Frees For', 'Metres Gained']",0.9523402288050722,0.712894,0.568241,0.568241,0.416921,0.511088,0.511088,337439355512947.8,462401273107939.2,462401273107939.2,46.47,19260817.0,False,0.6322,0.599581,0.599581
50.0,16.0,0.7,0.7,256.0,0.001,0.1,"['AFLCA_votes', 'Disposals', 'Contested Possessions', 'Goals', 'Centre Clearances', 'Intercepts', 'Clearances', 'Marks Inside 50', 'Hitouts', 'Handballs', 'Behinds', 'Contested Marks', 'Bounces', 'Ineffective Disposals', 'Stoppage Clearances', 'Tackles Inside 50', 'Rebound 50s', 'One Percenters', 'Goal Assists', 'Uncontested Possessions', 'Frees Agains', 'Inside 50s', 'Frees For', 'Metres Gained']",0.9523402288050722,0.71288,0.568245,0.568245,0.416932,0.511086,0.511086,337446788089913.0,462395292374116.9,462395292374116.9,47.25,19260817.0,False,0.6322,0.599581,0.599581
50.0,16.0,0.7,0.7,256.0,0.1,0.1,"['AFLCA_votes', 'Disposals', 'Contested Possessions', 'Goals', 'Centre Clearances', 'Intercepts', 'Clearances', 'Marks Inside 50', 'Hitouts', 'Handballs', 'Behinds', 'Contested Marks', 'Bounces', 'Ineffective Disposals', 'Stoppage Clearances', 'Tackles Inside 50', 'Rebound 50s', 'One Percenters', 'Goal Assists', 'Uncontested Possessions', 'Frees Agains', 'Inside 50s', 'Frees For', 'Metres Gained']",0.9523402288050722,0.712622,0.571141,0.571141,0.417119,0.509369,0.509369,336859981858686.7,463899244098788.3,463899244098788.3,45.1,19260817.0,False,0.64059,0.590147,0.590147
50.0,16.0,0.7,0.7,256.0,1.0,0.1,"['AFLCA_votes', 'Disposals', 'Contested Possessions', 'Goals', 'Centre Clearances', 'Intercepts', 'Clearances', 'Marks Inside 50', 'Hitouts', 'Handballs', 'Behinds', 'Contested Marks', 'Bounces', 'Ineffective Disposals', 'Stoppage Clearances', 'Tackles Inside 50', 'Rebound 50s', 'One Percenters', 'Goal Assists', 'Uncontested Possessions', 'Frees Agains', 'Inside 50s', 'Frees For', 'Metres Gained']",0.9523402288050722,0.706608,0.56756,0.56756,0.421461,0.511491,0.511491,339838176118442.75,459128936484562.56,459128936484562.56,45.09,19260817.0,False,0.627211,0.574423,0.574423
50.0,16.0,0.7,0.7,256.0,0.01,0.001,"['AFLCA_votes', 'Disposals', 'Contested Possessions', 'Goals', 'Centre Clearances', 'Intercepts', 'Clearances', 'Marks Inside 50', 'Hitouts', 'Handballs', 'Behinds', 'Contested Marks', 'Bounces', 'Ineffective Disposals', 'Stoppage Clearances', 'Tackles Inside 50', 'Rebound 50s', 'One Percenters', 'Goal Assists', 'Uncontested Possessions', 'Frees Agains', 'Inside 50s', 'Frees For', 'Metres Gained']",0.9523402288050722,0.051415,0.052803,0.052803,0.757829,0.756999,0.756999,19578240753179.45,21180533167272.145,21180533167272.145,45.61,19260817.0,False,0.550567,0.57652,0.57652
50.0,16.0,0.7,0.7,256.0,0.01,0.01,"['AFLCA_votes', 'Disposals', 'Contested Possessions', 'Goals', 'Centre Clearances', 'Intercepts', 'Clearances', 'Marks Inside 50', 'Hitouts', 'Handballs', 'Behinds', 'Contested Marks', 'Bounces', 'Ineffective Disposals', 'Stoppage Clearances', 'Tackles Inside 50', 'Rebound 50s', 'One Percenters', 'Goal Assists', 'Uncontested Possessions', 'Frees Agains', 'Inside 50s', 'Frees For', 'Metres Gained']",0.9523402288050722,0.35157,0.355209,0.355209,0.626563,0.624575,0.624575,156428641136784.44,171845527691984.72,171845527691984.72,45.92,19260817.0,False,0.556689,0.582809,0.582809
50.0,16.0,0.7,0.7,256.0,0.01,1.0,"['AFLCA_votes', 'Disposals', 'Contested Possessions', 'Goals', 'Centre Clearances', 'Intercepts', 'Clearances', 'Marks Inside 50', 'Hitouts', 'Handballs', 'Behinds', 'Contested Marks', 'Bounces', 'Ineffective Disposals', 'Stoppage Clearances', 'Tackles Inside 50', 'Rebound 50s', 'One Percenters', 'Goal Assists', 'Uncontested Possessions', 'Frees Agains', 'Inside 50s', 'Frees For', 'Metres Gained']",0.9523402288050722,0.93073,0.222999,0.222999,0.204789,0.685624,0.685624,363760341600596.6,902442155853827.4,902442155853827.4,47.43,19260817.0,False,0.833333,0.545073,0.545073
50.0,16.0,0.7,0.7,256.0,0.01,10.0,"['AFLCA_votes', 'Disposals', 'Contested Possessions', 'Goals', 'Centre Clearances', 'Intercepts', 'Clearances', 'Marks Inside 50', 'Hitouts', 'Handballs', 'Behinds', 'Contested Marks', 'Bounces', 'Ineffective Disposals', 'Stoppage Clearances', 'Tackles Inside 50', 'Rebound 50s', 'One Percenters', 'Goal Assists', 'Uncontested Possessions', 'Frees Agains', 'Inside 50s', 'Frees For', 'Metres Gained']",0.9523402288050722,-1.36552271405681e+95,-1.4005497165658984e+95,-1.4005497165658984e+95,2.8752973545975918e+47,2.9108811961306645e+47,2.9108811961306645e+47,2.153959541603733e+62,2.20247326557486e+62,2.20247326557486e+62,45.94,19260817.0,False,0.002721,0.0,0.0
