n_estimators,learning_rate,features,feature combo ningxiang score,Train r2,Val r2,Test r2,Train RMSE,Val RMSE,Test RMSE,Train MAPE,Val MAPE,Test MAPE,Time,random_state,Train Brownlow Metric,Val Brownlow Metric,Test Brownlow Metric
25.0,10.0,"['AFLCA_votes', 'Disposals', 'Contested Possessions', 'Goals', 'Centre Clearances', 'Intercepts', 'Clearances', 'Marks Inside 50']",0.8299825644950556,-13.185227,-13.114656,-13.114656,2.930566,2.922203,2.922203,1.1643144710023892e+16,1.164253165198882e+16,1.164253165198882e+16,9.52,19260817.0,0.502041,0.542977,0.542977
400.0,10.0,"['AFLCA_votes', 'Disposals', 'Contested Possessions', 'Goals', 'Centre Clearances', 'Intercepts', 'Clearances', 'Marks Inside 50']",0.8299825644950556,-3.271291,-3.264576,-3.264576,1.608099,1.60625,1.60625,1862155071396685.2,1840717247875608.5,1840717247875608.5,96.21,19260817.0,0.235374,0.21174,0.21174
400.0,10.0,"['AFLCA_votes', 'Disposals', 'Contested Possessions', 'Goals', 'Centre Clearances', 'Intercepts', 'Clearances', 'Marks Inside 50', 'Hitouts', 'Handballs', 'Behinds', 'Contested Marks', 'Bounces', 'Ineffective Disposals', 'Stoppage Clearances', 'Tackles Inside 50', 'Rebound 50s', 'One Percenters', 'Goal Assists', 'Uncontested Possessions', 'Frees Agains', 'Inside 50s', 'Frees For', 'Metres Gained', 'Score Involvements', 'Behind Assists', 'Tackles Outside 50', 'Tackles']",0.9712453380319709,-14.865376,-14.876202,-14.876202,3.099263,3.099192,3.099192,1.1734114234938792e+16,1.173542785870897e+16,1.173542785870897e+16,159.14,19260817.0,0.235374,0.21174,0.21174
25.0,0.0001,"['AFLCA_votes', 'Disposals', 'Contested Possessions', 'Goals', 'Centre Clearances', 'Intercepts', 'Clearances', 'Marks Inside 50', 'Hitouts', 'Handballs', 'Behinds', 'Contested Marks', 'Bounces', 'Ineffective Disposals', 'Stoppage Clearances', 'Tackles Inside 50', 'Rebound 50s', 'One Percenters', 'Goal Assists', 'Uncontested Possessions', 'Frees Agains', 'Inside 50s', 'Frees For']",0.9470934756360015,0.485772,0.51877,0.51877,0.55797,0.539575,0.539575,365306505536912.06,370866518753956.0,370866518753956.0,54.16,19260817.0,0.505215,0.557652,0.557652
400.0,10.0,"['AFLCA_votes', 'Disposals', 'Contested Possessions', 'Goals', 'Centre Clearances', 'Intercepts', 'Clearances', 'Marks Inside 50', 'Hitouts', 'Handballs', 'Behinds', 'Contested Marks', 'Bounces', 'Ineffective Disposals', 'Stoppage Clearances', 'Tackles Inside 50', 'Rebound 50s', 'One Percenters', 'Goal Assists', 'Uncontested Possessions', 'Frees Agains', 'Inside 50s', 'Frees For', 'Metres Gained', 'Score Involvements', 'Behind Assists', 'Tackles Outside 50', 'Tackles', 'Clangers', 'Uncontested Marks', 'Marks Outside 50', 'Kicks', 'Turnovers', 'Marks', 'Time On Ground %', 'Effective Disposals', 'HomeAway', 'Winloss']",0.9999999999999998,-12.883384,-12.836764,-12.836764,2.899219,2.893293,2.893293,1.1734114234938792e+16,1.173542785870897e+16,1.173542785870897e+16,568.53,19260817.0,0.501134,0.544025,0.544025
400.0,0.0001,"['AFLCA_votes', 'Disposals', 'Contested Possessions', 'Goals', 'Centre Clearances', 'Intercepts', 'Clearances', 'Marks Inside 50', 'Hitouts', 'Handballs', 'Behinds', 'Contested Marks', 'Bounces', 'Ineffective Disposals', 'Stoppage Clearances', 'Tackles Inside 50', 'Rebound 50s', 'One Percenters']",0.919120335160259,0.486186,0.518981,0.518981,0.557746,0.539457,0.539457,348479570898605.56,353666322886814.1,353666322886814.1,695.26,19260817.0,0.505215,0.557652,0.557652
25.0,10.0,"['AFLCA_votes', 'Disposals', 'Contested Possessions']",0.7562403677250018,-13.184881,-13.114322,-13.114322,2.93053,2.922168,2.922168,1.1642996060089252e+16,1.1642386599038116e+16,1.1642386599038116e+16,6.35,19260817.0,0.502041,0.542977,0.542977
400.0,10.0,"['AFLCA_votes', 'Disposals', 'Contested Possessions', 'Goals', 'Centre Clearances', 'Intercepts', 'Clearances', 'Marks Inside 50', 'Hitouts', 'Handballs', 'Behinds', 'Contested Marks', 'Bounces', 'Ineffective Disposals', 'Stoppage Clearances', 'Tackles Inside 50', 'Rebound 50s', 'One Percenters', 'Goal Assists', 'Uncontested Possessions', 'Frees Agains', 'Inside 50s', 'Frees For', 'Metres Gained', 'Score Involvements', 'Behind Assists', 'Tackles Outside 50', 'Tackles', 'Clangers', 'Uncontested Marks', 'Marks Outside 50', 'Kicks', 'Turnovers']",0.9888737229850916,-6.901938,-6.949197,-6.949197,2.187258,2.192991,2.192991,5543733324525822.0,5513291173729162.0,5513291173729162.0,522.48,19260817.0,0.043311,0.036688,0.036688
400.0,0.0001,"['AFLCA_votes', 'Disposals', 'Contested Possessions', 'Goals', 'Centre Clearances', 'Intercepts', 'Clearances', 'Marks Inside 50']",0.8299825644950556,0.486549,0.519286,0.519286,0.557549,0.539286,0.539286,346272131862305.4,351470554924103.9,351470554924103.9,358.78,19260817.0,0.505215,0.557652,0.557652
25.0,10.0,"['AFLCA_votes', 'Disposals', 'Contested Possessions', 'Goals', 'Centre Clearances', 'Intercepts', 'Clearances', 'Marks Inside 50', 'Hitouts', 'Handballs', 'Behinds', 'Contested Marks', 'Bounces', 'Ineffective Disposals', 'Stoppage Clearances', 'Tackles Inside 50', 'Rebound 50s', 'One Percenters']",0.919120335160259,-12.430917,-12.357426,-12.357426,2.851584,2.842736,2.842736,1.1316655684364084e+16,1.1314704536292874e+16,1.1314704536292874e+16,10.53,19260817.0,0.504082,0.52935,0.52935
400.0,10.0,"['AFLCA_votes', 'Disposals', 'Contested Possessions', 'Goals', 'Centre Clearances', 'Intercepts', 'Clearances', 'Marks Inside 50', 'Hitouts', 'Handballs', 'Behinds', 'Contested Marks', 'Bounces', 'Ineffective Disposals', 'Stoppage Clearances', 'Tackles Inside 50', 'Rebound 50s', 'One Percenters', 'Goal Assists', 'Uncontested Possessions', 'Frees Agains', 'Inside 50s', 'Frees For']",0.9470934756360015,-14.865376,-14.876202,-14.876202,3.099263,3.099192,3.099192,1.1734114234938792e+16,1.173542785870897e+16,1.173542785870897e+16,145.34,19260817.0,0.235374,0.21174,0.21174
25.0,10.0,"['AFLCA_votes', 'Disposals', 'Contested Possessions', 'Goals', 'Centre Clearances', 'Intercepts', 'Clearances', 'Marks Inside 50', 'Hitouts', 'Handballs', 'Behinds', 'Contested Marks', 'Bounces', 'Ineffective Disposals', 'Stoppage Clearances', 'Tackles Inside 50', 'Rebound 50s', 'One Percenters', 'Goal Assists', 'Uncontested Possessions', 'Frees Agains', 'Inside 50s', 'Frees For', 'Metres Gained', 'Score Involvements', 'Behind Assists', 'Tackles Outside 50', 'Tackles']",0.9712453380319709,-12.955404,-12.884793,-12.884793,2.906729,2.898311,2.898311,1.1582099674083334e+16,1.1568407858759866e+16,1.1568407858759866e+16,16.71,19260817.0,0.47619,0.538784,0.538784
400.0,0.0001,"['AFLCA_votes', 'Disposals', 'Contested Possessions', 'Goals', 'Centre Clearances', 'Intercepts', 'Clearances', 'Marks Inside 50', 'Hitouts', 'Handballs', 'Behinds', 'Contested Marks', 'Bounces', 'Ineffective Disposals', 'Stoppage Clearances', 'Tackles Inside 50', 'Rebound 50s', 'One Percenters', 'Goal Assists', 'Uncontested Possessions', 'Frees Agains', 'Inside 50s', 'Frees For', 'Metres Gained', 'Score Involvements', 'Behind Assists', 'Tackles Outside 50', 'Tackles']",0.9712453380319709,0.486421,0.51897,0.51897,0.557618,0.539462,0.539462,348113009750645.44,353447145951515.44,353447145951515.44,1073.69,19260817.0,0.505215,0.557652,0.557652
25.0,10.0,"['AFLCA_votes', 'Disposals', 'Contested Possessions', 'Goals', 'Centre Clearances', 'Intercepts', 'Clearances', 'Marks Inside 50', 'Hitouts', 'Handballs', 'Behinds', 'Contested Marks', 'Bounces', 'Ineffective Disposals', 'Stoppage Clearances', 'Tackles Inside 50', 'Rebound 50s', 'One Percenters', 'Goal Assists', 'Uncontested Possessions', 'Frees Agains', 'Inside 50s', 'Frees For']",0.9470934756360015,-12.430917,-12.357426,-12.357426,2.851584,2.842736,2.842736,1.1316655684354032e+16,1.1314704536283158e+16,1.1314704536283158e+16,12.53,19260817.0,0.504082,0.52935,0.52935
25.0,0.0001,"['AFLCA_votes', 'Disposals', 'Contested Possessions', 'Goals', 'Centre Clearances', 'Intercepts', 'Clearances', 'Marks Inside 50', 'Hitouts', 'Handballs', 'Behinds', 'Contested Marks', 'Bounces', 'Ineffective Disposals', 'Stoppage Clearances', 'Tackles Inside 50', 'Rebound 50s', 'One Percenters', 'Goal Assists', 'Uncontested Possessions', 'Frees Agains', 'Inside 50s', 'Frees For', 'Metres Gained', 'Score Involvements', 'Behind Assists', 'Tackles Outside 50', 'Tackles']",0.9712453380319709,0.485772,0.51877,0.51877,0.55797,0.539575,0.539575,365306505536912.06,370866518753956.0,370866518753956.0,68.84,19260817.0,0.505215,0.557652,0.557652
400.0,10.0,"['AFLCA_votes', 'Disposals', 'Contested Possessions']",0.7562403677250018,-3.135371,-3.13465,-3.13465,1.582306,1.581593,1.581593,1811605359458380.5,1784798064106745.2,1784798064106745.2,88.6,19260817.0,0.235374,0.21174,0.21174
25.0,0.0001,"['AFLCA_votes', 'Disposals', 'Contested Possessions', 'Goals', 'Centre Clearances', 'Intercepts', 'Clearances', 'Marks Inside 50', 'Hitouts', 'Handballs', 'Behinds', 'Contested Marks', 'Bounces', 'Ineffective Disposals', 'Stoppage Clearances', 'Tackles Inside 50', 'Rebound 50s', 'One Percenters', 'Goal Assists', 'Uncontested Possessions', 'Frees Agains', 'Inside 50s', 'Frees For', 'Metres Gained', 'Score Involvements', 'Behind Assists', 'Tackles Outside 50', 'Tackles', 'Clangers', 'Uncontested Marks', 'Marks Outside 50', 'Kicks', 'Turnovers']",0.9888737229850916,0.485772,0.51877,0.51877,0.55797,0.539575,0.539575,365306505536912.06,370866518753956.0,370866518753956.0,78.6,19260817.0,0.505215,0.557652,0.557652
400.0,0.0001,"['AFLCA_votes', 'Disposals', 'Contested Possessions', 'Goals', 'Centre Clearances', 'Intercepts', 'Clearances', 'Marks Inside 50', 'Hitouts', 'Handballs', 'Behinds', 'Contested Marks', 'Bounces', 'Ineffective Disposals', 'Stoppage Clearances', 'Tackles Inside 50', 'Rebound 50s', 'One Percenters', 'Goal Assists', 'Uncontested Possessions', 'Frees Agains', 'Inside 50s', 'Frees For', 'Metres Gained', 'Score Involvements', 'Behind Assists', 'Tackles Outside 50', 'Tackles', 'Clangers', 'Uncontested Marks', 'Marks Outside 50', 'Kicks', 'Turnovers']",0.9888737229850916,0.486421,0.51897,0.51897,0.557618,0.539462,0.539462,348113009750645.44,353447145951515.44,353447145951515.44,1263.63,19260817.0,0.505215,0.557652,0.557652
25.0,0.0001,"['AFLCA_votes', 'Disposals', 'Contested Possessions', 'Goals', 'Centre Clearances', 'Intercepts', 'Clearances', 'Marks Inside 50']",0.8299825644950556,0.48633,0.519194,0.519194,0.557668,0.539337,0.539337,348242378466849.8,353617042224208.8,353617042224208.8,22.71,19260817.0,0.505215,0.557652,0.557652
25.0,10.0,"['AFLCA_votes', 'Disposals', 'Contested Possessions', 'Goals', 'Centre Clearances', 'Intercepts', 'Clearances', 'Marks Inside 50', 'Hitouts', 'Handballs', 'Behinds', 'Contested Marks', 'Bounces', 'Ineffective Disposals', 'Stoppage Clearances', 'Tackles Inside 50', 'Rebound 50s', 'One Percenters', 'Goal Assists', 'Uncontested Possessions', 'Frees Agains', 'Inside 50s', 'Frees For', 'Metres Gained', 'Score Involvements', 'Behind Assists', 'Tackles Outside 50', 'Tackles', 'Clangers', 'Uncontested Marks', 'Marks Outside 50', 'Kicks', 'Turnovers', 'Marks', 'Time On Ground %', 'Effective Disposals', 'HomeAway', 'Winloss']",0.9999999999999998,-12.312516,-12.228259,-12.228259,2.838987,2.828958,2.828958,1.1113585548558024e+16,1.1092866007191548e+16,1.1092866007191548e+16,41.68,19260817.0,0.47551,0.536688,0.536688
25.0,0.0001,"['AFLCA_votes', 'Disposals', 'Contested Possessions', 'Goals', 'Centre Clearances', 'Intercepts', 'Clearances', 'Marks Inside 50', 'Hitouts', 'Handballs', 'Behinds', 'Contested Marks', 'Bounces', 'Ineffective Disposals', 'Stoppage Clearances', 'Tackles Inside 50', 'Rebound 50s', 'One Percenters', 'Goal Assists', 'Uncontested Possessions', 'Frees Agains', 'Inside 50s', 'Frees For', 'Metres Gained', 'Score Involvements', 'Behind Assists', 'Tackles Outside 50', 'Tackles', 'Clangers', 'Uncontested Marks', 'Marks Outside 50', 'Kicks', 'Turnovers', 'Marks', 'Time On Ground %', 'Effective Disposals', 'HomeAway', 'Winloss']",0.9999999999999998,0.485772,0.51877,0.51877,0.55797,0.539575,0.539575,365306505536912.06,370866518753956.0,370866518753956.0,92.13,19260817.0,0.505215,0.557652,0.557652
400.0,10.0,"['AFLCA_votes', 'Disposals', 'Contested Possessions', 'Goals', 'Centre Clearances', 'Intercepts', 'Clearances', 'Marks Inside 50', 'Hitouts', 'Handballs', 'Behinds', 'Contested Marks', 'Bounces']",0.8858545003433346,-14.865376,-14.876202,-14.876202,3.099263,3.099192,3.099192,1.1734114234938792e+16,1.173542785870897e+16,1.173542785870897e+16,127.63,19260817.0,0.235374,0.21174,0.21174
25.0,0.0001,"['AFLCA_votes', 'Disposals', 'Contested Possessions', 'Goals', 'Centre Clearances', 'Intercepts', 'Clearances', 'Marks Inside 50', 'Hitouts', 'Handballs', 'Behinds', 'Contested Marks', 'Bounces', 'Ineffective Disposals', 'Stoppage Clearances', 'Tackles Inside 50', 'Rebound 50s', 'One Percenters']",0.919120335160259,0.485772,0.51877,0.51877,0.55797,0.539575,0.539575,365306505536912.06,370866518753956.0,370866518753956.0,42.03,19260817.0,0.505215,0.557652,0.557652
400.0,10.0,"['AFLCA_votes', 'Disposals', 'Contested Possessions', 'Goals', 'Centre Clearances', 'Intercepts', 'Clearances', 'Marks Inside 50', 'Hitouts', 'Handballs', 'Behinds', 'Contested Marks', 'Bounces', 'Ineffective Disposals', 'Stoppage Clearances', 'Tackles Inside 50', 'Rebound 50s', 'One Percenters']",0.919120335160259,-14.865376,-14.876202,-14.876202,3.099263,3.099192,3.099192,1.1734114234938792e+16,1.173542785870897e+16,1.173542785870897e+16,144.98,19260817.0,0.235374,0.21174,0.21174
25.0,10.0,"['AFLCA_votes', 'Disposals', 'Contested Possessions', 'Goals', 'Centre Clearances', 'Intercepts', 'Clearances', 'Marks Inside 50', 'Hitouts', 'Handballs', 'Behinds', 'Contested Marks', 'Bounces', 'Ineffective Disposals', 'Stoppage Clearances', 'Tackles Inside 50', 'Rebound 50s', 'One Percenters', 'Goal Assists', 'Uncontested Possessions', 'Frees Agains', 'Inside 50s', 'Frees For', 'Metres Gained', 'Score Involvements', 'Behind Assists', 'Tackles Outside 50', 'Tackles', 'Clangers', 'Uncontested Marks', 'Marks Outside 50', 'Kicks', 'Turnovers']",0.9888737229850916,-12.950875,-12.913112,-12.913112,2.906257,2.901265,2.901265,1.1618014675192408e+16,1.1618210488668694e+16,1.1618210488668694e+16,37.29,19260817.0,0.47483,0.525157,0.525157
25.0,0.0001,"['AFLCA_votes', 'Disposals', 'Contested Possessions', 'Goals', 'Centre Clearances', 'Intercepts', 'Clearances', 'Marks Inside 50', 'Hitouts', 'Handballs', 'Behinds', 'Contested Marks', 'Bounces']",0.8858545003433346,0.487041,0.519764,0.519764,0.557281,0.539017,0.539017,348281019843610.06,353745122336994.6,353745122336994.6,36.62,19260817.0,0.505215,0.557652,0.557652
25.0,0.0001,"['AFLCA_votes', 'Disposals', 'Contested Possessions']",0.7562403677250018,0.488331,0.52358,0.52358,0.55658,0.536871,0.536871,346388501319207.6,350139586874853.56,350139586874853.56,12.69,19260817.0,0.505215,0.557652,0.557652
400.0,0.0001,"['AFLCA_votes', 'Disposals', 'Contested Possessions', 'Goals', 'Centre Clearances', 'Intercepts', 'Clearances', 'Marks Inside 50', 'Hitouts', 'Handballs', 'Behinds', 'Contested Marks', 'Bounces', 'Ineffective Disposals', 'Stoppage Clearances', 'Tackles Inside 50', 'Rebound 50s', 'One Percenters', 'Goal Assists', 'Uncontested Possessions', 'Frees Agains', 'Inside 50s', 'Frees For']",0.9470934756360015,0.486186,0.518981,0.518981,0.557746,0.539457,0.539457,348479570898605.56,353666322886814.1,353666322886814.1,878.91,19260817.0,0.505215,0.557652,0.557652
400.0,0.0001,"['AFLCA_votes', 'Disposals', 'Contested Possessions', 'Goals', 'Centre Clearances', 'Intercepts', 'Clearances', 'Marks Inside 50', 'Hitouts', 'Handballs', 'Behinds', 'Contested Marks', 'Bounces']",0.8858545003433346,0.486414,0.518999,0.518999,0.557622,0.539446,0.539446,348712953061558.4,354006632759967.06,354006632759967.06,516.55,19260817.0,0.505215,0.557652,0.557652
25.0,10.0,"['AFLCA_votes', 'Disposals', 'Contested Possessions', 'Goals', 'Centre Clearances', 'Intercepts', 'Clearances', 'Marks Inside 50', 'Hitouts', 'Handballs', 'Behinds', 'Contested Marks', 'Bounces']",0.8858545003433346,-13.058303,-13.005291,-13.005291,2.917425,2.91086,2.91086,1.1612699083779336e+16,1.1614048752946886e+16,1.1614048752946886e+16,9.42,19260817.0,0.508844,0.549266,0.549266
400.0,0.0001,"['AFLCA_votes', 'Disposals', 'Contested Possessions']",0.7562403677250018,0.488505,0.523631,0.523631,0.556486,0.536843,0.536843,348082351241232.0,351608853031482.75,351608853031482.75,202.66,19260817.0,0.505215,0.557652,0.557652
400.0,0.0001,"['AFLCA_votes', 'Disposals', 'Contested Possessions', 'Goals', 'Centre Clearances', 'Intercepts', 'Clearances', 'Marks Inside 50', 'Hitouts', 'Handballs', 'Behinds', 'Contested Marks', 'Bounces', 'Ineffective Disposals', 'Stoppage Clearances', 'Tackles Inside 50', 'Rebound 50s', 'One Percenters', 'Goal Assists', 'Uncontested Possessions', 'Frees Agains', 'Inside 50s', 'Frees For', 'Metres Gained', 'Score Involvements', 'Behind Assists', 'Tackles Outside 50', 'Tackles', 'Clangers', 'Uncontested Marks', 'Marks Outside 50', 'Kicks', 'Turnovers', 'Marks', 'Time On Ground %', 'Effective Disposals', 'HomeAway', 'Winloss']",0.9999999999999998,0.486421,0.51897,0.51897,0.557618,0.539462,0.539462,348113009750645.44,353447145951515.44,353447145951515.44,1483.56,19260817.0,0.505215,0.557652,0.557652
100.0,0.1,"['AFLCA_votes', 'Disposals', 'Contested Possessions', 'Goals', 'Centre Clearances', 'Intercepts', 'Clearances', 'Marks Inside 50', 'Hitouts', 'Handballs', 'Behinds', 'Contested Marks', 'Bounces', 'Ineffective Disposals', 'Stoppage Clearances', 'Tackles Inside 50', 'Rebound 50s', 'One Percenters', 'Goal Assists', 'Uncontested Possessions', 'Frees Agains']",0.9362167668092989,0.469579,0.4893,0.4893,0.566688,0.555851,0.555851,637879302670829.1,641728420579223.5,641728420579223.5,206.76,19260817.0,0.524943,0.58805,0.58805
50.0,0.1,"['AFLCA_votes', 'Disposals', 'Contested Possessions', 'Goals', 'Centre Clearances', 'Intercepts', 'Clearances', 'Marks Inside 50', 'Hitouts', 'Handballs', 'Behinds', 'Contested Marks', 'Bounces', 'Ineffective Disposals', 'Stoppage Clearances', 'Tackles Inside 50', 'Rebound 50s', 'One Percenters', 'Goal Assists', 'Uncontested Possessions', 'Frees Agains']",0.9362167668092989,0.489267,0.512703,0.512703,0.556071,0.542966,0.542966,534381338827814.7,536701507730212.44,536701507730212.44,101.14,19260817.0,0.512698,0.580713,0.580713
200.0,0.1,"['AFLCA_votes', 'Disposals', 'Contested Possessions', 'Goals', 'Centre Clearances', 'Intercepts', 'Clearances', 'Marks Inside 50', 'Hitouts', 'Handballs', 'Behinds', 'Contested Marks', 'Bounces', 'Ineffective Disposals', 'Stoppage Clearances', 'Tackles Inside 50', 'Rebound 50s', 'One Percenters', 'Goal Assists', 'Uncontested Possessions', 'Frees Agains']",0.9362167668092989,0.449581,0.467061,0.467061,0.577271,0.567824,0.567824,698411270013051.9,704006643067640.6,704006643067640.6,352.85,19260817.0,0.531066,0.587002,0.587002
100.0,0.01,"['AFLCA_votes', 'Disposals', 'Contested Possessions', 'Goals', 'Centre Clearances', 'Intercepts', 'Clearances', 'Marks Inside 50', 'Hitouts', 'Handballs', 'Behinds', 'Contested Marks', 'Bounces', 'Ineffective Disposals', 'Stoppage Clearances', 'Tackles Inside 50', 'Rebound 50s', 'One Percenters', 'Goal Assists', 'Uncontested Possessions', 'Frees Agains']",0.9362167668092989,0.50785,0.539294,0.539294,0.545861,0.527943,0.527943,412228425650333.7,414751656832101.6,414751656832101.6,198.65,19260817.0,0.505215,0.557652,0.557652
100.0,1.0,"['AFLCA_votes', 'Disposals', 'Contested Possessions', 'Goals', 'Centre Clearances', 'Intercepts', 'Clearances', 'Marks Inside 50', 'Hitouts', 'Handballs', 'Behinds', 'Contested Marks', 'Bounces', 'Ineffective Disposals', 'Stoppage Clearances', 'Tackles Inside 50', 'Rebound 50s', 'One Percenters', 'Goal Assists', 'Uncontested Possessions', 'Frees Agains']",0.9362167668092989,0.439648,0.458119,0.458119,0.582457,0.572568,0.572568,684322732923658.8,691329043213419.8,691329043213419.8,52.33,19260817.0,0.542177,0.603774,0.603774
100.0,0.1,"['AFLCA_votes', 'Disposals', 'Contested Possessions', 'Goals', 'Centre Clearances', 'Intercepts', 'Clearances', 'Marks Inside 50', 'Hitouts', 'Handballs', 'Behinds', 'Contested Marks', 'Bounces', 'Ineffective Disposals', 'Stoppage Clearances', 'Tackles Inside 50', 'Rebound 50s', 'One Percenters', 'Goal Assists', 'Uncontested Possessions']",0.9306217431588558,0.46986,0.489541,0.489541,0.566537,0.55572,0.55572,635200997670213.6,638608087427566.8,638608087427566.8,191.64,19260817.0,0.522902,0.581761,0.581761
100.0,0.1,"['AFLCA_votes', 'Disposals', 'Contested Possessions', 'Goals', 'Centre Clearances', 'Intercepts', 'Clearances', 'Marks Inside 50', 'Hitouts', 'Handballs', 'Behinds', 'Contested Marks', 'Bounces', 'Ineffective Disposals', 'Stoppage Clearances', 'Tackles Inside 50', 'Rebound 50s', 'One Percenters', 'Goal Assists', 'Uncontested Possessions', 'Frees Agains', 'Inside 50s']",0.9417404842109905,0.469671,0.488171,0.488171,0.566639,0.556465,0.556465,635027212581931.4,640060100802445.5,640060100802445.5,223.1,19260817.0,0.523583,0.584906,0.584906
400.0,0.1,"['AFLCA_votes', 'Disposals', 'Contested Possessions', 'Goals', 'Centre Clearances', 'Intercepts', 'Clearances', 'Marks Inside 50', 'Hitouts', 'Handballs', 'Behinds', 'Contested Marks', 'Bounces', 'Ineffective Disposals', 'Stoppage Clearances', 'Tackles Inside 50', 'Rebound 50s', 'One Percenters', 'Goal Assists', 'Uncontested Possessions', 'Frees Agains']",0.9362167668092989,0.449581,0.467061,0.467061,0.577271,0.567824,0.567824,698411270013051.9,704006643067640.6,704006643067640.6,358.36,19260817.0,0.531066,0.587002,0.587002
200.0,0.01,"['AFLCA_votes', 'Disposals', 'Contested Possessions', 'Goals', 'Centre Clearances', 'Intercepts', 'Clearances', 'Marks Inside 50', 'Hitouts', 'Handballs', 'Behinds', 'Contested Marks', 'Bounces', 'Ineffective Disposals', 'Stoppage Clearances', 'Tackles Inside 50', 'Rebound 50s', 'One Percenters', 'Goal Assists', 'Uncontested Possessions', 'Frees Agains']",0.9362167668092989,0.507656,0.536543,0.536543,0.545969,0.529517,0.529517,462378798037303.1,459208624323449.0,459208624323449.0,412.58,19260817.0,0.504989,0.57652,0.57652
200.0,1.0,"['AFLCA_votes', 'Disposals', 'Contested Possessions', 'Goals', 'Centre Clearances', 'Intercepts', 'Clearances', 'Marks Inside 50', 'Hitouts', 'Handballs', 'Behinds', 'Contested Marks', 'Bounces', 'Ineffective Disposals', 'Stoppage Clearances', 'Tackles Inside 50', 'Rebound 50s', 'One Percenters', 'Goal Assists', 'Uncontested Possessions', 'Frees Agains']",0.9362167668092989,0.439648,0.458119,0.458119,0.582457,0.572568,0.572568,684322732923658.8,691329043213419.8,691329043213419.8,52.55,19260817.0,0.542177,0.603774,0.603774
200.0,0.1,"['AFLCA_votes', 'Disposals', 'Contested Possessions', 'Goals', 'Centre Clearances', 'Intercepts', 'Clearances', 'Marks Inside 50', 'Hitouts', 'Handballs', 'Behinds', 'Contested Marks', 'Bounces', 'Ineffective Disposals', 'Stoppage Clearances', 'Tackles Inside 50', 'Rebound 50s', 'One Percenters', 'Goal Assists', 'Uncontested Possessions']",0.9306217431588558,0.447467,0.464722,0.464722,0.578379,0.569069,0.569069,703252257079974.0,708774002426859.0,708774002426859.0,376.71,19260817.0,0.533787,0.590147,0.590147
200.0,0.1,"['AFLCA_votes', 'Disposals', 'Contested Possessions', 'Goals', 'Centre Clearances', 'Intercepts', 'Clearances', 'Marks Inside 50', 'Hitouts', 'Handballs', 'Behinds', 'Contested Marks', 'Bounces', 'Ineffective Disposals', 'Stoppage Clearances', 'Tackles Inside 50', 'Rebound 50s', 'One Percenters', 'Goal Assists', 'Uncontested Possessions', 'Frees Agains', 'Inside 50s']",0.9417404842109905,0.452929,0.468765,0.468765,0.575513,0.566916,0.566916,699281208573403.2,707216586682133.5,707216586682133.5,431.89,19260817.0,0.537642,0.60587,0.60587
50.0,1.0,"['AFLCA_votes', 'Disposals', 'Contested Possessions', 'Goals', 'Centre Clearances', 'Intercepts', 'Clearances', 'Marks Inside 50', 'Hitouts', 'Handballs', 'Behinds', 'Contested Marks', 'Bounces', 'Ineffective Disposals', 'Stoppage Clearances', 'Tackles Inside 50', 'Rebound 50s', 'One Percenters', 'Goal Assists', 'Uncontested Possessions', 'Frees Agains']",0.9362167668092989,0.439648,0.458119,0.458119,0.582457,0.572568,0.572568,684322732923658.8,691329043213419.8,691329043213419.8,54.37,19260817.0,0.542177,0.603774,0.603774
100.0,10.0,"['AFLCA_votes', 'Disposals', 'Contested Possessions', 'Goals', 'Centre Clearances', 'Intercepts', 'Clearances', 'Marks Inside 50', 'Hitouts', 'Handballs', 'Behinds', 'Contested Marks', 'Bounces', 'Ineffective Disposals', 'Stoppage Clearances', 'Tackles Inside 50', 'Rebound 50s', 'One Percenters', 'Goal Assists', 'Uncontested Possessions', 'Frees Agains']",0.9362167668092989,-14.865376,-14.876202,-14.876202,3.099263,3.099192,3.099192,1.1734114234938792e+16,1.173542785870897e+16,1.173542785870897e+16,43.4,19260817.0,0.235374,0.21174,0.21174
100.0,1.0,"['AFLCA_votes', 'Disposals', 'Contested Possessions', 'Goals', 'Centre Clearances', 'Intercepts', 'Clearances', 'Marks Inside 50', 'Hitouts', 'Handballs', 'Behinds', 'Contested Marks', 'Bounces', 'Ineffective Disposals', 'Stoppage Clearances', 'Tackles Inside 50', 'Rebound 50s', 'One Percenters', 'Goal Assists', 'Uncontested Possessions']",0.9306217431588558,0.448416,0.467384,0.467384,0.577882,0.567652,0.567652,670537727211245.6,676295262837224.9,676295262837224.9,45.08,19260817.0,0.54898,0.587002,0.587002
100.0,1.0,"['AFLCA_votes', 'Disposals', 'Contested Possessions', 'Goals', 'Centre Clearances', 'Intercepts', 'Clearances', 'Marks Inside 50', 'Hitouts', 'Handballs', 'Behinds', 'Contested Marks', 'Bounces', 'Ineffective Disposals', 'Stoppage Clearances', 'Tackles Inside 50', 'Rebound 50s', 'One Percenters', 'Goal Assists', 'Uncontested Possessions', 'Frees Agains', 'Inside 50s']",0.9417404842109905,0.444458,0.461776,0.461776,0.579952,0.570633,0.570633,664474466430257.9,670266132472505.1,670266132472505.1,53.85,19260817.0,0.547392,0.581761,0.581761
50.0,0.1,"['AFLCA_votes', 'Disposals', 'Contested Possessions', 'Goals', 'Centre Clearances', 'Intercepts', 'Clearances', 'Marks Inside 50', 'Hitouts', 'Handballs', 'Behinds', 'Contested Marks', 'Bounces', 'Ineffective Disposals', 'Stoppage Clearances', 'Tackles Inside 50', 'Rebound 50s', 'One Percenters', 'Goal Assists', 'Uncontested Possessions', 'Frees Agains', 'Inside 50s']",0.9417404842109905,0.490429,0.51376,0.51376,0.555438,0.542376,0.542376,529990401695087.06,533569835570369.56,533569835570369.56,116.78,19260817.0,0.507256,0.580713,0.580713
100.0,0.01,"['AFLCA_votes', 'Disposals', 'Contested Possessions', 'Goals', 'Centre Clearances', 'Intercepts', 'Clearances', 'Marks Inside 50', 'Hitouts', 'Handballs', 'Behinds', 'Contested Marks', 'Bounces', 'Ineffective Disposals', 'Stoppage Clearances', 'Tackles Inside 50', 'Rebound 50s', 'One Percenters', 'Goal Assists', 'Uncontested Possessions', 'Frees Agains', 'Inside 50s']",0.9417404842109905,0.50785,0.539294,0.539294,0.545861,0.527943,0.527943,412228425650333.7,414751656832101.6,414751656832101.6,216.94,19260817.0,0.505215,0.557652,0.557652
100.0,0.1,"['AFLCA_votes', 'Disposals', 'Contested Possessions', 'Goals', 'Centre Clearances', 'Intercepts', 'Clearances', 'Marks Inside 50', 'Hitouts', 'Handballs', 'Behinds', 'Contested Marks', 'Bounces', 'Ineffective Disposals', 'Stoppage Clearances', 'Tackles Inside 50', 'Rebound 50s', 'One Percenters', 'Goal Assists', 'Uncontested Possessions', 'Frees Agains', 'Inside 50s', 'Frees For']",0.9470934756360015,0.469671,0.488171,0.488171,0.566639,0.556465,0.556465,635027212581931.4,640060100802445.5,640060100802445.5,236.39,19260817.0,0.523583,0.584906,0.584906
400.0,0.1,"['AFLCA_votes', 'Disposals', 'Contested Possessions', 'Goals', 'Centre Clearances', 'Intercepts', 'Clearances', 'Marks Inside 50', 'Hitouts', 'Handballs', 'Behinds', 'Contested Marks', 'Bounces', 'Ineffective Disposals', 'Stoppage Clearances', 'Tackles Inside 50', 'Rebound 50s', 'One Percenters', 'Goal Assists', 'Uncontested Possessions', 'Frees Agains', 'Inside 50s']",0.9417404842109905,0.452929,0.468765,0.468765,0.575513,0.566916,0.566916,699281208573403.2,707216586682133.5,707216586682133.5,438.37,19260817.0,0.537642,0.60587,0.60587
200.0,0.01,"['AFLCA_votes', 'Disposals', 'Contested Possessions', 'Goals', 'Centre Clearances', 'Intercepts', 'Clearances', 'Marks Inside 50', 'Hitouts', 'Handballs', 'Behinds', 'Contested Marks', 'Bounces', 'Ineffective Disposals', 'Stoppage Clearances', 'Tackles Inside 50', 'Rebound 50s', 'One Percenters', 'Goal Assists', 'Uncontested Possessions', 'Frees Agains', 'Inside 50s']",0.9417404842109905,0.507656,0.536543,0.536543,0.545969,0.529517,0.529517,462378798037303.1,459208624323449.0,459208624323449.0,439.07,19260817.0,0.504989,0.57652,0.57652
200.0,1.0,"['AFLCA_votes', 'Disposals', 'Contested Possessions', 'Goals', 'Centre Clearances', 'Intercepts', 'Clearances', 'Marks Inside 50', 'Hitouts', 'Handballs', 'Behinds', 'Contested Marks', 'Bounces', 'Ineffective Disposals', 'Stoppage Clearances', 'Tackles Inside 50', 'Rebound 50s', 'One Percenters', 'Goal Assists', 'Uncontested Possessions', 'Frees Agains', 'Inside 50s']",0.9417404842109905,0.444458,0.461776,0.461776,0.579952,0.570633,0.570633,664474466430257.9,670266132472505.1,670266132472505.1,53.42,19260817.0,0.547392,0.581761,0.581761
200.0,0.1,"['AFLCA_votes', 'Disposals', 'Contested Possessions', 'Goals', 'Centre Clearances', 'Intercepts', 'Clearances', 'Marks Inside 50', 'Hitouts', 'Handballs', 'Behinds', 'Contested Marks', 'Bounces', 'Ineffective Disposals', 'Stoppage Clearances', 'Tackles Inside 50', 'Rebound 50s', 'One Percenters', 'Goal Assists', 'Uncontested Possessions', 'Frees Agains', 'Inside 50s', 'Frees For']",0.9470934756360015,0.452929,0.468765,0.468765,0.575513,0.566916,0.566916,699281208573403.2,707216586682133.5,707216586682133.5,453.44,19260817.0,0.537642,0.60587,0.60587
400.0,0.01,"['AFLCA_votes', 'Disposals', 'Contested Possessions', 'Goals', 'Centre Clearances', 'Intercepts', 'Clearances', 'Marks Inside 50', 'Hitouts', 'Handballs', 'Behinds', 'Contested Marks', 'Bounces', 'Ineffective Disposals', 'Stoppage Clearances', 'Tackles Inside 50', 'Rebound 50s', 'One Percenters', 'Goal Assists', 'Uncontested Possessions', 'Frees Agains', 'Inside 50s']",0.9417404842109905,0.493699,0.518029,0.518029,0.553653,0.53999,0.53999,514539102007599.4,516763902713332.0,516763902713332.0,896.62,19260817.0,0.510431,0.580713,0.580713
400.0,1.0,"['AFLCA_votes', 'Disposals', 'Contested Possessions', 'Goals', 'Centre Clearances', 'Intercepts', 'Clearances', 'Marks Inside 50', 'Hitouts', 'Handballs', 'Behinds', 'Contested Marks', 'Bounces', 'Ineffective Disposals', 'Stoppage Clearances', 'Tackles Inside 50', 'Rebound 50s', 'One Percenters', 'Goal Assists', 'Uncontested Possessions', 'Frees Agains', 'Inside 50s']",0.9417404842109905,0.444458,0.461776,0.461776,0.579952,0.570633,0.570633,664474466430257.9,670266132472505.1,670266132472505.1,53.93,19260817.0,0.547392,0.581761,0.581761
400.0,0.1,"['AFLCA_votes', 'Disposals', 'Contested Possessions', 'Goals', 'Centre Clearances', 'Intercepts', 'Clearances', 'Marks Inside 50', 'Hitouts', 'Handballs', 'Behinds', 'Contested Marks', 'Bounces', 'Ineffective Disposals', 'Stoppage Clearances', 'Tackles Inside 50', 'Rebound 50s', 'One Percenters', 'Goal Assists', 'Uncontested Possessions', 'Frees Agains', 'Inside 50s', 'Frees For']",0.9470934756360015,0.452929,0.468765,0.468765,0.575513,0.566916,0.566916,699281208573403.2,707216586682133.5,707216586682133.5,457.37,19260817.0,0.537642,0.60587,0.60587
200.0,0.01,"['AFLCA_votes', 'Disposals', 'Contested Possessions', 'Goals', 'Centre Clearances', 'Intercepts', 'Clearances', 'Marks Inside 50', 'Hitouts', 'Handballs', 'Behinds', 'Contested Marks', 'Bounces', 'Ineffective Disposals', 'Stoppage Clearances', 'Tackles Inside 50', 'Rebound 50s', 'One Percenters', 'Goal Assists', 'Uncontested Possessions', 'Frees Agains', 'Inside 50s', 'Frees For']",0.9470934756360015,0.507656,0.536543,0.536543,0.545969,0.529517,0.529517,462378798037303.1,459208624323449.0,459208624323449.0,455.87,19260817.0,0.504989,0.57652,0.57652
200.0,1.0,"['AFLCA_votes', 'Disposals', 'Contested Possessions', 'Goals', 'Centre Clearances', 'Intercepts', 'Clearances', 'Marks Inside 50', 'Hitouts', 'Handballs', 'Behinds', 'Contested Marks', 'Bounces', 'Ineffective Disposals', 'Stoppage Clearances', 'Tackles Inside 50', 'Rebound 50s', 'One Percenters', 'Goal Assists', 'Uncontested Possessions', 'Frees Agains', 'Inside 50s', 'Frees For']",0.9470934756360015,0.444458,0.461776,0.461776,0.579952,0.570633,0.570633,664474466430257.9,670266132472505.1,670266132472505.1,56.6,19260817.0,0.547392,0.581761,0.581761
200.0,0.1,"['AFLCA_votes', 'Disposals', 'Contested Possessions', 'Goals', 'Centre Clearances', 'Intercepts', 'Clearances', 'Marks Inside 50', 'Hitouts', 'Handballs', 'Behinds', 'Contested Marks', 'Bounces', 'Ineffective Disposals', 'Stoppage Clearances', 'Tackles Inside 50', 'Rebound 50s', 'One Percenters', 'Goal Assists', 'Uncontested Possessions', 'Frees Agains', 'Inside 50s', 'Frees For', 'Metres Gained']",0.9523402288050722,0.453165,0.469103,0.469103,0.575389,0.566736,0.566736,698802863173013.2,706739934124076.2,706739934124076.2,478.24,19260817.0,0.537188,0.590147,0.590147
